model_name,input_token,output_token,latency_sec,tps
hunyuan-mt-7b,103,33,32.174,1.03
hunyuan-mt-7b,149,65,32.5322,2.0
hunyuan-mt-7b,308,202,34.1735,5.91
hunyuan-mt-7b,102,29,5.5909,5.19
hunyuan-mt-7b,104,29,5.5764,5.2
hunyuan-mt-7b,114,34,5.7029,5.96
hunyuan-mt-7b,112,34,5.7055,5.96
hunyuan-mt-7b,116,42,5.8469,7.18
hunyuan-mt-7b,123,55,6.073,9.06
hunyuan-mt-7b,162,66,6.2782,10.51
hunyuan-mt-7b,196,91,6.6764,13.63
hunyuan-mt-7b,196,98,6.7961,14.42
hunyuan-mt-7b,223,110,7.0157,15.68
hunyuan-mt-7b,114,50,0.9107,54.91
hunyuan-mt-7b,254,136,7.4558,18.24
hunyuan-mt-7b,258,145,7.6155,19.04
hunyuan-mt-7b,252,151,7.7416,19.5
hunyuan-mt-7b,295,156,7.8317,19.92
hunyuan-mt-7b,261,159,7.9107,20.1
hunyuan-mt-7b,116,41,0.7668,53.47
hunyuan-mt-7b,266,167,8.0735,20.68
hunyuan-mt-7b,311,173,8.176,21.16
hunyuan-mt-7b,269,153,2.8095,54.46
hunyuan-mt-7b,272,157,2.8461,55.16
hunyuan-mt-7b,277,166,3.0123,55.11
hunyuan-mt-7b,347,204,8.7553,23.3
hunyuan-mt-7b,384,210,8.8666,23.68
hunyuan-mt-7b,302,169,3.0685,55.08
hunyuan-mt-7b,323,182,3.3757,53.92
hunyuan-mt-7b,351,215,8.9766,23.95
hunyuan-mt-7b,372,222,9.1164,24.35
hunyuan-mt-7b,278,165,3.0453,54.18
hunyuan-mt-7b,401,233,9.3241,24.99
hunyuan-mt-7b,405,239,9.4517,25.29
hunyuan-mt-7b,384,240,9.4644,25.36
hunyuan-mt-7b,412,255,9.7417,26.18
hunyuan-mt-7b,361,256,9.738,26.29
hunyuan-mt-7b,386,262,9.8822,26.51
hunyuan-mt-7b,470,264,9.9152,26.63
hunyuan-mt-7b,239,127,2.4695,51.43
hunyuan-mt-7b,116,53,1.0874,48.74
hunyuan-mt-7b,235,126,2.3813,52.91
hunyuan-mt-7b,495,302,10.5632,28.59
hunyuan-mt-7b,248,141,2.6634,52.94
hunyuan-mt-7b,105,50,0.9702,51.54
hunyuan-mt-7b,192,83,1.5794,52.55
hunyuan-mt-7b,255,147,2.7984,52.53
hunyuan-mt-7b,202,98,1.9057,51.42
hunyuan-mt-7b,131,49,0.9638,50.84
hunyuan-mt-7b,131,50,0.9883,50.59
hunyuan-mt-7b,379,227,4.3464,52.23
hunyuan-mt-7b,313,175,3.4331,50.97
hunyuan-mt-7b,213,91,1.786,50.95
hunyuan-mt-7b,227,120,2.3357,51.38
hunyuan-mt-7b,347,192,3.7183,51.64
hunyuan-mt-7b,570,361,11.7567,30.71
hunyuan-mt-7b,313,174,3.3586,51.81
hunyuan-mt-7b,347,189,3.6253,52.13
hunyuan-mt-7b,602,375,12.0039,31.24
hunyuan-mt-7b,147,61,1.188,51.35
hunyuan-mt-7b,280,157,2.9942,52.43
hunyuan-mt-7b,136,70,1.3347,52.45
hunyuan-mt-7b,251,132,2.5536,51.69
hunyuan-mt-7b,267,155,2.9759,52.08
hunyuan-mt-7b,362,223,4.2767,52.14
hunyuan-mt-7b,285,196,3.8152,51.37
hunyuan-mt-7b,333,191,3.7117,51.46
hunyuan-mt-7b,207,96,1.9627,48.91
hunyuan-mt-7b,387,256,4.9865,51.34
hunyuan-mt-7b,214,120,2.4452,49.08
hunyuan-mt-7b,486,308,5.9343,51.9
hunyuan-mt-7b,648,421,12.9884,32.41
hunyuan-mt-7b,374,216,4.2477,50.85
hunyuan-mt-7b,135,60,1.2947,46.34
hunyuan-mt-7b,109,31,0.7372,42.05
hunyuan-mt-7b,140,62,1.3357,46.42
hunyuan-mt-7b,260,139,2.8086,49.49
hunyuan-mt-7b,175,85,1.748,48.63
hunyuan-mt-7b,389,231,4.518,51.13
hunyuan-mt-7b,120,53,1.0593,50.03
hunyuan-mt-7b,379,222,4.3447,51.1
hunyuan-mt-7b,190,84,1.7462,48.1
hunyuan-mt-7b,157,69,1.3901,49.64
hunyuan-mt-7b,333,189,3.8007,49.73
hunyuan-mt-7b,155,65,1.2604,51.57
hunyuan-mt-7b,317,175,3.4382,50.9
hunyuan-mt-7b,259,135,2.7086,49.84
hunyuan-mt-7b,360,196,3.967,49.41
hunyuan-mt-7b,285,156,3.1401,49.68
hunyuan-mt-7b,404,246,4.8821,50.39
hunyuan-mt-7b,326,175,3.5031,49.96
hunyuan-mt-7b,683,417,8.0992,51.49
hunyuan-mt-7b,231,117,2.401,48.73
hunyuan-mt-7b,203,94,1.8985,49.51
hunyuan-mt-7b,357,203,4.0375,50.28
hunyuan-mt-7b,275,143,2.935,48.72
hunyuan-mt-7b,394,230,4.5873,50.14
hunyuan-mt-7b,136,52,1.0926,47.59
hunyuan-mt-7b,113,39,0.8245,47.3
hunyuan-mt-7b,354,220,4.3895,50.12
hunyuan-mt-7b,156,79,1.6108,49.04
hunyuan-mt-7b,313,179,3.5178,50.88
hunyuan-mt-7b,221,109,2.1651,50.34
hunyuan-mt-7b,341,211,4.2004,50.23
hunyuan-mt-7b,385,235,4.604,51.04
hunyuan-mt-7b,114,33,0.6113,53.98
hunyuan-mt-7b,397,221,4.2637,51.83
hunyuan-mt-7b,250,136,2.6133,52.04
hunyuan-mt-7b,356,187,3.5811,52.22
hunyuan-mt-7b,425,250,4.9158,50.86
hunyuan-mt-7b,161,80,1.4846,53.89
hunyuan-mt-7b,530,342,6.6824,51.18
hunyuan-mt-7b,285,154,2.9028,53.05
hunyuan-mt-7b,355,204,3.9322,51.88
hunyuan-mt-7b,242,127,2.368,53.63
hunyuan-mt-7b,150,82,1.5801,51.89
hunyuan-mt-7b,315,178,3.4778,51.18
hunyuan-mt-7b,340,196,3.826,51.23
hunyuan-mt-7b,313,178,3.458,51.48
hunyuan-mt-7b,394,256,5.0265,50.93
hunyuan-mt-7b,299,165,3.2098,51.41
hunyuan-mt-7b,447,249,4.8723,51.11
hunyuan-mt-7b,260,141,2.7441,51.38
hunyuan-mt-7b,283,184,3.6217,50.8
hunyuan-mt-7b,123,41,0.9218,44.48
hunyuan-mt-7b,332,187,3.6254,51.58
hunyuan-mt-7b,598,310,6.1141,50.7
hunyuan-mt-7b,300,174,3.3261,52.31
hunyuan-mt-7b,294,178,3.402,52.32
hunyuan-mt-7b,414,247,4.782,51.65
hunyuan-mt-7b,385,236,4.4824,52.65
hunyuan-mt-7b,458,288,5.5425,51.96
hunyuan-mt-7b,183,78,1.4628,53.32
hunyuan-mt-7b,138,48,0.8416,57.03
hunyuan-mt-7b,146,55,0.9567,57.49
hunyuan-mt-7b,270,136,2.6205,51.9
hunyuan-mt-7b,375,230,4.3147,53.31
hunyuan-mt-7b,254,125,2.3855,52.4
hunyuan-mt-7b,88,18,0.3337,53.93
hunyuan-mt-7b,108,33,0.5863,56.29
hunyuan-mt-7b,515,304,5.8262,52.18
hunyuan-mt-7b,102,30,0.5717,52.48
hunyuan-mt-7b,274,137,2.6068,52.56
hunyuan-mt-7b,425,261,4.9087,53.17
hunyuan-mt-7b,88,16,0.3395,47.13
hunyuan-mt-7b,297,168,3.2407,51.84
hunyuan-mt-7b,92,26,0.5366,48.46
hunyuan-mt-7b,79,38,0.7385,51.45
hunyuan-mt-7b,153,60,1.1252,53.32
hunyuan-mt-7b,169,73,1.3514,54.02
hunyuan-mt-7b,244,122,2.3039,52.95
hunyuan-mt-7b,366,210,4.0022,52.47
hunyuan-mt-7b,95,27,0.6021,44.84
hunyuan-mt-7b,620,387,7.4681,51.82
hunyuan-mt-7b,105,29,0.6456,44.92
hunyuan-mt-7b,116,34,0.7241,46.96
hunyuan-mt-7b,112,40,0.8859,45.15
hunyuan-mt-7b,307,178,3.4923,50.97
hunyuan-mt-7b,312,152,3.0143,50.43
hunyuan-mt-7b,110,31,0.7121,43.53
hunyuan-mt-7b,348,210,4.1393,50.73
hunyuan-mt-7b,270,148,2.874,51.5
hunyuan-mt-7b,97,22,0.501,43.91
hunyuan-mt-7b,126,40,0.9015,44.37
hunyuan-mt-7b,117,36,0.807,44.61
hunyuan-mt-7b,130,44,0.9805,44.87
hunyuan-mt-7b,85,12,0.291,41.24
hunyuan-mt-7b,331,154,2.9526,52.16
hunyuan-mt-7b,260,158,2.9762,53.09
hunyuan-mt-7b,163,81,1.6549,48.94
hunyuan-mt-7b,169,78,1.5767,49.47
hunyuan-mt-7b,108,31,0.577,53.73
hunyuan-mt-7b,145,65,1.3133,49.49
hunyuan-mt-7b,128,49,0.9307,52.65
hunyuan-mt-7b,132,43,0.8165,52.66
hunyuan-mt-7b,270,191,3.622,52.73
hunyuan-mt-7b,196,89,1.7947,49.59
hunyuan-mt-7b,142,54,1.0221,52.83
hunyuan-mt-7b,206,90,1.7851,50.42
hunyuan-mt-7b,190,87,1.7112,50.84
hunyuan-mt-7b,144,59,1.1066,53.32
hunyuan-mt-7b,155,57,1.0581,53.87
hunyuan-mt-7b,161,70,1.3224,52.93
hunyuan-mt-7b,137,49,0.925,52.97
hunyuan-mt-7b,172,79,1.4878,53.1
hunyuan-mt-7b,101,22,0.4411,49.88
hunyuan-mt-7b,114,34,0.6634,51.25
hunyuan-mt-7b,411,248,4.7723,51.97
hunyuan-mt-7b,85,14,0.2789,50.2
hunyuan-mt-7b,143,54,1.0266,52.6
hunyuan-mt-7b,135,56,1.0614,52.76
hunyuan-mt-7b,501,292,5.6247,51.91
hunyuan-mt-7b,130,46,0.866,53.12
hunyuan-mt-7b,145,53,0.9996,53.02
hunyuan-mt-7b,91,22,0.4289,51.29
hunyuan-mt-7b,188,87,1.5998,54.38
hunyuan-mt-7b,249,145,2.8093,51.61
hunyuan-mt-7b,101,25,0.474,52.75
hunyuan-mt-7b,208,131,2.5191,52.0
hunyuan-mt-7b,112,33,0.6543,50.44
hunyuan-mt-7b,138,54,1.0344,52.21
hunyuan-mt-7b,105,26,0.5268,49.36
hunyuan-mt-7b,169,82,1.5583,52.62
hunyuan-mt-7b,104,29,0.5775,50.22
hunyuan-mt-7b,497,312,5.9756,52.21
hunyuan-mt-7b,103,28,0.5552,50.43
hunyuan-mt-7b,143,45,0.8624,52.18
hunyuan-mt-7b,159,65,1.2548,51.8
hunyuan-mt-7b,85,15,0.3482,43.08
hunyuan-mt-7b,163,75,1.4467,51.84
hunyuan-mt-7b,106,29,0.6328,45.83
hunyuan-mt-7b,81,17,0.3984,42.67
hunyuan-mt-7b,87,18,0.4115,43.74
hunyuan-mt-7b,107,33,0.733,45.02
hunyuan-mt-7b,187,94,1.8489,50.84
hunyuan-mt-7b,423,258,4.9147,52.5
hunyuan-mt-7b,511,298,5.7488,51.84
hunyuan-mt-7b,114,35,0.783,44.7
hunyuan-mt-7b,375,280,5.3393,52.44
hunyuan-mt-7b,90,27,0.6539,41.29
hunyuan-mt-7b,119,56,1.2016,46.6
hunyuan-mt-7b,100,30,0.7057,42.51
hunyuan-mt-7b,139,45,1.0121,44.46
hunyuan-mt-7b,296,180,3.558,50.59
hunyuan-mt-7b,130,55,1.1875,46.31
hunyuan-mt-7b,220,157,3.0321,51.78
hunyuan-mt-7b,511,320,6.151,52.02
hunyuan-mt-7b,82,12,0.2355,50.95
hunyuan-mt-7b,150,65,1.3522,48.07
hunyuan-mt-7b,129,47,0.9791,48.0
hunyuan-mt-7b,209,106,2.0853,50.83
hunyuan-mt-7b,126,48,0.9653,49.73
hunyuan-mt-7b,128,40,0.7863,50.87
hunyuan-mt-7b,188,77,1.5593,49.38
hunyuan-mt-7b,120,38,0.7395,51.39
hunyuan-mt-7b,123,37,0.6721,55.05
hunyuan-mt-7b,258,136,2.6179,51.95
hunyuan-mt-7b,109,31,0.5785,53.59
hunyuan-mt-7b,138,51,0.9172,55.61
hunyuan-mt-7b,183,84,1.6593,50.62
hunyuan-mt-7b,101,32,0.6213,51.51
hunyuan-mt-7b,194,85,1.679,50.63
hunyuan-mt-7b,115,39,0.7411,52.62
hunyuan-mt-7b,153,68,1.2732,53.41
hunyuan-mt-7b,190,87,1.6776,51.86
hunyuan-mt-7b,203,99,1.9719,50.21
hunyuan-mt-7b,410,240,4.6156,52.0
hunyuan-mt-7b,353,244,4.6834,52.1
hunyuan-mt-7b,416,247,4.7393,52.12
hunyuan-mt-7b,104,27,0.549,49.18
hunyuan-mt-7b,106,29,0.5891,49.23
hunyuan-mt-7b,175,82,1.5489,52.94
hunyuan-mt-7b,137,47,0.9023,52.09
hunyuan-mt-7b,212,110,2.1683,50.73
hunyuan-mt-7b,106,29,0.6066,47.81
hunyuan-mt-7b,93,25,0.5154,48.51
hunyuan-mt-7b,197,95,1.8212,52.16
hunyuan-mt-7b,211,102,1.9509,52.28
hunyuan-mt-7b,173,82,1.5405,53.23
hunyuan-mt-7b,98,22,0.4667,47.14
hunyuan-mt-7b,92,21,0.4481,46.86
hunyuan-mt-7b,152,75,1.4341,52.3
hunyuan-mt-7b,139,69,1.3244,52.1
hunyuan-mt-7b,189,105,2.0113,52.21
hunyuan-mt-7b,153,71,1.3758,51.61
hunyuan-mt-7b,100,23,0.5009,45.91
hunyuan-mt-7b,141,61,1.1971,50.96
hunyuan-mt-7b,111,31,0.6522,47.53
hunyuan-mt-7b,84,16,0.3842,41.64
hunyuan-mt-7b,432,262,5.0241,52.15
hunyuan-mt-7b,225,119,2.3095,51.53
hunyuan-mt-7b,104,24,0.5382,44.6
hunyuan-mt-7b,95,20,0.4615,43.34
hunyuan-mt-7b,218,134,2.6649,50.28
hunyuan-mt-7b,88,16,0.3843,41.64
hunyuan-mt-7b,94,19,0.4417,43.01
hunyuan-mt-7b,105,27,0.5982,45.13
hunyuan-mt-7b,92,19,0.439,43.28
hunyuan-mt-7b,170,76,1.5098,50.34
hunyuan-mt-7b,282,146,2.9048,50.26
hunyuan-mt-7b,102,27,0.6074,44.45
hunyuan-mt-7b,104,28,0.5729,48.88
hunyuan-mt-7b,140,56,1.1315,49.49
hunyuan-mt-7b,89,18,0.3559,50.58
hunyuan-mt-7b,118,38,0.7655,49.64
hunyuan-mt-7b,107,32,0.6373,50.21
hunyuan-mt-7b,281,156,3.0295,51.49
hunyuan-mt-7b,129,49,1.0067,48.67
hunyuan-mt-7b,96,22,0.4515,48.72
hunyuan-mt-7b,116,36,0.7144,50.39
hunyuan-mt-7b,155,61,1.236,49.35
hunyuan-mt-7b,146,48,0.9822,48.87
hunyuan-mt-7b,190,87,1.7401,50.0
hunyuan-mt-7b,118,36,0.7043,51.11
hunyuan-mt-7b,153,63,1.2763,49.36
hunyuan-mt-7b,127,53,1.0608,49.96
hunyuan-mt-7b,121,54,1.0979,49.18
hunyuan-mt-7b,167,78,1.5608,49.97
hunyuan-mt-7b,148,58,1.1394,50.91
hunyuan-mt-7b,131,47,0.9024,52.09
hunyuan-mt-7b,127,47,0.901,52.17
hunyuan-mt-7b,134,47,0.9014,52.14
hunyuan-mt-7b,131,49,0.9359,52.35
hunyuan-mt-7b,230,114,2.25,50.67
hunyuan-mt-7b,118,41,0.8088,50.69
hunyuan-mt-7b,200,83,1.6307,50.9
hunyuan-mt-7b,134,40,0.7907,50.59
hunyuan-mt-7b,111,32,0.6377,50.18
hunyuan-mt-7b,188,96,1.9,50.53
hunyuan-mt-7b,151,74,1.4365,51.51
hunyuan-mt-7b,119,35,0.7087,49.38
hunyuan-mt-7b,106,30,0.5978,50.18
hunyuan-mt-7b,162,86,1.6848,51.04
hunyuan-mt-7b,128,43,0.8525,50.44
hunyuan-mt-7b,79,11,0.2447,44.96
hunyuan-mt-7b,141,56,1.0956,51.11
hunyuan-mt-7b,93,20,0.4147,48.23
hunyuan-mt-7b,150,53,1.0305,51.43
hunyuan-mt-7b,96,21,0.4352,48.25
hunyuan-mt-7b,244,139,2.7136,51.22
hunyuan-mt-7b,122,40,0.7661,52.21
hunyuan-mt-7b,92,31,0.6214,49.89
hunyuan-mt-7b,104,31,0.6417,48.31
hunyuan-mt-7b,96,22,0.4872,45.15
hunyuan-mt-7b,96,23,0.5014,45.88
hunyuan-mt-7b,86,19,0.4216,45.07
hunyuan-mt-7b,361,209,4.0393,51.74
hunyuan-mt-7b,89,18,0.3975,45.28
hunyuan-mt-7b,126,56,1.1304,49.54
hunyuan-mt-7b,118,41,0.8546,47.97
hunyuan-mt-7b,155,56,1.1253,49.76
hunyuan-mt-7b,183,74,1.4884,49.72
hunyuan-mt-7b,129,45,0.9344,48.16
hunyuan-mt-7b,149,58,1.1644,49.81
hunyuan-mt-7b,131,48,0.9858,48.69
hunyuan-mt-7b,160,66,1.3119,50.31
hunyuan-mt-7b,128,39,0.8126,48.0
hunyuan-mt-7b,89,19,0.4025,47.21
hunyuan-mt-7b,97,24,0.5261,45.62
hunyuan-mt-7b,115,34,0.7305,46.54
hunyuan-mt-7b,107,31,0.6671,46.47
hunyuan-mt-7b,87,15,0.3184,47.11
hunyuan-mt-7b,184,85,1.6794,50.61
hunyuan-mt-7b,119,35,0.7393,47.34
hunyuan-mt-7b,183,80,1.5878,50.38
hunyuan-mt-7b,104,28,0.5855,47.82
hunyuan-mt-7b,141,53,1.0799,49.08
hunyuan-mt-7b,113,32,0.6522,49.06
hunyuan-mt-7b,270,173,3.3818,51.16
hunyuan-mt-7b,149,62,1.2613,49.16
hunyuan-mt-7b,124,44,0.9135,48.17
hunyuan-mt-7b,88,17,0.3649,46.58
hunyuan-mt-7b,241,131,2.5334,51.71
hunyuan-mt-7b,96,25,0.514,48.64
hunyuan-mt-7b,116,31,0.6275,49.4
hunyuan-mt-7b,94,23,0.4764,48.28
hunyuan-mt-7b,137,51,1.0283,49.6
hunyuan-mt-7b,145,56,1.1441,48.94
hunyuan-mt-7b,158,65,1.3073,49.72
hunyuan-mt-7b,91,20,0.4106,48.71
hunyuan-mt-7b,122,38,0.765,49.67
hunyuan-mt-7b,106,26,0.5386,48.27
hunyuan-mt-7b,114,43,0.8507,50.55
hunyuan-mt-7b,137,52,1.0307,50.45
hunyuan-mt-7b,119,36,0.7365,48.88
hunyuan-mt-7b,135,54,1.0878,49.64
hunyuan-mt-7b,164,62,1.3005,47.67
hunyuan-mt-7b,111,32,0.6992,45.77
hunyuan-mt-7b,97,20,0.4609,43.39
hunyuan-mt-7b,106,26,0.563,46.18
hunyuan-mt-7b,113,35,0.7332,47.73
hunyuan-mt-7b,166,69,1.4257,48.4
hunyuan-mt-7b,101,30,0.6467,46.39
hunyuan-mt-7b,138,54,1.0997,49.11
hunyuan-mt-7b,277,162,3.1771,50.99
hunyuan-mt-7b,103,29,0.639,45.38
hunyuan-mt-7b,153,72,1.4855,48.47
hunyuan-mt-7b,90,20,0.4574,43.73
hunyuan-mt-7b,114,36,0.7697,46.77
hunyuan-mt-7b,168,72,1.4793,48.67
hunyuan-mt-7b,124,51,1.0706,47.64
hunyuan-mt-7b,93,20,0.4621,43.28
hunyuan-mt-7b,122,51,1.0703,47.65
hunyuan-mt-7b,98,27,0.6144,43.94
hunyuan-mt-7b,131,50,1.07,46.73
hunyuan-mt-7b,175,78,1.5854,49.2
hunyuan-mt-7b,173,73,1.4999,48.67
hunyuan-mt-7b,100,26,0.5556,46.8
hunyuan-mt-7b,124,39,0.8208,47.52
hunyuan-mt-7b,101,28,0.6056,46.23
hunyuan-mt-7b,122,40,0.8241,48.54
hunyuan-mt-7b,105,42,0.8602,48.82
hunyuan-mt-7b,121,36,0.7496,48.03
hunyuan-mt-7b,93,18,0.3869,46.53
hunyuan-mt-7b,124,43,0.8823,48.74
hunyuan-mt-7b,111,41,0.8508,48.19
hunyuan-mt-7b,109,39,0.8,48.75
hunyuan-mt-7b,125,38,0.7851,48.4
hunyuan-mt-7b,157,70,1.4621,47.88
hunyuan-mt-7b,87,16,0.3865,41.39
hunyuan-mt-7b,156,69,1.4456,47.73
hunyuan-mt-7b,93,21,0.472,44.49
hunyuan-mt-7b,136,69,1.4334,48.14
hunyuan-mt-7b,140,55,1.1322,48.58
hunyuan-mt-7b,137,48,0.9731,49.33
hunyuan-mt-7b,174,78,1.5907,49.03
hunyuan-mt-7b,189,88,1.7704,49.71
hunyuan-mt-7b,114,35,0.6625,52.83
hunyuan-mt-7b,157,67,1.2745,52.57
hunyuan-mt-7b,178,74,1.4258,51.9
hunyuan-mt-7b,175,80,1.5515,51.56
hunyuan-mt-7b,181,91,1.8011,50.52
hunyuan-mt-7b,169,93,1.8356,50.67
hunyuan-mt-7b,199,95,1.8782,50.58
hunyuan-mt-7b,207,97,1.9242,50.41
hunyuan-mt-7b,136,50,0.9494,52.67
hunyuan-mt-7b,164,73,1.4029,52.04
hunyuan-mt-7b,122,36,0.6636,54.25
hunyuan-mt-7b,88,26,0.5069,51.29
hunyuan-mt-7b,195,82,1.575,52.06
hunyuan-mt-7b,115,49,0.9077,53.98
hunyuan-mt-7b,227,111,2.1903,50.68
hunyuan-mt-7b,132,47,0.8747,53.73
hunyuan-mt-7b,116,43,0.798,53.88
hunyuan-mt-7b,141,60,1.1429,52.5
hunyuan-mt-7b,149,76,1.4443,52.62
hunyuan-mt-7b,153,73,1.385,52.71
hunyuan-mt-7b,151,75,1.4253,52.62
hunyuan-mt-7b,109,31,0.6317,49.08
hunyuan-mt-7b,125,46,0.8885,51.77
hunyuan-mt-7b,155,61,1.1431,53.36
hunyuan-mt-7b,95,32,0.6361,50.31
hunyuan-mt-7b,124,44,0.8689,50.64
hunyuan-mt-7b,77,19,0.3886,48.89
hunyuan-mt-7b,127,44,0.8503,51.74
hunyuan-mt-7b,127,45,0.8622,52.19
hunyuan-mt-7b,163,76,1.3989,54.33
hunyuan-mt-7b,172,90,1.6749,53.74
hunyuan-mt-7b,217,103,1.9036,54.11
hunyuan-mt-7b,82,13,0.2502,51.96
hunyuan-mt-7b,254,131,2.4488,53.49
hunyuan-mt-7b,138,62,1.1675,53.11
hunyuan-mt-7b,131,62,1.1695,53.01
hunyuan-mt-7b,149,62,1.1596,53.47
hunyuan-mt-7b,102,44,0.8126,54.15
hunyuan-mt-7b,146,52,0.9914,52.45
hunyuan-mt-7b,108,32,0.6166,51.89
hunyuan-mt-7b,215,104,1.9323,53.82
hunyuan-mt-7b,132,47,0.8983,52.32
hunyuan-mt-7b,101,26,0.5188,50.12
hunyuan-mt-7b,100,25,0.5029,49.71
hunyuan-mt-7b,136,49,0.922,53.15
hunyuan-mt-7b,158,64,1.1989,53.38
hunyuan-mt-7b,291,162,3.0599,52.94
hunyuan-mt-7b,89,18,0.3572,50.39
hunyuan-mt-7b,123,57,1.0702,53.26
hunyuan-mt-7b,183,85,1.5879,53.53
hunyuan-mt-7b,137,53,0.9994,53.03
hunyuan-mt-7b,272,145,2.7191,53.33
hunyuan-mt-7b,107,28,0.5786,48.39
hunyuan-mt-7b,165,69,1.303,52.96
hunyuan-mt-7b,99,28,0.5839,47.95
hunyuan-mt-7b,103,26,0.5134,50.64
hunyuan-mt-7b,188,82,1.5491,52.93
hunyuan-mt-7b,115,37,0.7487,49.42
hunyuan-mt-7b,159,71,1.3499,52.6
hunyuan-mt-7b,114,42,0.8359,50.25
hunyuan-mt-7b,145,53,1.0242,51.75
hunyuan-mt-7b,84,13,0.2802,46.4
hunyuan-mt-7b,187,84,1.5924,52.75
hunyuan-mt-7b,129,45,0.8686,51.81
hunyuan-mt-7b,84,13,0.2728,47.66
hunyuan-mt-7b,140,52,1.019,51.03
hunyuan-mt-7b,113,35,0.7023,49.83
hunyuan-mt-7b,99,26,0.5379,48.33
hunyuan-mt-7b,166,75,1.4279,52.53
hunyuan-mt-7b,103,28,0.5793,48.33
hunyuan-mt-7b,130,43,0.861,49.94
hunyuan-mt-7b,146,55,1.0715,51.33
hunyuan-mt-7b,110,33,0.6703,49.23
hunyuan-mt-7b,114,35,0.7011,49.92
hunyuan-mt-7b,275,170,3.1846,53.38
hunyuan-mt-7b,122,40,0.8086,49.47
hunyuan-mt-7b,142,92,1.7477,52.64
hunyuan-mt-7b,163,43,0.8659,49.66
hunyuan-mt-7b,138,69,1.3546,50.94
hunyuan-mt-7b,224,137,2.6008,52.68
hunyuan-mt-7b,154,69,1.362,50.66
hunyuan-mt-7b,83,12,0.2635,45.55
hunyuan-mt-7b,77,8,0.1929,41.46
hunyuan-mt-7b,107,44,0.8692,50.62
hunyuan-mt-7b,192,92,1.7669,52.07
hunyuan-mt-7b,81,12,0.2571,46.67
hunyuan-mt-7b,164,64,1.2509,51.16
hunyuan-mt-7b,88,17,0.3445,49.35
hunyuan-mt-7b,177,77,1.4768,52.14
hunyuan-mt-7b,138,63,1.2287,51.28
hunyuan-mt-7b,253,148,2.7934,52.98
hunyuan-mt-7b,92,41,0.7978,51.39
hunyuan-mt-7b,164,61,1.179,51.74
hunyuan-mt-7b,96,24,0.4773,50.28
hunyuan-mt-7b,97,23,0.4568,50.35
hunyuan-mt-7b,122,36,0.6918,52.04
hunyuan-mt-7b,111,31,0.6004,51.63
hunyuan-mt-7b,126,45,0.8788,51.2
hunyuan-mt-7b,150,55,1.0627,51.76
hunyuan-mt-7b,111,43,0.8305,51.77
hunyuan-mt-7b,86,17,0.3408,49.88
hunyuan-mt-7b,82,13,0.2853,45.56
hunyuan-mt-7b,106,29,0.5723,50.67
hunyuan-mt-7b,98,24,0.4766,50.36
hunyuan-mt-7b,114,35,0.683,51.25
hunyuan-mt-7b,164,54,1.0456,51.64
hunyuan-mt-7b,116,35,0.6723,52.06
hunyuan-mt-7b,129,43,0.8219,52.32
hunyuan-mt-7b,145,66,1.2671,52.09
hunyuan-mt-7b,184,94,1.7899,52.52
hunyuan-mt-7b,162,67,1.2772,52.46
hunyuan-mt-7b,97,25,0.4918,50.84
hunyuan-mt-7b,99,23,0.4592,50.08
hunyuan-mt-7b,126,46,0.8629,53.31
hunyuan-mt-7b,183,81,1.5391,52.63
hunyuan-mt-7b,93,30,0.5746,52.21
hunyuan-mt-7b,82,33,0.6452,51.15
hunyuan-mt-7b,93,20,0.3976,50.3
hunyuan-mt-7b,110,29,0.58,50.0
hunyuan-mt-7b,197,90,1.7176,52.4
hunyuan-mt-7b,119,43,0.8285,51.9
hunyuan-mt-7b,90,24,0.4711,50.95
hunyuan-mt-7b,125,46,0.8901,51.68
hunyuan-mt-7b,141,63,1.2144,51.88
hunyuan-mt-7b,127,51,0.9906,51.49
hunyuan-mt-7b,118,43,0.8447,50.91
hunyuan-mt-7b,85,26,0.5242,49.6
hunyuan-mt-7b,427,263,4.9245,53.41
hunyuan-mt-7b,134,46,0.931,49.41
hunyuan-mt-7b,84,37,0.766,48.31
hunyuan-mt-7b,145,53,1.0469,50.63
hunyuan-mt-7b,91,18,0.4146,43.41
hunyuan-mt-7b,99,25,0.5317,47.02
hunyuan-mt-7b,89,18,0.4131,43.57
hunyuan-mt-7b,109,34,0.6919,49.14
hunyuan-mt-7b,101,25,0.5412,46.19
hunyuan-mt-7b,200,94,1.8166,51.75
hunyuan-mt-7b,90,19,0.4238,44.83
hunyuan-mt-7b,108,31,0.6448,48.08
hunyuan-mt-7b,141,51,1.0129,50.35
hunyuan-mt-7b,98,26,0.5628,46.2
hunyuan-mt-7b,108,29,0.6173,46.98
hunyuan-mt-7b,108,26,0.5488,47.38
hunyuan-mt-7b,83,11,0.248,44.35
hunyuan-mt-7b,78,9,0.1972,45.63
hunyuan-mt-7b,122,47,0.9522,49.36
hunyuan-mt-7b,135,47,0.9614,48.89
hunyuan-mt-7b,93,20,0.4312,46.38
hunyuan-mt-7b,98,21,0.4438,47.32
hunyuan-mt-7b,117,36,0.7477,48.14
hunyuan-mt-7b,104,29,0.5866,49.43
hunyuan-mt-7b,93,29,0.5906,49.11
hunyuan-mt-7b,103,24,0.5063,47.4
hunyuan-mt-7b,225,109,2.1061,51.75
hunyuan-mt-7b,95,22,0.464,47.41
hunyuan-mt-7b,107,68,1.3404,50.73
hunyuan-mt-7b,122,45,0.946,47.57
hunyuan-mt-7b,245,129,2.509,51.42
hunyuan-mt-7b,102,36,0.7421,48.51
hunyuan-mt-7b,106,29,0.6178,46.94
hunyuan-mt-7b,131,51,1.0626,47.99
hunyuan-mt-7b,100,47,0.9688,48.51
hunyuan-mt-7b,84,17,0.3734,45.53
hunyuan-mt-7b,89,15,0.3328,45.07
hunyuan-mt-7b,130,56,1.1402,49.11
hunyuan-mt-7b,84,13,0.2914,44.61
hunyuan-mt-7b,116,37,0.7654,48.34
hunyuan-mt-7b,97,27,0.5702,47.35
hunyuan-mt-7b,86,21,0.4512,46.54
hunyuan-mt-7b,133,64,1.2975,49.33
hunyuan-mt-7b,129,45,0.9192,48.96
hunyuan-mt-7b,95,22,0.4424,49.73
hunyuan-mt-7b,157,66,1.3139,50.23
hunyuan-mt-7b,138,53,1.0461,50.67
hunyuan-mt-7b,117,32,0.6031,53.06
hunyuan-mt-7b,122,77,1.5019,51.27
hunyuan-mt-7b,132,48,0.9284,51.7
hunyuan-mt-7b,94,24,0.4673,51.36
hunyuan-mt-7b,117,41,0.7783,52.68
hunyuan-mt-7b,148,62,1.2098,51.25
hunyuan-mt-7b,98,24,0.448,53.57
hunyuan-mt-7b,190,94,1.849,50.84
hunyuan-mt-7b,108,31,0.6257,49.54
hunyuan-mt-7b,98,31,0.625,49.6
hunyuan-mt-7b,196,127,2.4794,51.22
hunyuan-mt-7b,109,32,0.6283,50.93
hunyuan-mt-7b,151,68,1.3039,52.15
hunyuan-mt-7b,158,67,1.2779,52.43
hunyuan-mt-7b,111,35,0.6745,51.89
hunyuan-mt-7b,198,104,2.0097,51.75
hunyuan-mt-7b,156,67,1.2716,52.69
hunyuan-mt-7b,141,53,1.0123,52.35
hunyuan-mt-7b,100,25,0.5166,48.39
hunyuan-mt-7b,121,50,0.9581,52.18
hunyuan-mt-7b,88,16,0.3253,49.18
hunyuan-mt-7b,81,24,0.4856,49.43
hunyuan-mt-7b,101,25,0.517,48.36
hunyuan-mt-7b,195,87,1.7147,50.74
hunyuan-mt-7b,202,92,1.8104,50.82
hunyuan-mt-7b,222,116,2.2691,51.12
hunyuan-mt-7b,153,69,1.3594,50.76
hunyuan-mt-7b,140,56,1.112,50.36
hunyuan-mt-7b,104,30,0.6228,48.17
hunyuan-mt-7b,157,60,1.1753,51.05
hunyuan-mt-7b,82,19,0.4231,44.91
hunyuan-mt-7b,101,25,0.5503,45.43
hunyuan-mt-7b,209,101,1.9699,51.27
hunyuan-mt-7b,229,95,1.855,51.21
hunyuan-mt-7b,128,56,1.1308,49.52
hunyuan-mt-7b,173,85,1.6774,50.67
hunyuan-mt-7b,103,28,0.6075,46.09
hunyuan-mt-7b,192,100,1.9498,51.29
hunyuan-mt-7b,111,31,0.6894,44.97
hunyuan-mt-7b,92,24,0.5249,45.72
hunyuan-mt-7b,89,24,0.5265,45.59
hunyuan-mt-7b,203,103,2.0895,49.29
hunyuan-mt-7b,142,48,1.1011,43.59
hunyuan-mt-7b,164,69,1.5213,45.36
hunyuan-mt-7b,117,38,0.8957,42.43
hunyuan-mt-7b,82,18,0.5191,34.68
hunyuan-mt-7b,85,24,0.672,35.71
hunyuan-mt-7b,138,38,0.9976,38.09
hunyuan-mt-7b,102,25,0.8047,31.07
hunyuan-mt-7b,100,26,0.8179,31.79
hunyuan-mt-7b,148,84,1.9824,42.37
hunyuan-mt-7b,81,11,0.2916,37.73
hunyuan-mt-7b,169,87,2.0552,42.33
hunyuan-mt-7b,120,32,0.9526,33.59
hunyuan-mt-7b,154,64,1.6203,39.5
hunyuan-mt-7b,194,91,2.1574,42.18
hunyuan-mt-7b,111,43,1.2774,33.66
hunyuan-mt-7b,152,72,1.8736,38.43
hunyuan-mt-7b,217,104,2.4695,42.11
hunyuan-mt-7b,293,162,3.5513,45.62
hunyuan-mt-7b,119,31,0.7678,40.37
hunyuan-mt-7b,173,80,1.969,40.63
hunyuan-mt-7b,240,123,2.7881,44.12
hunyuan-mt-7b,120,34,0.6451,52.7
hunyuan-mt-7b,95,27,0.5105,52.89
hunyuan-mt-7b,238,134,3.0005,44.66
hunyuan-mt-7b,183,91,2.1434,42.46
hunyuan-mt-7b,241,118,2.7041,43.64
hunyuan-mt-7b,115,36,0.6876,52.36
hunyuan-mt-7b,133,49,0.9363,52.34
hunyuan-mt-7b,237,131,2.9279,44.74
hunyuan-mt-7b,105,32,0.6365,50.28
hunyuan-mt-7b,271,149,3.2687,45.58
hunyuan-mt-7b,135,48,0.9284,51.7
hunyuan-mt-7b,136,53,1.0231,51.8
hunyuan-mt-7b,257,167,3.534,47.26
hunyuan-mt-7b,92,21,0.3765,55.78
hunyuan-mt-7b,139,50,0.8647,57.83
hunyuan-mt-7b,86,30,0.5301,56.6
hunyuan-mt-7b,103,28,0.515,54.37
hunyuan-mt-7b,264,128,2.2937,55.81
hunyuan-mt-7b,204,109,1.9745,55.2
hunyuan-mt-7b,192,100,1.7875,55.94
hunyuan-mt-7b,81,10,0.2282,43.82
hunyuan-mt-7b,294,163,3.0359,53.69
hunyuan-mt-7b,323,172,3.2476,52.96
hunyuan-mt-7b,318,173,3.2846,52.67
hunyuan-mt-7b,345,197,3.9193,50.26
hunyuan-mt-7b,217,108,1.995,54.14
hunyuan-mt-7b,287,172,3.1529,54.55
hunyuan-mt-7b,272,137,2.5137,54.5
hunyuan-mt-7b,374,221,4.4743,49.39
hunyuan-mt-7b,453,217,4.3112,50.33
hunyuan-mt-7b,91,20,0.4227,47.32
hunyuan-mt-7b,97,19,0.4126,46.05
hunyuan-mt-7b,170,65,1.338,48.58
hunyuan-mt-7b,283,158,3.0011,52.65
hunyuan-mt-7b,111,32,0.7044,45.43
hunyuan-mt-7b,252,133,2.547,52.22
hunyuan-mt-7b,478,270,5.4578,49.47
hunyuan-mt-7b,190,87,1.7475,49.79
hunyuan-mt-7b,457,270,5.3574,50.4
hunyuan-mt-7b,475,273,5.472,49.89
hunyuan-mt-7b,105,29,0.5742,50.51
hunyuan-mt-7b,196,93,1.8953,49.07
hunyuan-mt-7b,477,283,5.7333,49.36
hunyuan-mt-7b,552,276,5.3834,51.27
hunyuan-mt-7b,360,210,3.9557,53.09
hunyuan-mt-7b,426,275,5.2477,52.4
hunyuan-mt-7b,546,300,5.9179,50.69
hunyuan-mt-7b,217,86,1.692,50.83
hunyuan-mt-7b,280,149,2.9446,50.6
hunyuan-mt-7b,128,43,0.8333,51.6
hunyuan-mt-7b,284,143,2.8297,50.54
hunyuan-mt-7b,550,337,6.756,49.88
hunyuan-mt-7b,547,335,6.5794,50.92
hunyuan-mt-7b,78,21,0.413,50.85
hunyuan-mt-7b,255,136,2.6028,52.25
hunyuan-mt-7b,181,83,1.5522,53.47
hunyuan-mt-7b,236,131,2.4859,52.7
hunyuan-mt-7b,147,55,1.0307,53.36
hunyuan-mt-7b,198,89,1.7151,51.89
hunyuan-mt-7b,238,105,2.0244,51.87
hunyuan-mt-7b,155,78,1.4979,52.07
hunyuan-mt-7b,169,89,1.6808,52.95
hunyuan-mt-7b,206,98,1.8771,52.21
hunyuan-mt-7b,313,183,3.5431,51.65
hunyuan-mt-7b,151,70,1.3534,51.72
hunyuan-mt-7b,88,12,0.2732,43.92
hunyuan-mt-7b,461,296,5.5974,52.88
hunyuan-mt-7b,647,398,7.8622,50.62
hunyuan-mt-7b,312,174,3.3065,52.62
hunyuan-mt-7b,101,28,0.5579,50.19
hunyuan-mt-7b,87,14,0.285,49.13
hunyuan-mt-7b,280,192,3.7303,51.47
hunyuan-mt-7b,362,209,4.0366,51.78
hunyuan-mt-7b,667,406,7.7004,52.72
hunyuan-mt-7b,129,41,0.7877,52.05
hunyuan-mt-7b,441,245,4.711,52.01
hunyuan-mt-7b,347,205,3.8593,53.12
hunyuan-mt-7b,303,169,3.2559,51.91
hunyuan-mt-7b,216,103,1.9974,51.57
hunyuan-mt-7b,181,80,1.5915,50.27
hunyuan-mt-7b,231,125,2.4047,51.98
hunyuan-mt-7b,209,88,1.7454,50.42
hunyuan-mt-7b,208,93,1.8371,50.62
hunyuan-mt-7b,135,47,0.9487,49.54
hunyuan-mt-7b,668,453,8.6233,52.53
hunyuan-mt-7b,253,151,2.8759,52.51
hunyuan-mt-7b,413,249,4.7522,52.4
hunyuan-mt-7b,452,251,4.7963,52.33
hunyuan-mt-7b,476,293,5.648,51.88
hunyuan-mt-7b,144,54,1.058,51.04
hunyuan-mt-7b,176,71,1.3903,51.07
hunyuan-mt-7b,363,209,4.0226,51.96
hunyuan-mt-7b,226,111,2.1568,51.46
hunyuan-mt-7b,140,55,1.1244,48.92
hunyuan-mt-7b,132,46,0.921,49.95
hunyuan-mt-7b,361,192,3.6796,52.18
hunyuan-mt-7b,79,10,0.2472,40.45
hunyuan-mt-7b,277,147,2.8616,51.37
hunyuan-mt-7b,200,94,1.828,51.42
hunyuan-mt-7b,262,138,2.6952,51.2
hunyuan-mt-7b,94,21,0.455,46.15
hunyuan-mt-7b,98,23,0.5017,45.84
hunyuan-mt-7b,167,65,1.3425,48.42
hunyuan-mt-7b,795,499,9.6935,51.48
hunyuan-mt-7b,102,28,0.6321,44.29
hunyuan-mt-7b,145,54,1.1049,48.87
hunyuan-mt-7b,177,72,1.4438,49.87
hunyuan-mt-7b,139,55,1.1056,49.75
hunyuan-mt-7b,111,37,0.7228,51.19
hunyuan-mt-7b,381,220,4.2053,52.32
hunyuan-mt-7b,109,31,0.6214,49.89
hunyuan-mt-7b,274,159,3.058,51.99
hunyuan-mt-7b,132,47,0.9225,50.95
hunyuan-mt-7b,289,182,3.5309,51.55
hunyuan-mt-7b,141,53,1.0237,51.77
hunyuan-mt-7b,279,153,2.9536,51.8
hunyuan-mt-7b,141,50,0.9857,50.73
hunyuan-mt-7b,207,100,1.9661,50.86
hunyuan-mt-7b,194,88,1.726,50.98
hunyuan-mt-7b,153,65,1.2964,50.14
hunyuan-mt-7b,253,140,2.7225,51.42
hunyuan-mt-7b,223,102,2.0165,50.58
hunyuan-mt-7b,79,10,0.246,40.66
hunyuan-mt-7b,81,11,0.26,42.3
hunyuan-mt-7b,245,127,2.5311,50.18
hunyuan-mt-7b,212,84,1.7066,49.22
hunyuan-mt-7b,143,54,1.0646,50.72
hunyuan-mt-7b,172,85,1.6615,51.16
hunyuan-mt-7b,113,43,0.8721,49.31
hunyuan-mt-7b,165,70,1.3402,52.23
hunyuan-mt-7b,327,201,3.8778,51.83
hunyuan-mt-7b,177,75,1.4671,51.12
hunyuan-mt-7b,95,20,0.4292,46.6
hunyuan-mt-7b,100,25,0.5218,47.91
hunyuan-mt-7b,179,82,1.6001,51.25
hunyuan-mt-7b,99,25,0.5133,48.7
hunyuan-mt-7b,147,57,1.1638,48.98
hunyuan-mt-7b,174,77,1.5022,51.26
hunyuan-mt-7b,264,139,2.7181,51.14
hunyuan-mt-7b,184,77,1.5632,49.26
hunyuan-mt-7b,133,54,1.1582,46.62
hunyuan-mt-7b,129,42,0.8835,47.54
hunyuan-mt-7b,139,59,1.2535,47.07
hunyuan-mt-7b,110,45,0.9328,48.24
hunyuan-mt-7b,166,70,1.45,48.28
hunyuan-mt-7b,180,69,1.4381,47.98
hunyuan-mt-7b,351,217,4.2391,51.19
hunyuan-mt-7b,119,39,0.8492,45.93
hunyuan-mt-7b,202,96,1.9686,48.77
hunyuan-mt-7b,173,79,1.6594,47.61
hunyuan-mt-7b,177,85,1.7981,47.27
hunyuan-mt-7b,149,55,1.2141,45.3
hunyuan-mt-7b,254,135,2.7416,49.24
hunyuan-mt-7b,146,54,1.1408,47.33
hunyuan-mt-7b,178,83,1.6884,49.16
hunyuan-mt-7b,129,47,0.9606,48.93
hunyuan-mt-7b,188,75,1.5264,49.13
hunyuan-mt-7b,168,76,1.5454,49.18
hunyuan-mt-7b,334,187,3.6843,50.76
hunyuan-mt-7b,328,201,3.9822,50.48
hunyuan-mt-7b,166,68,1.3416,50.69
hunyuan-mt-7b,210,107,2.1496,49.78
hunyuan-mt-7b,137,50,0.937,53.36
hunyuan-mt-7b,415,252,4.9463,50.95
hunyuan-mt-7b,221,116,2.3222,49.95
hunyuan-mt-7b,335,193,3.788,50.95
hunyuan-mt-7b,214,102,1.9476,52.37
hunyuan-mt-7b,243,130,2.5573,50.84
hunyuan-mt-7b,157,68,1.2562,54.13
hunyuan-mt-7b,163,68,1.2925,52.61
hunyuan-mt-7b,215,94,1.7727,53.03
hunyuan-mt-7b,203,102,1.9441,52.47
hunyuan-mt-7b,342,190,3.74,50.8
hunyuan-mt-7b,109,28,0.5738,48.79
hunyuan-mt-7b,278,141,2.7747,50.82
hunyuan-mt-7b,260,137,2.6467,51.76
hunyuan-mt-7b,121,37,0.7544,49.05
hunyuan-mt-7b,224,134,2.5822,51.89
hunyuan-mt-7b,276,158,3.1262,50.54
hunyuan-mt-7b,140,50,1.0082,49.59
hunyuan-mt-7b,355,189,3.7555,50.33
hunyuan-mt-7b,167,72,1.4444,49.85
hunyuan-mt-7b,182,81,1.6073,50.4
hunyuan-mt-7b,238,132,2.6041,50.69
hunyuan-mt-7b,209,100,1.9497,51.29
hunyuan-mt-7b,162,68,1.3634,49.88
hunyuan-mt-7b,305,160,3.2181,49.72
hunyuan-mt-7b,288,160,3.2186,49.71
hunyuan-mt-7b,177,65,1.3513,48.1
hunyuan-mt-7b,183,88,1.7484,50.33
hunyuan-mt-7b,124,45,0.9344,48.16
hunyuan-mt-7b,178,84,1.6726,50.22
hunyuan-mt-7b,276,150,2.9152,51.45
hunyuan-mt-7b,97,24,0.4656,51.54
hunyuan-mt-7b,118,44,0.956,46.03
hunyuan-mt-7b,133,51,1.0752,47.43
hunyuan-mt-7b,120,43,0.8809,48.81
hunyuan-mt-7b,174,81,1.6752,48.35
hunyuan-mt-7b,156,60,1.2591,47.65
hunyuan-mt-7b,167,69,1.4297,48.26
hunyuan-mt-7b,155,63,1.2695,49.63
hunyuan-mt-7b,105,29,0.6083,47.67
hunyuan-mt-7b,269,157,3.0829,50.93
hunyuan-mt-7b,200,93,1.8583,50.05
hunyuan-mt-7b,120,46,0.9036,50.91
hunyuan-mt-7b,366,223,4.3443,51.33
hunyuan-mt-7b,254,134,2.6703,50.18
hunyuan-mt-7b,189,94,1.7927,52.43
hunyuan-mt-7b,219,101,1.9809,50.99
hunyuan-mt-7b,273,134,2.6537,50.5
hunyuan-mt-7b,382,226,4.3596,51.84
hunyuan-mt-7b,505,306,5.9917,51.07
hunyuan-mt-7b,134,50,0.9499,52.64
hunyuan-mt-7b,426,254,4.9431,51.39
hunyuan-mt-7b,392,245,4.6589,52.59
hunyuan-mt-7b,268,142,2.6444,53.7
hunyuan-mt-7b,113,42,0.7277,57.72
hunyuan-mt-7b,380,224,4.1983,53.35
hunyuan-mt-7b,219,107,1.8886,56.66
hunyuan-mt-7b,367,218,4.1203,52.91
hunyuan-mt-7b,320,181,3.3526,53.99
hunyuan-mt-7b,361,221,4.1458,53.31
hunyuan-mt-7b,243,130,2.3718,54.81
hunyuan-mt-7b,429,258,4.8931,52.73
hunyuan-mt-7b,335,196,3.6415,53.82
hunyuan-mt-7b,249,133,2.429,54.76
hunyuan-mt-7b,367,215,3.9349,54.64
hunyuan-mt-7b,110,50,0.9751,51.27
hunyuan-mt-7b,268,166,3.0363,54.67
hunyuan-mt-7b,414,252,4.6767,53.88
hunyuan-mt-7b,410,231,4.299,53.73
hunyuan-mt-7b,272,147,2.667,55.12
hunyuan-mt-7b,272,149,2.7213,54.75
hunyuan-mt-7b,353,235,4.3657,53.83
hunyuan-mt-7b,288,162,2.9784,54.39
hunyuan-mt-7b,411,271,5.074,53.41
hunyuan-mt-7b,293,170,3.136,54.21
hunyuan-mt-7b,477,279,5.2178,53.47
hunyuan-mt-7b,463,238,4.4109,53.96
hunyuan-mt-7b,302,171,3.142,54.42
hunyuan-mt-7b,413,253,4.6913,53.93
hunyuan-mt-7b,300,173,3.1743,54.5
hunyuan-mt-7b,335,193,3.571,54.05
hunyuan-mt-7b,121,40,0.7992,50.05
hunyuan-mt-7b,377,211,3.9127,53.93
hunyuan-mt-7b,387,259,4.7693,54.31
hunyuan-mt-7b,234,123,2.3318,52.75
hunyuan-mt-7b,108,50,0.8947,55.88
hunyuan-mt-7b,241,125,2.3113,54.08
hunyuan-mt-7b,238,122,2.2672,53.81
hunyuan-mt-7b,254,137,2.5632,53.45
hunyuan-mt-7b,195,90,1.6751,53.73
hunyuan-mt-7b,195,88,1.6198,54.33
hunyuan-mt-7b,137,50,0.9069,55.13
hunyuan-mt-7b,140,54,1.0102,53.46
hunyuan-mt-7b,311,173,3.2375,53.44
hunyuan-mt-7b,371,234,4.3138,54.24
hunyuan-mt-7b,267,140,2.6168,53.5
hunyuan-mt-7b,215,106,1.9548,54.22
hunyuan-mt-7b,238,132,2.4549,53.77
hunyuan-mt-7b,629,409,7.6228,53.65
hunyuan-mt-7b,563,359,6.6153,54.27
hunyuan-mt-7b,136,50,0.9667,51.72
hunyuan-mt-7b,265,141,2.5923,54.39
hunyuan-mt-7b,274,150,2.7521,54.5
hunyuan-mt-7b,333,211,3.9289,53.7
hunyuan-mt-7b,130,52,0.9851,52.78
hunyuan-mt-7b,319,180,3.3834,53.2
hunyuan-mt-7b,247,133,2.4642,53.97
hunyuan-mt-7b,579,378,6.9642,54.28
hunyuan-mt-7b,232,118,2.2124,53.33
hunyuan-mt-7b,334,192,3.5842,53.57
hunyuan-mt-7b,132,54,1.0546,51.2
hunyuan-mt-7b,217,104,1.9713,52.76
hunyuan-mt-7b,138,52,1.005,51.74
hunyuan-mt-7b,375,223,4.2102,52.97
hunyuan-mt-7b,403,259,4.8529,53.37
hunyuan-mt-7b,110,32,0.6237,51.3
hunyuan-mt-7b,373,246,4.6369,53.05
hunyuan-mt-7b,401,238,4.4402,53.6
hunyuan-mt-7b,376,217,4.0338,53.8
hunyuan-mt-7b,248,139,2.6525,52.4
hunyuan-mt-7b,171,77,1.5191,50.69
hunyuan-mt-7b,482,306,5.7776,52.96
hunyuan-mt-7b,381,226,4.1907,53.93
hunyuan-mt-7b,380,183,3.4657,52.8
hunyuan-mt-7b,151,63,1.2205,51.62
hunyuan-mt-7b,137,62,1.2161,50.98
hunyuan-mt-7b,261,137,2.6109,52.47
hunyuan-mt-7b,376,246,4.5947,53.54
hunyuan-mt-7b,347,196,3.7486,52.29
hunyuan-mt-7b,230,119,2.2515,52.85
hunyuan-mt-7b,203,138,2.5907,53.27
hunyuan-mt-7b,162,75,1.4264,52.58
hunyuan-mt-7b,646,381,7.1642,53.18
hunyuan-mt-7b,308,194,3.6665,52.91
hunyuan-mt-7b,281,176,3.328,52.89
hunyuan-mt-7b,320,180,3.4094,52.8
hunyuan-mt-7b,282,150,2.8537,52.56
hunyuan-mt-7b,196,91,1.7677,51.48
hunyuan-mt-7b,134,50,0.9701,51.54
hunyuan-mt-7b,351,204,3.9021,52.28
hunyuan-mt-7b,348,207,3.9551,52.34
hunyuan-mt-7b,406,244,4.6329,52.67
hunyuan-mt-7b,156,74,1.4295,51.77
hunyuan-mt-7b,305,156,2.9846,52.27
hunyuan-mt-7b,118,57,1.0935,52.13
hunyuan-mt-7b,361,216,4.0871,52.85
hunyuan-mt-7b,243,121,2.2644,53.44
hunyuan-mt-7b,112,29,0.5196,55.81
hunyuan-mt-7b,419,243,4.5162,53.81
hunyuan-mt-7b,349,181,3.3222,54.48
hunyuan-mt-7b,377,220,4.0858,53.84
hunyuan-mt-7b,515,339,6.3254,53.59
hunyuan-mt-7b,391,265,4.9488,53.55
hunyuan-mt-7b,168,79,1.426,55.4
hunyuan-mt-7b,349,194,3.5929,54.0
hunyuan-mt-7b,241,136,2.5385,53.57
hunyuan-mt-7b,387,241,4.4657,53.97
hunyuan-mt-7b,239,123,2.2611,54.4
hunyuan-mt-7b,310,173,3.1918,54.2
hunyuan-mt-7b,156,88,1.6464,53.45
hunyuan-mt-7b,252,135,2.4641,54.79
hunyuan-mt-7b,268,163,3.0198,53.98
hunyuan-mt-7b,285,160,2.9575,54.1
hunyuan-mt-7b,127,46,0.8823,52.13
hunyuan-mt-7b,331,187,3.4695,53.9
hunyuan-mt-7b,302,188,3.4842,53.96
hunyuan-mt-7b,344,239,4.438,53.85
hunyuan-mt-7b,597,320,5.9546,53.74
hunyuan-mt-7b,445,272,5.0546,53.81
hunyuan-mt-7b,444,278,5.175,53.72
hunyuan-mt-7b,295,169,3.1024,54.47
hunyuan-mt-7b,347,205,3.774,54.32
hunyuan-mt-7b,312,184,3.3612,54.74
hunyuan-mt-7b,381,222,4.0917,54.26
hunyuan-mt-7b,368,210,3.8278,54.86
hunyuan-mt-7b,428,267,4.8909,54.59
hunyuan-mt-7b,86,17,0.3179,53.48
hunyuan-mt-7b,179,84,1.5357,54.7
hunyuan-mt-7b,255,129,2.3586,54.69
hunyuan-mt-7b,264,136,2.4995,54.41
hunyuan-mt-7b,485,297,5.4664,54.33
hunyuan-mt-7b,141,51,0.9154,55.72
hunyuan-mt-7b,110,32,0.5882,54.4
hunyuan-mt-7b,151,53,0.9516,55.7
hunyuan-mt-7b,259,133,2.4426,54.45
hunyuan-mt-7b,87,20,0.4022,49.73
hunyuan-mt-7b,102,28,0.5361,52.23
hunyuan-mt-7b,420,256,4.6663,54.86
hunyuan-mt-7b,93,21,0.4232,49.62
hunyuan-mt-7b,358,195,3.5824,54.43
hunyuan-mt-7b,324,176,3.2681,53.85
hunyuan-mt-7b,167,71,1.293,54.91
hunyuan-mt-7b,99,28,0.5544,50.5
hunyuan-mt-7b,95,25,0.5111,48.91
hunyuan-mt-7b,103,28,0.5661,49.46
hunyuan-mt-7b,642,389,7.1731,54.23
hunyuan-mt-7b,119,40,0.7783,51.4
hunyuan-mt-7b,300,199,3.7027,53.74
hunyuan-mt-7b,126,46,0.8995,51.14
hunyuan-mt-7b,255,133,2.4484,54.32
hunyuan-mt-7b,107,27,0.5569,48.48
hunyuan-mt-7b,173,84,1.5592,53.87
hunyuan-mt-7b,315,185,3.4596,53.47
hunyuan-mt-7b,100,25,0.5291,47.25
hunyuan-mt-7b,311,172,3.1971,53.8
hunyuan-mt-7b,125,42,0.8407,49.96
hunyuan-mt-7b,86,13,0.293,44.37
hunyuan-mt-7b,145,59,1.1579,50.95
hunyuan-mt-7b,128,41,0.8301,49.39
hunyuan-mt-7b,265,160,2.9836,53.63
hunyuan-mt-7b,131,55,1.0778,51.03
hunyuan-mt-7b,251,134,2.4893,53.83
hunyuan-mt-7b,116,35,0.6914,50.62
hunyuan-mt-7b,170,83,1.5886,52.25
hunyuan-mt-7b,177,85,1.6247,52.32
hunyuan-mt-7b,192,85,1.6135,52.68
hunyuan-mt-7b,118,41,0.7522,54.51
hunyuan-mt-7b,253,187,3.427,54.57
hunyuan-mt-7b,188,85,1.5946,53.31
hunyuan-mt-7b,404,229,4.2161,54.31
hunyuan-mt-7b,142,54,0.9785,55.18
hunyuan-mt-7b,131,51,0.9066,56.25
hunyuan-mt-7b,208,104,1.9304,53.88
hunyuan-mt-7b,152,65,1.1672,55.69
hunyuan-mt-7b,151,65,1.1662,55.74
hunyuan-mt-7b,467,270,4.9594,54.44
hunyuan-mt-7b,171,77,1.3729,56.08
hunyuan-mt-7b,138,50,0.9047,55.27
hunyuan-mt-7b,135,47,0.8573,54.82
hunyuan-mt-7b,194,106,1.9633,53.99
hunyuan-mt-7b,321,204,3.7466,54.45
hunyuan-mt-7b,250,133,2.4591,54.08
hunyuan-mt-7b,111,35,0.6616,52.9
hunyuan-mt-7b,84,13,0.2828,45.96
hunyuan-mt-7b,142,57,1.0431,54.64
hunyuan-mt-7b,169,84,1.534,54.76
hunyuan-mt-7b,506,292,5.3889,54.19
hunyuan-mt-7b,105,25,0.5069,49.32
hunyuan-mt-7b,372,223,4.091,54.51
hunyuan-mt-7b,100,24,0.4705,51.01
hunyuan-mt-7b,126,42,0.8013,52.42
hunyuan-mt-7b,98,24,0.4604,52.12
hunyuan-mt-7b,109,30,0.583,51.46
hunyuan-mt-7b,138,56,1.0391,53.89
hunyuan-mt-7b,155,80,1.4459,55.33
hunyuan-mt-7b,96,22,0.4163,52.85
hunyuan-mt-7b,118,40,0.7557,52.93
hunyuan-mt-7b,133,57,1.0552,54.02
hunyuan-mt-7b,102,27,0.5129,52.64
hunyuan-mt-7b,109,36,0.6761,53.25
hunyuan-mt-7b,85,14,0.2756,50.8
hunyuan-mt-7b,110,33,0.6394,51.61
hunyuan-mt-7b,107,30,0.5904,50.82
hunyuan-mt-7b,167,83,1.5323,54.17
hunyuan-mt-7b,156,68,1.2825,53.02
hunyuan-mt-7b,81,16,0.371,43.12
hunyuan-mt-7b,532,299,5.5054,54.31
hunyuan-mt-7b,91,22,0.4684,46.97
hunyuan-mt-7b,154,64,1.2397,51.62
hunyuan-mt-7b,110,33,0.6753,48.87
hunyuan-mt-7b,124,53,1.0529,50.34
hunyuan-mt-7b,133,48,0.9523,50.4
hunyuan-mt-7b,97,26,0.5717,45.48
hunyuan-mt-7b,139,46,0.922,49.89
hunyuan-mt-7b,411,261,4.8135,54.22
hunyuan-mt-7b,109,34,0.7164,47.46
hunyuan-mt-7b,145,54,1.0612,50.89
hunyuan-mt-7b,495,312,5.7438,54.32
hunyuan-mt-7b,218,153,2.8229,54.2
hunyuan-mt-7b,305,187,3.4719,53.86
hunyuan-mt-7b,204,90,1.7253,52.17
hunyuan-mt-7b,83,12,0.2501,47.98
hunyuan-mt-7b,128,45,0.8891,50.61
hunyuan-mt-7b,138,50,0.9658,51.77
hunyuan-mt-7b,202,153,2.8193,54.27
hunyuan-mt-7b,187,74,1.4227,52.01
hunyuan-mt-7b,123,38,0.7075,53.71
hunyuan-mt-7b,122,40,0.7297,54.82
hunyuan-mt-7b,260,122,2.2865,53.36
hunyuan-mt-7b,110,30,0.5494,54.61
hunyuan-mt-7b,197,81,1.506,53.79
hunyuan-mt-7b,126,40,0.7224,55.37
hunyuan-mt-7b,109,37,0.6702,55.21
hunyuan-mt-7b,137,52,0.9353,55.6
hunyuan-mt-7b,102,27,0.4942,54.64
hunyuan-mt-7b,150,64,1.1789,54.29
hunyuan-mt-7b,392,221,4.0784,54.19
hunyuan-mt-7b,201,94,1.7758,52.93
hunyuan-mt-7b,403,230,4.2428,54.21
hunyuan-mt-7b,197,100,1.8934,52.82
hunyuan-mt-7b,177,74,1.3539,54.66
hunyuan-mt-7b,204,99,1.8675,53.01
hunyuan-mt-7b,204,101,1.8716,53.97
hunyuan-mt-7b,174,75,1.3687,54.79
hunyuan-mt-7b,100,25,0.4998,50.02
hunyuan-mt-7b,94,20,0.4101,48.77
hunyuan-mt-7b,361,236,4.3389,54.39
hunyuan-mt-7b,132,47,0.89,52.81
hunyuan-mt-7b,108,31,0.6159,50.33
hunyuan-mt-7b,195,100,1.8437,54.24
hunyuan-mt-7b,155,67,1.2288,54.52
hunyuan-mt-7b,155,74,1.355,54.61
hunyuan-mt-7b,89,21,0.4119,50.99
hunyuan-mt-7b,89,14,0.2854,49.06
hunyuan-mt-7b,101,25,0.4873,51.3
hunyuan-mt-7b,176,86,1.573,54.67
hunyuan-mt-7b,87,16,0.3339,47.92
hunyuan-mt-7b,149,61,1.1432,53.36
hunyuan-mt-7b,421,254,4.6774,54.3
hunyuan-mt-7b,211,109,2.0212,53.93
hunyuan-mt-7b,218,112,2.0673,54.18
hunyuan-mt-7b,112,32,0.6148,52.05
hunyuan-mt-7b,107,27,0.532,50.75
hunyuan-mt-7b,220,127,2.3905,53.13
hunyuan-mt-7b,107,30,0.5917,50.7
hunyuan-mt-7b,148,84,1.547,54.3
hunyuan-mt-7b,92,19,0.3827,49.65
hunyuan-mt-7b,99,23,0.4536,50.71
hunyuan-mt-7b,92,20,0.3939,50.77
hunyuan-mt-7b,103,70,1.321,52.99
hunyuan-mt-7b,106,29,0.5653,51.3
hunyuan-mt-7b,108,33,0.6396,51.59
hunyuan-mt-7b,136,56,1.045,53.59
hunyuan-mt-7b,104,28,0.5337,52.46
hunyuan-mt-7b,118,38,0.7243,52.46
hunyuan-mt-7b,181,87,1.6189,53.74
hunyuan-mt-7b,87,17,0.3358,50.63
hunyuan-mt-7b,110,34,0.6327,53.74
hunyuan-mt-7b,153,61,1.1402,53.5
hunyuan-mt-7b,128,43,0.8001,53.74
hunyuan-mt-7b,124,45,0.8384,53.67
hunyuan-mt-7b,306,174,3.2289,53.89
hunyuan-mt-7b,149,61,1.1296,54.0
hunyuan-mt-7b,91,17,0.3404,49.95
hunyuan-mt-7b,113,33,0.6276,52.58
hunyuan-mt-7b,137,55,1.0392,52.93
hunyuan-mt-7b,145,54,1.0156,53.17
hunyuan-mt-7b,165,81,1.4981,54.07
hunyuan-mt-7b,127,45,0.8403,53.55
hunyuan-mt-7b,120,36,0.6805,52.91
hunyuan-mt-7b,130,46,0.8432,54.55
hunyuan-mt-7b,206,104,1.9005,54.72
hunyuan-mt-7b,115,32,0.6009,53.25
hunyuan-mt-7b,154,68,1.2432,54.7
hunyuan-mt-7b,126,50,0.9266,53.96
hunyuan-mt-7b,152,72,1.3216,54.48
hunyuan-mt-7b,172,83,1.5224,54.52
hunyuan-mt-7b,287,197,3.5832,54.98
hunyuan-mt-7b,135,50,0.93,53.76
hunyuan-mt-7b,206,99,1.8197,54.4
hunyuan-mt-7b,114,32,0.6066,52.75
hunyuan-mt-7b,162,85,1.5574,54.58
hunyuan-mt-7b,120,38,0.72,52.78
hunyuan-mt-7b,110,34,0.6435,52.83
hunyuan-mt-7b,242,127,2.3415,54.24
hunyuan-mt-7b,144,50,0.9293,53.8
hunyuan-mt-7b,244,128,2.3605,54.23
hunyuan-mt-7b,122,42,0.7919,53.03
hunyuan-mt-7b,358,199,3.6172,55.01
hunyuan-mt-7b,158,52,0.9728,53.45
hunyuan-mt-7b,80,12,0.2512,47.77
hunyuan-mt-7b,141,56,1.0483,53.42
hunyuan-mt-7b,130,49,0.9198,53.27
hunyuan-mt-7b,92,24,0.4688,51.19
hunyuan-mt-7b,106,31,0.5994,51.72
hunyuan-mt-7b,108,30,0.5864,51.16
hunyuan-mt-7b,97,23,0.4547,50.58
hunyuan-mt-7b,87,18,0.3574,50.37
hunyuan-mt-7b,89,18,0.3609,49.87
hunyuan-mt-7b,272,148,2.726,54.29
hunyuan-mt-7b,104,35,0.6774,51.67
hunyuan-mt-7b,125,43,0.8176,52.6
hunyuan-mt-7b,122,38,0.7205,52.74
hunyuan-mt-7b,98,32,0.615,52.03
hunyuan-mt-7b,95,21,0.4208,49.91
hunyuan-mt-7b,132,49,0.93,52.69
hunyuan-mt-7b,146,55,1.0332,53.23
hunyuan-mt-7b,132,50,0.9487,52.7
hunyuan-mt-7b,159,76,1.4075,53.99
hunyuan-mt-7b,115,35,0.6736,51.96
hunyuan-mt-7b,106,31,0.6012,51.56
hunyuan-mt-7b,178,75,1.39,53.96
hunyuan-mt-7b,91,21,0.4149,50.62
hunyuan-mt-7b,85,13,0.2779,46.78
hunyuan-mt-7b,123,41,0.7824,52.4
hunyuan-mt-7b,120,37,0.7041,52.55
hunyuan-mt-7b,235,116,2.1347,54.34
hunyuan-mt-7b,118,41,0.7804,52.54
hunyuan-mt-7b,100,24,0.4718,50.87
hunyuan-mt-7b,166,72,1.3436,53.59
hunyuan-mt-7b,181,82,1.5062,54.44
hunyuan-mt-7b,156,60,1.1287,53.16
hunyuan-mt-7b,89,18,0.3549,50.72
hunyuan-mt-7b,114,40,0.7553,52.96
hunyuan-mt-7b,93,24,0.4664,51.46
hunyuan-mt-7b,149,61,1.1321,53.88
hunyuan-mt-7b,93,23,0.4488,51.24
hunyuan-mt-7b,133,50,0.9363,53.4
hunyuan-mt-7b,117,32,0.6055,52.85
hunyuan-mt-7b,195,110,2.0118,54.68
hunyuan-mt-7b,142,58,1.0754,53.93
hunyuan-mt-7b,162,69,1.2917,53.42
hunyuan-mt-7b,91,20,0.3968,50.4
hunyuan-mt-7b,123,39,0.7395,52.74
hunyuan-mt-7b,119,36,0.6837,52.66
hunyuan-mt-7b,107,27,0.5135,52.58
hunyuan-mt-7b,116,44,0.8277,53.16
hunyuan-mt-7b,134,49,0.9238,53.04
hunyuan-mt-7b,272,160,2.9125,54.94
hunyuan-mt-7b,159,61,1.1435,53.35
hunyuan-mt-7b,133,57,1.079,52.83
hunyuan-mt-7b,164,67,1.2761,52.5
hunyuan-mt-7b,110,32,0.6349,50.4
hunyuan-mt-7b,120,41,0.797,51.44
hunyuan-mt-7b,122,43,0.8236,52.21
hunyuan-mt-7b,101,24,0.4905,48.93
hunyuan-mt-7b,92,19,0.4203,45.2
hunyuan-mt-7b,128,47,0.9018,52.12
hunyuan-mt-7b,182,77,1.4528,53.0
hunyuan-mt-7b,99,29,0.5886,49.27
hunyuan-mt-7b,117,42,0.8167,51.42
hunyuan-mt-7b,105,39,0.7611,51.24
hunyuan-mt-7b,135,60,1.1443,52.43
hunyuan-mt-7b,97,26,0.5513,47.16
hunyuan-mt-7b,164,68,1.305,52.11
hunyuan-mt-7b,114,36,0.7248,49.67
hunyuan-mt-7b,169,72,1.3904,51.78
hunyuan-mt-7b,95,23,0.4947,46.49
hunyuan-mt-7b,101,32,0.6621,48.33
hunyuan-mt-7b,162,72,1.3788,52.22
hunyuan-mt-7b,148,60,1.1651,51.5
hunyuan-mt-7b,93,21,0.4343,48.36
hunyuan-mt-7b,115,33,0.6678,49.41
hunyuan-mt-7b,111,33,0.6667,49.49
hunyuan-mt-7b,127,43,0.8636,49.79
hunyuan-mt-7b,140,52,1.0401,49.99
hunyuan-mt-7b,109,33,0.6598,50.02
hunyuan-mt-7b,149,53,1.0413,50.9
hunyuan-mt-7b,155,65,1.264,51.42
hunyuan-mt-7b,124,40,0.7848,50.97
hunyuan-mt-7b,126,45,0.877,51.31
hunyuan-mt-7b,92,17,0.3629,46.84
hunyuan-mt-7b,87,16,0.3486,45.9
hunyuan-mt-7b,150,63,1.2659,49.77
hunyuan-mt-7b,101,46,0.9212,49.94
hunyuan-mt-7b,93,23,0.475,48.43
hunyuan-mt-7b,133,46,0.9102,50.54
hunyuan-mt-7b,144,59,1.1427,51.63
hunyuan-mt-7b,162,74,1.4228,52.01
hunyuan-mt-7b,144,56,1.0759,52.05
hunyuan-mt-7b,113,34,0.636,53.46
hunyuan-mt-7b,113,27,0.496,54.44
hunyuan-mt-7b,190,87,1.6407,53.03
hunyuan-mt-7b,160,76,1.4333,53.03
hunyuan-mt-7b,179,104,1.9515,53.29
hunyuan-mt-7b,155,74,1.3818,53.56
hunyuan-mt-7b,97,22,0.4091,53.77
hunyuan-mt-7b,140,54,0.9809,55.05
hunyuan-mt-7b,185,100,1.8816,53.15
hunyuan-mt-7b,172,81,1.4915,54.31
hunyuan-mt-7b,218,108,2.0184,53.51
hunyuan-mt-7b,116,51,0.9259,55.08
hunyuan-mt-7b,182,93,1.7337,53.64
hunyuan-mt-7b,140,57,1.0561,53.97
hunyuan-mt-7b,159,66,1.215,54.32
hunyuan-mt-7b,140,51,0.9267,55.03
hunyuan-mt-7b,119,40,0.7411,53.97
hunyuan-mt-7b,146,80,1.4717,54.36
hunyuan-mt-7b,115,46,0.8428,54.58
hunyuan-mt-7b,111,33,0.6421,51.39
hunyuan-mt-7b,233,120,2.2439,53.48
hunyuan-mt-7b,148,76,1.3995,54.3
hunyuan-mt-7b,123,39,0.7526,51.82
hunyuan-mt-7b,218,105,1.9436,54.02
hunyuan-mt-7b,97,24,0.4832,49.67
hunyuan-mt-7b,257,113,2.097,53.89
hunyuan-mt-7b,139,71,1.2949,54.83
hunyuan-mt-7b,81,14,0.2962,47.26
hunyuan-mt-7b,166,69,1.2657,54.51
hunyuan-mt-7b,165,84,1.558,53.92
hunyuan-mt-7b,120,39,0.7576,51.48
hunyuan-mt-7b,108,31,0.5967,51.95
hunyuan-mt-7b,131,48,0.9193,52.22
hunyuan-mt-7b,131,60,1.1267,53.25
hunyuan-mt-7b,86,17,0.343,49.56
hunyuan-mt-7b,149,57,1.0741,53.07
hunyuan-mt-7b,105,26,0.495,52.53
hunyuan-mt-7b,97,24,0.468,51.28
hunyuan-mt-7b,128,43,0.8168,52.65
hunyuan-mt-7b,151,64,1.1987,53.39
hunyuan-mt-7b,226,112,2.0478,54.69
hunyuan-mt-7b,100,24,0.4555,52.69
hunyuan-mt-7b,202,111,2.0132,55.14
hunyuan-mt-7b,164,57,1.0659,53.48
hunyuan-mt-7b,245,146,2.6679,54.72
hunyuan-mt-7b,104,25,0.4821,51.86
hunyuan-mt-7b,264,138,2.5266,54.62
hunyuan-mt-7b,138,52,0.9777,53.19
hunyuan-mt-7b,176,78,1.4623,53.34
hunyuan-mt-7b,82,12,0.2591,46.31
hunyuan-mt-7b,95,21,0.4203,49.96
hunyuan-mt-7b,152,70,1.3129,53.32
hunyuan-mt-7b,113,35,0.6752,51.84
hunyuan-mt-7b,100,23,0.4661,49.34
hunyuan-mt-7b,122,38,0.7262,52.33
hunyuan-mt-7b,168,72,1.3513,53.28
hunyuan-mt-7b,197,85,1.5781,53.86
hunyuan-mt-7b,161,70,1.3048,53.65
hunyuan-mt-7b,148,68,1.2638,53.81
hunyuan-mt-7b,143,75,1.389,54.0
hunyuan-mt-7b,98,25,0.4939,50.62
hunyuan-mt-7b,168,72,1.3229,54.42
hunyuan-mt-7b,140,52,0.9645,53.91
hunyuan-mt-7b,288,155,2.8286,54.8
hunyuan-mt-7b,148,62,1.1502,53.9
hunyuan-mt-7b,158,76,1.3992,54.32
hunyuan-mt-7b,86,14,0.2751,50.89
hunyuan-mt-7b,86,14,0.2844,49.23
hunyuan-mt-7b,107,36,0.7084,50.82
hunyuan-mt-7b,204,91,1.7137,53.1
hunyuan-mt-7b,102,27,0.5316,50.79
hunyuan-mt-7b,109,30,0.5935,50.55
hunyuan-mt-7b,132,45,0.8748,51.44
hunyuan-mt-7b,120,38,0.7672,49.53
hunyuan-mt-7b,130,45,0.8704,51.7
hunyuan-mt-7b,135,62,1.1825,52.43
hunyuan-mt-7b,150,65,1.2338,52.68
hunyuan-mt-7b,150,59,1.1245,52.47
hunyuan-mt-7b,111,34,0.6645,51.17
hunyuan-mt-7b,83,12,0.2546,47.14
hunyuan-mt-7b,227,144,2.6736,53.86
hunyuan-mt-7b,152,75,1.425,52.63
hunyuan-mt-7b,91,23,0.4865,47.27
hunyuan-mt-7b,88,17,0.3497,48.61
hunyuan-mt-7b,78,9,0.2023,44.5
hunyuan-mt-7b,108,40,0.7846,50.98
hunyuan-mt-7b,203,100,1.8613,53.73
hunyuan-mt-7b,83,14,0.2947,47.51
hunyuan-mt-7b,175,75,1.4223,52.73
hunyuan-mt-7b,112,33,0.6703,49.23
hunyuan-mt-7b,130,69,1.3146,52.49
hunyuan-mt-7b,97,23,0.4529,50.78
hunyuan-mt-7b,100,26,0.5026,51.73
hunyuan-mt-7b,178,78,1.4668,53.18
hunyuan-mt-7b,113,33,0.6186,53.34
hunyuan-mt-7b,124,38,0.7254,52.38
hunyuan-mt-7b,85,16,0.3255,49.16
hunyuan-mt-7b,129,48,0.9318,51.51
hunyuan-mt-7b,255,155,2.8735,53.94
hunyuan-mt-7b,82,13,0.2715,47.87
hunyuan-mt-7b,136,50,0.9495,52.66
hunyuan-mt-7b,155,63,1.204,52.33
hunyuan-mt-7b,105,32,0.6098,52.47
hunyuan-mt-7b,101,28,0.5399,51.86
hunyuan-mt-7b,130,40,0.7688,52.03
hunyuan-mt-7b,140,60,1.1541,51.99
hunyuan-mt-7b,189,86,1.6123,53.34
hunyuan-mt-7b,196,92,1.7219,53.43
hunyuan-mt-7b,116,35,0.6696,52.27
hunyuan-mt-7b,112,40,0.7643,52.33
hunyuan-mt-7b,92,18,0.3804,47.32
hunyuan-mt-7b,114,42,0.8123,51.71
hunyuan-mt-7b,83,12,0.2639,45.48
hunyuan-mt-7b,82,25,0.5036,49.64
hunyuan-mt-7b,100,28,0.5614,49.87
hunyuan-mt-7b,101,25,0.4933,50.68
hunyuan-mt-7b,128,43,0.8159,52.71
hunyuan-mt-7b,92,19,0.3902,48.7
hunyuan-mt-7b,134,50,0.9498,52.64
hunyuan-mt-7b,173,78,1.4866,52.47
hunyuan-mt-7b,199,92,1.8845,48.82
hunyuan-mt-7b,156,65,1.3723,47.36
hunyuan-mt-7b,89,16,0.4666,34.29
hunyuan-mt-7b,190,88,1.8161,48.46
hunyuan-mt-7b,84,29,0.7171,40.44
hunyuan-mt-7b,111,38,0.8863,42.87
hunyuan-mt-7b,125,50,1.1014,45.4
hunyuan-mt-7b,117,43,0.9811,43.83
hunyuan-mt-7b,85,26,0.6636,39.18
hunyuan-mt-7b,134,46,1.0626,43.29
hunyuan-mt-7b,149,54,1.1997,45.01
hunyuan-mt-7b,100,26,0.693,37.52
hunyuan-mt-7b,110,34,0.8293,41.0
hunyuan-mt-7b,93,22,0.7132,30.85
hunyuan-mt-7b,92,19,0.6548,29.02
hunyuan-mt-7b,109,36,0.9576,37.59
hunyuan-mt-7b,185,100,2.1596,46.3
hunyuan-mt-7b,110,31,0.8705,35.61
hunyuan-mt-7b,104,27,0.7935,34.03
hunyuan-mt-7b,120,40,1.0418,38.4
hunyuan-mt-7b,404,288,5.5573,51.82
hunyuan-mt-7b,222,107,2.3003,46.52
hunyuan-mt-7b,143,52,1.2654,41.09
hunyuan-mt-7b,2293,30,0.8708,34.45
hunyuan-mt-7b,136,48,1.2055,39.82
hunyuan-mt-7b,127,51,1.262,40.41
hunyuan-mt-7b,78,9,0.22,40.91
hunyuan-mt-7b,100,25,0.6409,39.01
hunyuan-mt-7b,85,13,0.2987,43.52
hunyuan-mt-7b,109,31,0.7527,41.19
hunyuan-mt-7b,100,23,0.569,40.42
hunyuan-mt-7b,1797,19,0.5236,36.29
hunyuan-mt-7b,98,29,0.722,40.17
hunyuan-mt-7b,120,39,1.0623,36.71
hunyuan-mt-7b,105,61,1.4681,41.55
hunyuan-mt-7b,98,29,0.7044,41.17
hunyuan-mt-7b,103,24,0.5093,47.12
hunyuan-mt-7b,129,48,1.2232,39.24
hunyuan-mt-7b,98,25,0.534,46.82
hunyuan-mt-7b,103,37,0.8476,43.65
hunyuan-mt-7b,135,45,1.0157,44.31
hunyuan-mt-7b,89,16,0.3374,47.42
hunyuan-mt-7b,89,15,0.312,48.08
hunyuan-mt-7b,84,16,0.328,48.78
hunyuan-mt-7b,134,51,1.135,44.93
hunyuan-mt-7b,114,32,0.6668,47.99
hunyuan-mt-7b,244,131,2.742,47.78
hunyuan-mt-7b,89,21,0.4255,49.35
hunyuan-mt-7b,153,59,1.2652,46.63
hunyuan-mt-7b,130,60,1.2911,46.47
hunyuan-mt-7b,126,42,0.8243,50.95
hunyuan-mt-7b,100,36,0.7007,51.38
hunyuan-mt-7b,182,86,1.9008,45.24
hunyuan-mt-7b,95,27,0.5073,53.23
hunyuan-mt-7b,96,20,0.3793,52.73
hunyuan-mt-7b,139,53,1.0182,52.05
hunyuan-mt-7b,140,55,1.0617,51.8
hunyuan-mt-7b,96,22,0.4159,52.89
hunyuan-mt-7b,100,26,0.4963,52.39
hunyuan-mt-7b,105,30,0.5683,52.79
hunyuan-mt-7b,125,40,0.7522,53.18
hunyuan-mt-7b,112,46,0.8617,53.39
hunyuan-mt-7b,131,58,1.0956,52.94
hunyuan-mt-7b,148,58,1.0987,52.79
hunyuan-mt-7b,105,28,0.5491,50.99
hunyuan-mt-7b,128,43,0.8106,53.05
hunyuan-mt-7b,164,69,1.2944,53.31
hunyuan-mt-7b,135,56,1.04,53.84
hunyuan-mt-7b,149,67,1.2346,54.27
hunyuan-mt-7b,112,33,0.629,52.47
hunyuan-mt-7b,210,104,2.0776,50.06
hunyuan-mt-7b,200,141,2.9012,48.6
hunyuan-mt-7b,192,106,2.136,49.63
hunyuan-mt-7b,89,16,0.3345,47.84
hunyuan-mt-7b,99,23,0.4745,48.47
hunyuan-mt-7b,123,51,0.9802,52.03
hunyuan-mt-7b,187,92,1.7546,52.43
hunyuan-mt-7b,99,30,0.6044,49.64
hunyuan-mt-7b,136,52,1.0007,51.96
hunyuan-mt-7b,172,76,1.4443,52.62
hunyuan-mt-7b,136,46,0.9117,50.46
hunyuan-mt-7b,82,32,0.6488,49.32
hunyuan-mt-7b,105,25,0.5178,48.28
hunyuan-mt-7b,82,15,0.3209,46.74
hunyuan-mt-7b,101,110,2.1078,52.19
hunyuan-mt-7b,173,81,1.5327,52.85
hunyuan-mt-7b,210,104,1.9808,52.5
hunyuan-mt-7b,103,27,0.5614,48.1
hunyuan-mt-7b,97,29,0.5676,51.1
hunyuan-mt-7b,86,17,0.3477,48.89
hunyuan-mt-7b,168,79,1.502,52.6
hunyuan-mt-7b,147,73,1.4029,52.03
hunyuan-mt-7b,91,25,0.4903,50.99
hunyuan-mt-7b,84,13,0.2716,47.86
hunyuan-mt-7b,90,24,0.4683,51.25
hunyuan-mt-7b,217,123,2.409,51.06
hunyuan-mt-7b,141,51,1.0878,46.88
hunyuan-mt-7b,117,37,0.8088,45.74
hunyuan-mt-7b,122,36,0.808,44.55
hunyuan-mt-7b,97,27,0.6872,39.29
hunyuan-mt-7b,242,123,2.4534,50.13
hunyuan-mt-7b,137,38,0.8867,42.86
hunyuan-mt-7b,97,25,0.646,38.7
hunyuan-mt-7b,170,77,1.6476,46.74
hunyuan-mt-7b,220,113,2.3286,48.53
hunyuan-mt-7b,114,35,0.9251,37.83
hunyuan-mt-7b,179,90,1.9618,45.88
hunyuan-mt-7b,81,11,0.347,31.7
hunyuan-mt-7b,149,65,1.5261,42.59
hunyuan-mt-7b,200,98,2.1648,45.27
hunyuan-mt-7b,175,95,2.1043,45.15
hunyuan-mt-7b,293,150,3.1289,47.94
hunyuan-mt-7b,118,34,0.9869,34.45
hunyuan-mt-7b,164,74,1.7534,42.2
hunyuan-mt-7b,119,33,0.786,41.98
hunyuan-mt-7b,167,81,1.8459,43.88
hunyuan-mt-7b,185,83,1.8612,44.6
hunyuan-mt-7b,103,27,0.5042,53.55
hunyuan-mt-7b,126,39,0.7496,52.03
hunyuan-mt-7b,232,132,2.7785,47.51
hunyuan-mt-7b,249,131,2.7624,47.42
hunyuan-mt-7b,131,42,0.7675,54.73
hunyuan-mt-7b,257,123,2.5898,47.49
hunyuan-mt-7b,136,63,1.1612,54.25
hunyuan-mt-7b,242,135,2.8239,47.81
hunyuan-mt-7b,103,31,0.5819,53.27
hunyuan-mt-7b,235,127,2.6606,47.73
hunyuan-mt-7b,265,146,3.0696,47.56
hunyuan-mt-7b,140,51,0.9771,52.19
hunyuan-mt-7b,136,53,1.0032,52.83
hunyuan-mt-7b,93,21,0.3858,54.44
hunyuan-mt-7b,87,16,0.3048,52.49
hunyuan-mt-7b,136,47,0.8308,56.57
hunyuan-mt-7b,103,26,0.4837,53.75
hunyuan-mt-7b,207,100,1.8077,55.32
hunyuan-mt-7b,82,13,0.2645,49.15
hunyuan-mt-7b,192,88,1.6153,54.48
hunyuan-mt-7b,289,157,2.8554,54.98
hunyuan-mt-7b,261,129,2.336,55.22
hunyuan-mt-7b,274,150,2.7047,55.46
hunyuan-mt-7b,328,179,3.3069,54.13
hunyuan-mt-7b,332,182,3.3734,53.95
hunyuan-mt-7b,347,199,3.8447,51.76
hunyuan-mt-7b,179,73,1.3619,53.6
hunyuan-mt-7b,260,124,2.2899,54.15
hunyuan-mt-7b,224,120,2.216,54.15
hunyuan-mt-7b,321,183,3.3381,54.82
hunyuan-mt-7b,368,224,4.4318,50.54
hunyuan-mt-7b,92,20,0.4372,45.74
hunyuan-mt-7b,101,22,0.488,45.08
hunyuan-mt-7b,111,32,0.6846,46.75
hunyuan-mt-7b,265,143,2.6785,53.39
hunyuan-mt-7b,425,244,4.6615,52.34
hunyuan-mt-7b,554,251,4.7859,52.45
hunyuan-mt-7b,524,267,5.1387,51.96
hunyuan-mt-7b,200,97,1.8709,51.85
hunyuan-mt-7b,202,102,1.9632,51.95
hunyuan-mt-7b,109,31,0.6043,51.3
hunyuan-mt-7b,486,293,5.7148,51.27
hunyuan-mt-7b,440,277,5.1693,53.59
hunyuan-mt-7b,507,302,5.8858,51.31
hunyuan-mt-7b,490,300,5.7534,52.14
hunyuan-mt-7b,362,215,4.0022,53.72
hunyuan-mt-7b,488,316,6.1407,51.46
hunyuan-mt-7b,220,103,1.9571,52.63
hunyuan-mt-7b,545,331,6.4177,51.58
hunyuan-mt-7b,218,107,2.0401,52.45
hunyuan-mt-7b,299,176,3.3201,53.01
hunyuan-mt-7b,538,326,6.2316,52.31
hunyuan-mt-7b,304,161,3.0745,52.37
hunyuan-mt-7b,78,12,0.2711,44.26
hunyuan-mt-7b,416,244,4.5435,53.7
hunyuan-mt-7b,140,52,0.9959,52.21
hunyuan-mt-7b,258,141,2.6779,52.65
hunyuan-mt-7b,246,133,2.4914,53.38
hunyuan-mt-7b,193,88,1.6628,52.92
hunyuan-mt-7b,145,55,1.0371,53.03
hunyuan-mt-7b,229,114,2.1357,53.38
hunyuan-mt-7b,619,381,7.3446,51.87
hunyuan-mt-7b,307,177,3.3693,52.53
hunyuan-mt-7b,153,77,1.4615,52.68
hunyuan-mt-7b,173,81,1.5342,52.8
hunyuan-mt-7b,189,91,1.7444,52.17
hunyuan-mt-7b,150,62,1.209,51.28
hunyuan-mt-7b,87,16,0.3335,47.98
hunyuan-mt-7b,208,100,1.8869,53.0
hunyuan-mt-7b,101,15,0.3139,47.78
hunyuan-mt-7b,303,168,3.143,53.45
hunyuan-mt-7b,102,27,0.552,48.91
hunyuan-mt-7b,345,202,3.8149,52.95
hunyuan-mt-7b,132,45,0.8277,54.37
hunyuan-mt-7b,691,428,7.9775,53.65
hunyuan-mt-7b,669,419,7.7483,54.08
hunyuan-mt-7b,219,106,1.9638,53.98
hunyuan-mt-7b,220,103,1.908,53.98
hunyuan-mt-7b,178,79,1.4729,53.63
hunyuan-mt-7b,348,209,3.8866,53.77
hunyuan-mt-7b,349,226,4.222,53.53
hunyuan-mt-7b,239,124,2.3178,53.5
hunyuan-mt-7b,250,127,2.3863,53.22
hunyuan-mt-7b,434,236,4.411,53.5
hunyuan-mt-7b,141,59,1.1136,52.98
hunyuan-mt-7b,318,194,3.631,53.43
hunyuan-mt-7b,351,188,3.5168,53.46
hunyuan-mt-7b,189,97,1.8358,52.84
hunyuan-mt-7b,171,66,1.2557,52.56
hunyuan-mt-7b,461,277,5.2234,53.03
hunyuan-mt-7b,132,47,0.9339,50.33
hunyuan-mt-7b,227,112,2.128,52.63
hunyuan-mt-7b,350,182,3.4039,53.47
hunyuan-mt-7b,155,74,1.3929,53.13
hunyuan-mt-7b,485,308,5.7747,53.34
hunyuan-mt-7b,79,10,0.2065,48.42
hunyuan-mt-7b,98,23,0.4674,49.21
hunyuan-mt-7b,136,50,0.9958,50.21
hunyuan-mt-7b,778,489,9.1944,53.18
hunyuan-mt-7b,204,98,1.8623,52.62
hunyuan-mt-7b,270,144,2.7135,53.07
hunyuan-mt-7b,97,24,0.4816,49.84
hunyuan-mt-7b,99,30,0.5918,50.69
hunyuan-mt-7b,167,62,1.2315,50.35
hunyuan-mt-7b,168,68,1.3434,50.62
hunyuan-mt-7b,290,175,3.2885,53.22
hunyuan-mt-7b,135,49,0.9624,50.91
hunyuan-mt-7b,151,58,1.1368,51.02
hunyuan-mt-7b,107,31,0.6151,50.39
hunyuan-mt-7b,298,190,3.5566,53.42
hunyuan-mt-7b,359,216,4.0313,53.58
hunyuan-mt-7b,118,40,0.7542,53.03
hunyuan-mt-7b,130,45,0.8621,52.2
hunyuan-mt-7b,283,158,2.9586,53.4
hunyuan-mt-7b,206,102,1.9148,53.27
hunyuan-mt-7b,148,57,1.0757,52.99
hunyuan-mt-7b,277,169,3.1429,53.77
hunyuan-mt-7b,280,144,2.6693,53.95
hunyuan-mt-7b,136,61,1.1528,52.91
hunyuan-mt-7b,146,65,1.2326,52.73
hunyuan-mt-7b,203,97,1.8192,53.32
hunyuan-mt-7b,138,50,0.9559,52.31
hunyuan-mt-7b,241,123,2.3585,52.15
hunyuan-mt-7b,80,10,0.2513,39.79
hunyuan-mt-7b,81,11,0.2669,41.21
hunyuan-mt-7b,118,38,0.7406,51.31
hunyuan-mt-7b,199,101,1.9283,52.38
hunyuan-mt-7b,325,198,3.7152,53.29
hunyuan-mt-7b,179,84,1.5947,52.68
hunyuan-mt-7b,168,72,1.3645,52.77
hunyuan-mt-7b,180,83,1.575,52.7
hunyuan-mt-7b,96,21,0.4219,49.78
hunyuan-mt-7b,337,188,3.5276,53.29
hunyuan-mt-7b,168,72,1.3674,52.65
hunyuan-mt-7b,179,80,1.5055,53.14
hunyuan-mt-7b,149,59,1.1272,52.34
hunyuan-mt-7b,227,133,2.5342,52.48
hunyuan-mt-7b,99,23,0.4946,46.51
hunyuan-mt-7b,144,53,1.0704,49.51
hunyuan-mt-7b,103,29,0.6077,47.72
hunyuan-mt-7b,193,86,1.654,52.0
hunyuan-mt-7b,108,31,0.6351,48.81
hunyuan-mt-7b,158,62,1.2416,49.94
hunyuan-mt-7b,264,150,2.8599,52.45
hunyuan-mt-7b,129,42,0.858,48.95
hunyuan-mt-7b,142,56,1.1527,48.58
hunyuan-mt-7b,170,68,1.351,50.33
hunyuan-mt-7b,164,67,1.3653,49.08
hunyuan-mt-7b,208,105,2.0236,51.89
hunyuan-mt-7b,117,37,0.7721,47.92
hunyuan-mt-7b,167,87,1.7109,50.85
hunyuan-mt-7b,144,56,1.1194,50.02
hunyuan-mt-7b,154,67,1.3193,50.79
hunyuan-mt-7b,175,80,1.5575,51.36
hunyuan-mt-7b,163,62,1.2157,51.0
hunyuan-mt-7b,129,46,0.8984,51.2
hunyuan-mt-7b,273,150,2.8639,52.38
hunyuan-mt-7b,335,201,3.8077,52.79
hunyuan-mt-7b,304,189,3.5703,52.94
hunyuan-mt-7b,179,88,1.6547,53.18
hunyuan-mt-7b,408,244,4.6172,52.85
hunyuan-mt-7b,213,105,1.9975,52.56
hunyuan-mt-7b,207,102,1.9367,52.67
hunyuan-mt-7b,183,85,1.5961,53.25
hunyuan-mt-7b,307,195,3.6619,53.25
hunyuan-mt-7b,247,124,2.3509,52.75
hunyuan-mt-7b,216,100,1.8611,53.73
hunyuan-mt-7b,144,57,1.0548,54.04
hunyuan-mt-7b,345,182,3.414,53.31
hunyuan-mt-7b,165,71,1.3031,54.49
hunyuan-mt-7b,233,118,2.1703,54.37
hunyuan-mt-7b,204,106,1.957,54.16
hunyuan-mt-7b,172,77,1.4422,53.39
hunyuan-mt-7b,109,28,0.5706,49.07
hunyuan-mt-7b,187,79,1.4679,53.82
hunyuan-mt-7b,276,158,2.9828,52.97
hunyuan-mt-7b,135,46,0.8926,51.53
hunyuan-mt-7b,343,177,3.3686,52.54
hunyuan-mt-7b,123,39,0.7827,49.82
hunyuan-mt-7b,233,116,2.1558,53.81
hunyuan-mt-7b,173,76,1.4747,51.54
hunyuan-mt-7b,287,158,3.012,52.46
hunyuan-mt-7b,257,140,2.6427,52.98
hunyuan-mt-7b,279,152,2.8773,52.83
hunyuan-mt-7b,205,105,2.0404,51.46
hunyuan-mt-7b,280,162,3.1037,52.2
hunyuan-mt-7b,168,65,1.3219,49.17
hunyuan-mt-7b,168,74,1.5137,48.89
hunyuan-mt-7b,328,179,3.4592,51.75
hunyuan-mt-7b,185,82,1.6378,50.07
hunyuan-mt-7b,282,145,2.7757,52.24
hunyuan-mt-7b,124,45,0.9867,45.61
hunyuan-mt-7b,175,75,1.5508,48.36
hunyuan-mt-7b,180,91,1.832,49.67
hunyuan-mt-7b,120,45,0.9701,46.39
hunyuan-mt-7b,97,24,0.511,46.96
hunyuan-mt-7b,136,53,1.1512,46.04
hunyuan-mt-7b,154,63,1.3289,47.41
hunyuan-mt-7b,116,49,1.0282,47.66
hunyuan-mt-7b,168,69,1.4796,46.63
hunyuan-mt-7b,158,63,1.3263,47.5
hunyuan-mt-7b,105,32,0.7122,44.93
hunyuan-mt-7b,369,213,4.1312,51.56
hunyuan-mt-7b,202,90,1.8711,48.1
hunyuan-mt-7b,121,45,0.9371,48.02
hunyuan-mt-7b,251,138,2.7699,49.82
hunyuan-mt-7b,297,171,3.3641,50.83
hunyuan-mt-7b,191,92,1.8096,50.84
hunyuan-mt-7b,384,217,4.2061,51.59
hunyuan-mt-7b,423,252,4.8433,52.03
hunyuan-mt-7b,269,144,2.908,49.52
hunyuan-mt-7b,231,113,2.2234,50.82
hunyuan-mt-7b,135,57,1.079,52.83
hunyuan-mt-7b,498,322,6.2147,51.81
hunyuan-mt-7b,399,242,4.6541,52.0
hunyuan-mt-7b,267,150,2.8361,52.89
hunyuan-mt-7b,112,43,0.7637,56.31
hunyuan-mt-7b,228,117,2.1278,54.99
hunyuan-mt-7b,387,227,4.348,52.21
hunyuan-mt-7b,326,186,3.4696,53.61
hunyuan-mt-7b,394,241,4.6352,51.99
hunyuan-mt-7b,384,229,4.3694,52.41
hunyuan-mt-7b,258,145,2.6615,54.48
hunyuan-mt-7b,267,161,2.9524,54.53
hunyuan-mt-7b,237,143,2.6304,54.36
hunyuan-mt-7b,337,220,4.1452,53.07
hunyuan-mt-7b,354,208,3.9085,53.22
hunyuan-mt-7b,428,275,5.3063,51.83
hunyuan-mt-7b,404,247,4.7095,52.45
hunyuan-mt-7b,396,231,4.3884,52.64
hunyuan-mt-7b,111,47,0.9604,48.94
hunyuan-mt-7b,404,250,4.7548,52.58
hunyuan-mt-7b,265,140,2.6191,53.45
hunyuan-mt-7b,373,234,4.4412,52.69
hunyuan-mt-7b,310,164,3.0779,53.28
hunyuan-mt-7b,281,162,3.0474,53.16
hunyuan-mt-7b,479,288,5.4949,52.41
hunyuan-mt-7b,322,181,3.3907,53.38
hunyuan-mt-7b,285,171,3.1948,53.52
hunyuan-mt-7b,384,241,4.5224,53.29
hunyuan-mt-7b,278,168,3.1527,53.29
hunyuan-mt-7b,383,205,3.871,52.96
hunyuan-mt-7b,459,264,4.9975,52.83
hunyuan-mt-7b,128,47,0.9514,49.4
hunyuan-mt-7b,304,187,3.5372,52.87
hunyuan-mt-7b,418,266,5.0436,52.74
hunyuan-mt-7b,107,30,0.56,53.57
hunyuan-mt-7b,224,133,2.5552,52.05
hunyuan-mt-7b,129,55,0.9721,56.58
hunyuan-mt-7b,142,57,1.0039,56.78
hunyuan-mt-7b,246,134,2.5331,52.9
hunyuan-mt-7b,253,137,2.6146,52.4
hunyuan-mt-7b,256,142,2.718,52.24
hunyuan-mt-7b,214,115,2.1459,53.59
hunyuan-mt-7b,201,98,1.859,52.72
hunyuan-mt-7b,314,173,3.3146,52.19
hunyuan-mt-7b,230,124,2.331,53.2
hunyuan-mt-7b,636,413,7.845,52.64
hunyuan-mt-7b,217,109,2.055,53.04
hunyuan-mt-7b,573,360,6.7595,53.26
hunyuan-mt-7b,391,239,4.5382,52.66
hunyuan-mt-7b,591,358,6.7068,53.38
hunyuan-mt-7b,284,167,3.1725,52.64
hunyuan-mt-7b,328,170,3.2211,52.78
hunyuan-mt-7b,264,139,2.6468,52.52
hunyuan-mt-7b,281,159,3.0121,52.79
hunyuan-mt-7b,135,51,1.0369,49.19
hunyuan-mt-7b,141,52,1.062,48.97
hunyuan-mt-7b,258,141,2.6766,52.68
hunyuan-mt-7b,323,202,3.8679,52.22
hunyuan-mt-7b,396,232,4.4529,52.1
hunyuan-mt-7b,227,118,2.2783,51.79
hunyuan-mt-7b,378,227,4.3533,52.14
hunyuan-mt-7b,356,244,4.6737,52.21
hunyuan-mt-7b,128,48,0.9525,50.4
hunyuan-mt-7b,212,99,1.9726,50.19
hunyuan-mt-7b,132,58,1.1594,50.02
hunyuan-mt-7b,110,32,0.6883,46.49
hunyuan-mt-7b,361,238,4.5885,51.87
hunyuan-mt-7b,344,235,4.5147,52.05
hunyuan-mt-7b,172,78,1.5363,50.77
hunyuan-mt-7b,484,310,5.9378,52.21
hunyuan-mt-7b,390,231,4.4085,52.4
hunyuan-mt-7b,262,159,3.1126,51.08
hunyuan-mt-7b,195,98,1.8768,52.22
hunyuan-mt-7b,400,241,4.5796,52.62
hunyuan-mt-7b,165,70,1.3678,51.18
hunyuan-mt-7b,158,65,1.2454,52.19
hunyuan-mt-7b,130,65,1.2478,52.09
hunyuan-mt-7b,414,254,4.8204,52.69
hunyuan-mt-7b,381,213,4.1129,51.79
hunyuan-mt-7b,263,153,2.9966,51.06
hunyuan-mt-7b,346,192,3.7749,50.86
hunyuan-mt-7b,255,125,2.4405,51.22
hunyuan-mt-7b,232,126,2.4589,51.24
hunyuan-mt-7b,316,171,3.333,51.31
hunyuan-mt-7b,208,90,1.7294,52.04
hunyuan-mt-7b,308,195,3.7973,51.35
hunyuan-mt-7b,649,397,7.6441,51.94
hunyuan-mt-7b,139,54,1.0613,50.88
hunyuan-mt-7b,140,56,1.0921,51.28
hunyuan-mt-7b,359,206,4.0157,51.3
hunyuan-mt-7b,350,210,4.0906,51.34
hunyuan-mt-7b,382,228,4.4257,51.52
hunyuan-mt-7b,395,242,4.7156,51.32
hunyuan-mt-7b,123,56,1.0995,50.93
hunyuan-mt-7b,364,224,4.2886,52.23
hunyuan-mt-7b,331,189,3.6012,52.48
hunyuan-mt-7b,375,207,3.9095,52.95
hunyuan-mt-7b,243,143,2.6999,52.96
hunyuan-mt-7b,390,248,4.6931,52.84
hunyuan-mt-7b,504,312,5.9643,52.31
hunyuan-mt-7b,111,28,0.5639,49.66
hunyuan-mt-7b,330,192,3.6402,52.74
hunyuan-mt-7b,132,50,0.9578,52.2
hunyuan-mt-7b,405,231,4.3529,53.07
hunyuan-mt-7b,247,147,2.754,53.38
hunyuan-mt-7b,439,279,5.3113,52.53
hunyuan-mt-7b,168,79,1.4782,53.44
hunyuan-mt-7b,230,114,2.1576,52.84
hunyuan-mt-7b,289,159,2.9797,53.36
hunyuan-mt-7b,340,210,3.98,52.76
hunyuan-mt-7b,289,153,2.8966,52.82
hunyuan-mt-7b,245,128,2.4116,53.08
hunyuan-mt-7b,305,169,3.1998,52.82
hunyuan-mt-7b,415,246,4.6882,52.47
hunyuan-mt-7b,341,191,3.6122,52.88
hunyuan-mt-7b,299,204,3.8883,52.47
hunyuan-mt-7b,132,51,1.0337,49.34
hunyuan-mt-7b,295,159,2.9932,53.12
hunyuan-mt-7b,354,238,4.5295,52.54
hunyuan-mt-7b,330,204,3.8342,53.2
hunyuan-mt-7b,300,172,3.2194,53.43
hunyuan-mt-7b,441,269,5.1115,52.63
hunyuan-mt-7b,603,355,6.7284,52.76
hunyuan-mt-7b,426,259,4.873,53.15
hunyuan-mt-7b,379,240,4.5001,53.33
hunyuan-mt-7b,79,10,0.2079,48.11
hunyuan-mt-7b,197,98,1.8207,53.83
hunyuan-mt-7b,146,55,1.0163,54.12
hunyuan-mt-7b,103,28,0.5183,54.02
hunyuan-mt-7b,140,47,0.8559,54.91
hunyuan-mt-7b,361,227,4.2187,53.81
hunyuan-mt-7b,273,140,2.6433,52.96
hunyuan-mt-7b,266,135,2.5531,52.88
hunyuan-mt-7b,86,18,0.3642,49.42
hunyuan-mt-7b,262,139,2.6152,53.15
hunyuan-mt-7b,99,32,0.608,52.64
hunyuan-mt-7b,91,19,0.3804,49.95
hunyuan-mt-7b,329,176,3.3276,52.89
hunyuan-mt-7b,99,28,0.5572,50.25
hunyuan-mt-7b,277,138,2.5807,53.47
hunyuan-mt-7b,621,388,7.2793,53.3
hunyuan-mt-7b,424,260,4.8419,53.7
hunyuan-mt-7b,94,29,0.5756,50.38
hunyuan-mt-7b,105,26,0.5212,49.88
hunyuan-mt-7b,519,330,6.21,53.14
hunyuan-mt-7b,165,76,1.4242,53.36
hunyuan-mt-7b,369,200,3.8001,52.63
hunyuan-mt-7b,313,194,3.6819,52.69
hunyuan-mt-7b,162,80,1.5246,52.47
hunyuan-mt-7b,316,181,3.4474,52.5
hunyuan-mt-7b,261,137,2.5751,53.2
hunyuan-mt-7b,108,28,0.6154,45.5
hunyuan-mt-7b,95,19,0.4286,44.33
hunyuan-mt-7b,274,148,2.7993,52.87
hunyuan-mt-7b,131,57,1.1546,49.37
hunyuan-mt-7b,119,35,0.7456,46.94
hunyuan-mt-7b,128,42,0.8794,47.76
hunyuan-mt-7b,118,65,1.2999,50.01
hunyuan-mt-7b,86,13,0.2884,45.08
hunyuan-mt-7b,139,57,1.1629,49.01
hunyuan-mt-7b,113,32,0.6337,50.49
hunyuan-mt-7b,169,77,1.5102,50.99
hunyuan-mt-7b,165,74,1.4521,50.96
hunyuan-mt-7b,250,173,3.2399,53.4
hunyuan-mt-7b,254,159,2.9725,53.49
hunyuan-mt-7b,131,61,1.218,50.08
hunyuan-mt-7b,321,182,3.4185,53.24
hunyuan-mt-7b,403,218,4.1186,52.93
hunyuan-mt-7b,190,86,1.6706,51.48
hunyuan-mt-7b,119,42,0.7826,53.67
hunyuan-mt-7b,144,56,1.0369,54.01
hunyuan-mt-7b,151,62,1.1397,54.4
hunyuan-mt-7b,134,51,0.9231,55.25
hunyuan-mt-7b,153,61,1.1159,54.66
hunyuan-mt-7b,207,104,1.9666,52.88
hunyuan-mt-7b,185,102,1.9394,52.59
hunyuan-mt-7b,112,33,0.6159,53.58
hunyuan-mt-7b,172,78,1.4362,54.31
hunyuan-mt-7b,142,52,0.9706,53.57
hunyuan-mt-7b,141,52,0.971,53.55
hunyuan-mt-7b,144,57,1.0555,54.0
hunyuan-mt-7b,187,117,2.199,53.21
hunyuan-mt-7b,172,84,1.5318,54.84
hunyuan-mt-7b,107,28,0.5384,52.0
hunyuan-mt-7b,91,20,0.3983,50.22
hunyuan-mt-7b,142,53,0.9731,54.47
hunyuan-mt-7b,95,19,0.3663,51.87
hunyuan-mt-7b,95,21,0.3981,52.75
hunyuan-mt-7b,139,55,1.0157,54.15
hunyuan-mt-7b,339,240,4.4197,54.3
hunyuan-mt-7b,244,148,2.7701,53.43
hunyuan-mt-7b,499,322,6.0324,53.38
hunyuan-mt-7b,161,74,1.3493,54.84
hunyuan-mt-7b,136,55,1.032,53.29
hunyuan-mt-7b,94,19,0.39,48.72
hunyuan-mt-7b,149,83,1.5215,54.55
hunyuan-mt-7b,155,67,1.2471,53.72
hunyuan-mt-7b,95,21,0.4274,49.14
hunyuan-mt-7b,104,30,0.5881,51.01
hunyuan-mt-7b,113,40,0.7634,52.4
hunyuan-mt-7b,185,92,1.7167,53.59
hunyuan-mt-7b,108,31,0.6398,48.45
hunyuan-mt-7b,516,293,5.488,53.39
hunyuan-mt-7b,291,154,2.91,52.92
hunyuan-mt-7b,81,17,0.3848,44.18
hunyuan-mt-7b,87,16,0.3661,43.7
hunyuan-mt-7b,117,54,1.0567,51.1
hunyuan-mt-7b,91,23,0.5122,44.91
hunyuan-mt-7b,112,38,0.7904,48.08
hunyuan-mt-7b,118,44,0.9032,48.71
hunyuan-mt-7b,149,72,1.4218,50.64
hunyuan-mt-7b,109,34,0.7486,45.42
hunyuan-mt-7b,96,31,0.6802,45.58
hunyuan-mt-7b,220,136,2.5518,53.3
hunyuan-mt-7b,100,33,0.7099,46.49
hunyuan-mt-7b,467,362,6.8149,53.12
hunyuan-mt-7b,138,44,0.9348,47.07
hunyuan-mt-7b,399,270,5.0666,53.29
hunyuan-mt-7b,133,51,1.0628,47.99
hunyuan-mt-7b,537,324,6.1,53.11
hunyuan-mt-7b,203,88,1.7293,50.89
hunyuan-mt-7b,198,55,1.1285,48.74
hunyuan-mt-7b,83,12,0.249,48.19
hunyuan-mt-7b,131,49,0.9558,51.27
hunyuan-mt-7b,134,51,0.9938,51.32
hunyuan-mt-7b,164,74,1.4597,50.69
hunyuan-mt-7b,126,41,0.7657,53.54
hunyuan-mt-7b,125,42,0.7814,53.75
hunyuan-mt-7b,108,32,0.5837,54.83
hunyuan-mt-7b,128,38,0.692,54.92
hunyuan-mt-7b,113,30,0.5523,54.32
hunyuan-mt-7b,256,129,2.4528,52.59
hunyuan-mt-7b,192,89,1.7042,52.22
hunyuan-mt-7b,102,28,0.537,52.14
hunyuan-mt-7b,130,56,1.0265,54.56
hunyuan-mt-7b,150,64,1.1873,53.9
hunyuan-mt-7b,194,93,1.7535,53.04
hunyuan-mt-7b,174,80,1.4797,54.07
hunyuan-mt-7b,365,238,4.4551,53.42
hunyuan-mt-7b,186,100,1.9121,52.3
hunyuan-mt-7b,129,41,0.776,52.83
hunyuan-mt-7b,409,236,4.3843,53.83
hunyuan-mt-7b,386,243,4.5444,53.47
hunyuan-mt-7b,105,28,0.5588,50.1
hunyuan-mt-7b,211,107,2.038,52.5
hunyuan-mt-7b,104,35,0.6933,50.48
hunyuan-mt-7b,149,64,1.1855,53.99
hunyuan-mt-7b,149,73,1.345,54.27
hunyuan-mt-7b,191,97,1.8055,53.72
hunyuan-mt-7b,200,104,1.9624,53.0
hunyuan-mt-7b,141,52,0.9899,52.53
hunyuan-mt-7b,210,104,1.9626,52.99
hunyuan-mt-7b,171,88,1.6378,53.73
hunyuan-mt-7b,217,115,2.1825,52.69
hunyuan-mt-7b,109,36,0.7089,50.79
hunyuan-mt-7b,94,26,0.5338,48.71
hunyuan-mt-7b,92,21,0.4429,47.41
hunyuan-mt-7b,101,24,0.4951,48.47
hunyuan-mt-7b,88,19,0.3951,48.09
hunyuan-mt-7b,102,25,0.5111,48.92
hunyuan-mt-7b,148,60,1.1403,52.62
hunyuan-mt-7b,98,30,0.606,49.5
hunyuan-mt-7b,203,118,2.2252,53.03
hunyuan-mt-7b,174,102,1.8955,53.81
hunyuan-mt-7b,92,19,0.3892,48.81
hunyuan-mt-7b,92,24,0.4952,48.47
hunyuan-mt-7b,92,20,0.4087,48.94
hunyuan-mt-7b,118,38,0.7642,49.72
hunyuan-mt-7b,106,27,0.5562,48.54
hunyuan-mt-7b,112,33,0.6696,49.28
hunyuan-mt-7b,95,31,0.6148,50.42
hunyuan-mt-7b,445,284,5.2844,53.74
hunyuan-mt-7b,104,28,0.5538,50.56
hunyuan-mt-7b,145,58,1.1164,51.95
hunyuan-mt-7b,185,86,1.6336,52.64
hunyuan-mt-7b,148,57,1.0955,52.03
hunyuan-mt-7b,290,167,3.1493,53.03
hunyuan-mt-7b,122,47,0.8918,52.7
hunyuan-mt-7b,93,22,0.4233,51.97
hunyuan-mt-7b,107,31,0.6048,51.25
hunyuan-mt-7b,104,33,0.6365,51.84
hunyuan-mt-7b,137,60,1.138,52.72
hunyuan-mt-7b,142,55,1.0342,53.18
hunyuan-mt-7b,291,169,3.1545,53.57
hunyuan-mt-7b,121,39,0.7403,52.68
hunyuan-mt-7b,97,23,0.4601,49.99
hunyuan-mt-7b,127,54,1.0284,52.51
hunyuan-mt-7b,140,68,1.2975,52.41
hunyuan-mt-7b,118,59,1.1268,52.36
hunyuan-mt-7b,158,80,1.5132,52.87
hunyuan-mt-7b,164,62,1.1652,53.21
hunyuan-mt-7b,193,100,1.8753,53.33
hunyuan-mt-7b,115,36,0.6964,51.69
hunyuan-mt-7b,239,120,2.2548,53.22
hunyuan-mt-7b,133,49,0.919,53.32
hunyuan-mt-7b,131,49,0.9243,53.01
hunyuan-mt-7b,125,44,0.8424,52.23
hunyuan-mt-7b,158,91,1.7123,53.14
hunyuan-mt-7b,147,76,1.4267,53.27
hunyuan-mt-7b,136,53,0.9998,53.01
hunyuan-mt-7b,113,32,0.6267,51.06
hunyuan-mt-7b,124,39,0.7466,52.24
hunyuan-mt-7b,106,30,0.5819,51.56
hunyuan-mt-7b,144,48,0.9215,52.09
hunyuan-mt-7b,167,90,1.6856,53.39
hunyuan-mt-7b,217,115,2.1583,53.28
hunyuan-mt-7b,124,43,0.8259,52.07
hunyuan-mt-7b,150,56,1.0616,52.75
hunyuan-mt-7b,95,22,0.44,50.0
hunyuan-mt-7b,131,57,1.0848,52.55
hunyuan-mt-7b,106,31,0.6148,50.42
hunyuan-mt-7b,76,12,0.2637,45.51
hunyuan-mt-7b,109,31,0.6076,51.02
hunyuan-mt-7b,152,60,1.1274,53.22
hunyuan-mt-7b,133,52,0.9936,52.34
hunyuan-mt-7b,86,15,0.3131,47.91
hunyuan-mt-7b,98,25,0.4922,50.79
hunyuan-mt-7b,87,18,0.3645,49.38
hunyuan-mt-7b,98,24,0.4834,49.65
hunyuan-mt-7b,247,149,2.7928,53.35
hunyuan-mt-7b,126,44,0.845,52.07
hunyuan-mt-7b,98,33,0.6521,50.61
hunyuan-mt-7b,125,46,0.8974,51.26
hunyuan-mt-7b,145,54,1.0253,52.67
hunyuan-mt-7b,331,226,4.1954,53.87
hunyuan-mt-7b,160,63,1.2075,52.17
hunyuan-mt-7b,264,158,2.9644,53.3
hunyuan-mt-7b,159,65,1.2398,52.43
hunyuan-mt-7b,134,51,0.983,51.88
hunyuan-mt-7b,96,22,0.4451,49.42
hunyuan-mt-7b,104,29,0.586,49.49
hunyuan-mt-7b,125,55,1.0632,51.73
hunyuan-mt-7b,87,18,0.3815,47.18
hunyuan-mt-7b,84,12,0.2609,46.0
hunyuan-mt-7b,109,33,0.6525,50.57
hunyuan-mt-7b,121,42,0.8267,50.8
hunyuan-mt-7b,126,35,0.696,50.28
hunyuan-mt-7b,181,78,1.4917,52.29
hunyuan-mt-7b,230,122,2.2856,53.38
hunyuan-mt-7b,104,28,0.5688,49.22
hunyuan-mt-7b,141,52,1.0136,51.3
hunyuan-mt-7b,190,100,1.8853,53.04
hunyuan-mt-7b,119,46,0.8996,51.13
hunyuan-mt-7b,87,17,0.3458,49.16
hunyuan-mt-7b,92,22,0.4431,49.65
hunyuan-mt-7b,155,67,1.2832,52.21
hunyuan-mt-7b,113,28,0.5514,50.78
hunyuan-mt-7b,111,40,0.7888,50.71
hunyuan-mt-7b,89,18,0.3656,49.24
hunyuan-mt-7b,116,41,0.7893,51.94
hunyuan-mt-7b,112,26,0.5071,51.28
hunyuan-mt-7b,94,29,0.5671,51.14
hunyuan-mt-7b,133,59,1.1223,52.57
hunyuan-mt-7b,134,49,0.9441,51.9
hunyuan-mt-7b,159,68,1.3041,52.14
hunyuan-mt-7b,125,53,1.0282,51.55
hunyuan-mt-7b,128,51,0.9906,51.48
hunyuan-mt-7b,112,34,0.6712,50.66
hunyuan-mt-7b,122,39,0.7689,50.72
hunyuan-mt-7b,121,41,0.802,51.12
hunyuan-mt-7b,279,155,2.8985,53.48
hunyuan-mt-7b,106,32,0.6427,49.79
hunyuan-mt-7b,160,63,1.236,50.97
hunyuan-mt-7b,137,46,0.907,50.72
hunyuan-mt-7b,185,65,1.2646,51.4
hunyuan-mt-7b,99,22,0.4664,47.17
hunyuan-mt-7b,92,31,0.6386,48.54
hunyuan-mt-7b,153,67,1.3086,51.2
hunyuan-mt-7b,97,27,0.5604,48.18
hunyuan-mt-7b,92,21,0.451,46.57
hunyuan-mt-7b,170,67,1.3043,51.37
hunyuan-mt-7b,104,35,0.7077,49.45
hunyuan-mt-7b,114,50,0.9812,50.96
hunyuan-mt-7b,130,52,1.0216,50.9
hunyuan-mt-7b,103,26,0.5581,46.59
hunyuan-mt-7b,173,77,1.4876,51.76
hunyuan-mt-7b,147,54,1.0573,51.07
hunyuan-mt-7b,98,18,0.3763,47.84
hunyuan-mt-7b,95,30,0.605,49.59
hunyuan-mt-7b,106,30,0.6043,49.64
hunyuan-mt-7b,108,34,0.7089,47.96
hunyuan-mt-7b,171,72,1.4133,50.94
hunyuan-mt-7b,101,31,0.6378,48.61
hunyuan-mt-7b,119,36,0.743,48.45
hunyuan-mt-7b,108,67,1.3197,50.77
hunyuan-mt-7b,148,61,1.2044,50.65
hunyuan-mt-7b,128,44,0.8656,50.83
hunyuan-mt-7b,141,55,1.1006,49.97
hunyuan-mt-7b,127,46,0.9049,50.84
hunyuan-mt-7b,115,39,0.7755,50.29
hunyuan-mt-7b,95,20,0.427,46.84
hunyuan-mt-7b,90,19,0.3922,48.45
hunyuan-mt-7b,103,47,0.9323,50.41
hunyuan-mt-7b,95,23,0.4711,48.82
hunyuan-mt-7b,168,70,1.3847,50.55
hunyuan-mt-7b,137,49,0.961,50.99
hunyuan-mt-7b,158,84,1.6354,51.36
hunyuan-mt-7b,139,64,1.2482,51.27
hunyuan-mt-7b,143,54,1.0583,51.03
hunyuan-mt-7b,188,97,1.858,52.21
hunyuan-mt-7b,164,79,1.5062,52.45
hunyuan-mt-7b,134,48,0.8964,53.55
hunyuan-mt-7b,106,35,0.661,52.95
hunyuan-mt-7b,130,50,0.9403,53.18
hunyuan-mt-7b,98,15,0.2979,50.35
hunyuan-mt-7b,158,71,1.3609,52.17
hunyuan-mt-7b,183,93,1.7887,51.99
hunyuan-mt-7b,115,29,0.549,52.82
hunyuan-mt-7b,192,96,1.8563,51.72
hunyuan-mt-7b,233,99,1.9126,51.76
hunyuan-mt-7b,133,46,0.8855,51.95
hunyuan-mt-7b,162,107,2.0603,51.93
hunyuan-mt-7b,223,112,2.1535,52.01
hunyuan-mt-7b,120,53,0.9931,53.37
hunyuan-mt-7b,117,40,0.754,53.05
hunyuan-mt-7b,159,66,1.2446,53.03
hunyuan-mt-7b,200,101,1.9061,52.99
hunyuan-mt-7b,145,50,0.9447,52.93
hunyuan-mt-7b,186,95,1.7874,53.15
hunyuan-mt-7b,110,39,0.7517,51.88
hunyuan-mt-7b,115,35,0.682,51.32
hunyuan-mt-7b,78,10,0.2204,45.37
hunyuan-mt-7b,150,83,1.5505,53.53
hunyuan-mt-7b,147,62,1.1564,53.62
hunyuan-mt-7b,96,34,0.6437,52.82
hunyuan-mt-7b,176,83,1.5473,53.64
hunyuan-mt-7b,125,50,0.9554,52.34
hunyuan-mt-7b,162,71,1.3182,53.86
hunyuan-mt-7b,121,40,0.7437,53.79
hunyuan-mt-7b,132,49,0.9347,52.42
hunyuan-mt-7b,143,60,1.1262,53.28
hunyuan-mt-7b,82,10,0.2147,46.58
hunyuan-mt-7b,151,63,1.1754,53.6
hunyuan-mt-7b,127,68,1.2686,53.6
hunyuan-mt-7b,108,44,0.8223,53.51
hunyuan-mt-7b,232,141,2.6057,54.11
hunyuan-mt-7b,114,35,0.6477,54.04
hunyuan-mt-7b,102,27,0.5141,52.52
hunyuan-mt-7b,205,111,2.0265,54.77
hunyuan-mt-7b,106,25,0.4717,53.0
hunyuan-mt-7b,257,138,2.558,53.95
hunyuan-mt-7b,128,53,0.9814,54.01
hunyuan-mt-7b,176,79,1.4652,53.92
hunyuan-mt-7b,144,43,0.8154,52.74
hunyuan-mt-7b,144,64,1.1905,53.76
hunyuan-mt-7b,224,125,2.3148,54.0
hunyuan-mt-7b,265,164,3.0437,53.88
hunyuan-mt-7b,259,151,2.8049,53.83
hunyuan-mt-7b,107,28,0.5483,51.07
hunyuan-mt-7b,82,15,0.3184,47.1
hunyuan-mt-7b,96,22,0.4533,48.53
hunyuan-mt-7b,162,78,1.4525,53.7
hunyuan-mt-7b,140,64,1.1906,53.76
hunyuan-mt-7b,194,87,1.6073,54.13
hunyuan-mt-7b,117,41,0.7804,52.53
hunyuan-mt-7b,106,29,0.5812,49.9
hunyuan-mt-7b,162,79,1.4719,53.67
hunyuan-mt-7b,169,74,1.3844,53.45
hunyuan-mt-7b,146,74,1.3842,53.46
hunyuan-mt-7b,130,43,0.8321,51.68
hunyuan-mt-7b,192,84,1.5568,53.96
hunyuan-mt-7b,143,57,1.0701,53.27
hunyuan-mt-7b,82,10,0.204,49.01
hunyuan-mt-7b,82,10,0.2027,49.33
hunyuan-mt-7b,137,53,1.0193,52.0
hunyuan-mt-7b,126,39,0.7477,52.16
hunyuan-mt-7b,232,129,2.3886,54.01
hunyuan-mt-7b,172,77,1.4413,53.42
hunyuan-mt-7b,275,169,3.1241,54.1
hunyuan-mt-7b,124,33,0.6479,50.93
hunyuan-mt-7b,102,27,0.5353,50.44
hunyuan-mt-7b,152,86,1.606,53.55
hunyuan-mt-7b,111,32,0.6307,50.74
hunyuan-mt-7b,148,57,1.0948,52.06
hunyuan-mt-7b,95,39,0.7526,51.82
hunyuan-mt-7b,111,35,0.6839,51.18
hunyuan-mt-7b,106,31,0.6042,51.31
hunyuan-mt-7b,151,67,1.2748,52.56
hunyuan-mt-7b,134,49,0.9373,52.28
hunyuan-mt-7b,83,13,0.2642,49.21
hunyuan-mt-7b,91,23,0.4714,48.79
hunyuan-mt-7b,135,54,1.0215,52.86
hunyuan-mt-7b,198,96,1.7853,53.77
hunyuan-mt-7b,146,76,1.4442,52.62
hunyuan-mt-7b,78,9,0.2056,43.77
hunyuan-mt-7b,141,72,1.3645,52.77
hunyuan-mt-7b,88,17,0.35,48.58
hunyuan-mt-7b,110,24,0.4762,50.39
hunyuan-mt-7b,81,16,0.3282,48.75
hunyuan-mt-7b,177,77,1.4536,52.97
hunyuan-mt-7b,257,156,2.8689,54.38
hunyuan-mt-7b,120,39,0.7604,51.29
hunyuan-mt-7b,176,82,1.5389,53.28
hunyuan-mt-7b,100,27,0.5309,50.86
hunyuan-mt-7b,118,41,0.7968,51.46
hunyuan-mt-7b,100,19,0.3821,49.73
hunyuan-mt-7b,99,26,0.5122,50.76
hunyuan-mt-7b,85,16,0.3206,49.91
hunyuan-mt-7b,156,60,1.1405,52.61
hunyuan-mt-7b,107,34,0.6634,51.25
hunyuan-mt-7b,128,42,0.8042,52.22
hunyuan-mt-7b,82,13,0.2845,45.69
hunyuan-mt-7b,104,31,0.6258,49.54
hunyuan-mt-7b,101,27,0.5395,50.05
hunyuan-mt-7b,116,34,0.6767,50.24
hunyuan-mt-7b,198,91,1.7243,52.78
hunyuan-mt-7b,110,39,0.7614,51.22
hunyuan-mt-7b,137,65,1.2494,52.03
hunyuan-mt-7b,112,43,0.841,51.13
hunyuan-mt-7b,85,13,0.2767,46.99
hunyuan-mt-7b,122,30,0.5938,50.52
hunyuan-mt-7b,91,19,0.3921,48.46
hunyuan-mt-7b,114,26,0.5308,48.98
hunyuan-mt-7b,198,93,1.7576,52.91
hunyuan-mt-7b,92,26,0.5273,49.31
hunyuan-mt-7b,177,72,1.3677,52.64
hunyuan-mt-7b,90,17,0.3601,47.21
hunyuan-mt-7b,101,25,0.5131,48.72
hunyuan-mt-7b,186,90,1.7166,52.43
hunyuan-mt-7b,82,33,0.6634,49.74
hunyuan-mt-7b,175,84,1.6118,52.11
hunyuan-mt-7b,120,29,0.5903,49.12
hunyuan-mt-7b,117,31,0.6339,48.9
hunyuan-mt-7b,131,52,1.0142,51.27
hunyuan-mt-7b,84,30,0.6053,49.56
hunyuan-mt-7b,155,60,1.1643,51.53
hunyuan-mt-7b,112,45,0.8917,50.46
hunyuan-mt-7b,89,29,0.5871,49.4
hunyuan-mt-7b,129,55,1.0709,51.36
hunyuan-mt-7b,94,24,0.5002,47.98
hunyuan-mt-7b,99,26,0.533,48.78
hunyuan-mt-7b,91,20,0.4208,47.53
hunyuan-mt-7b,109,33,0.6546,50.41
hunyuan-mt-7b,105,59,1.1458,51.49
hunyuan-mt-7b,90,19,0.3982,47.72
hunyuan-mt-7b,100,24,0.4839,49.6
hunyuan-mt-7b,102,36,0.7164,50.25
hunyuan-mt-7b,128,45,0.8775,51.28
hunyuan-mt-7b,114,44,0.8636,50.95
hunyuan-mt-7b,226,112,2.1317,52.54
hunyuan-mt-7b,86,13,0.2682,48.47
hunyuan-mt-7b,110,32,0.6204,51.58
hunyuan-mt-7b,114,43,0.8411,51.12
hunyuan-mt-7b,105,38,0.7442,51.06
hunyuan-mt-7b,97,15,0.3045,49.26
hunyuan-mt-7b,85,13,0.268,48.5
hunyuan-mt-7b,112,41,0.8195,50.03
hunyuan-mt-7b,77,8,0.2111,37.89
hunyuan-mt-7b,199,117,2.2364,52.32
hunyuan-mt-7b,92,31,0.6294,49.25
hunyuan-mt-7b,220,113,2.1621,52.26
hunyuan-mt-7b,100,26,0.5346,48.64
hunyuan-mt-7b,105,35,0.7067,49.53
hunyuan-mt-7b,115,47,0.9236,50.89
hunyuan-mt-7b,98,35,0.7073,49.48
hunyuan-mt-7b,133,49,0.9639,50.84
hunyuan-mt-7b,134,57,1.111,51.3
hunyuan-mt-7b,94,27,0.561,48.13
hunyuan-mt-7b,125,51,1.0059,50.7
hunyuan-mt-7b,87,14,0.3028,46.24
hunyuan-mt-7b,106,43,0.8503,50.57
hunyuan-mt-7b,88,19,0.3914,48.54
hunyuan-mt-7b,127,61,1.1892,51.29
hunyuan-mt-7b,88,16,0.3322,48.16
hunyuan-mt-7b,98,33,0.6599,50.01
hunyuan-mt-7b,110,39,0.788,49.49
hunyuan-mt-7b,120,42,0.8376,50.15
hunyuan-mt-7b,94,21,0.4211,49.87
hunyuan-mt-7b,152,73,1.4066,51.9
hunyuan-mt-7b,131,47,0.9312,50.47
hunyuan-mt-7b,414,345,6.4146,53.78
hunyuan-mt-7b,173,89,1.7022,52.29
hunyuan-mt-7b,98,26,0.5091,51.07
hunyuan-mt-7b,136,51,1.0075,50.62
hunyuan-mt-7b,136,46,0.8902,51.68
hunyuan-mt-7b,192,120,2.301,52.15
hunyuan-mt-7b,112,36,0.7016,51.31
hunyuan-mt-7b,98,21,0.4104,51.17
hunyuan-mt-7b,196,90,1.7231,52.23
hunyuan-mt-7b,105,30,0.5994,50.05
hunyuan-mt-7b,123,41,0.7892,51.95
hunyuan-mt-7b,100,26,0.5159,50.39
hunyuan-mt-7b,115,221,4.1575,53.16
hunyuan-mt-7b,96,29,0.5734,50.57
hunyuan-mt-7b,151,61,1.1596,52.61
hunyuan-mt-7b,160,64,1.2314,51.97
hunyuan-mt-7b,109,32,0.634,50.47
hunyuan-mt-7b,181,106,2.004,52.89
hunyuan-mt-7b,111,32,0.6279,50.96
hunyuan-mt-7b,149,57,1.0782,52.87
hunyuan-mt-7b,101,98,1.8591,52.71
hunyuan-mt-7b,93,18,0.3643,49.41
hunyuan-mt-7b,95,20,0.3967,50.41
hunyuan-mt-7b,128,55,1.0364,53.07
hunyuan-mt-7b,102,29,0.563,51.51
hunyuan-mt-7b,129,53,1.0101,52.47
hunyuan-mt-7b,162,80,1.5023,53.25
hunyuan-mt-7b,108,25,0.4792,52.17
hunyuan-mt-7b,192,103,1.9619,52.5
hunyuan-mt-7b,139,55,1.0515,52.31
hunyuan-mt-7b,82,36,0.6928,51.96
hunyuan-mt-7b,82,15,0.3094,48.48
hunyuan-mt-7b,102,26,0.5105,50.93
hunyuan-mt-7b,136,57,1.0775,52.9
hunyuan-mt-7b,222,119,2.2496,52.9
hunyuan-mt-7b,97,26,0.506,51.39
hunyuan-mt-7b,171,99,1.8401,53.8
hunyuan-mt-7b,149,46,0.8657,53.13
hunyuan-mt-7b,89,18,0.3547,50.75
hunyuan-mt-7b,168,81,1.5182,53.35
hunyuan-mt-7b,168,70,1.3356,52.41
hunyuan-mt-7b,93,24,0.4887,49.11
hunyuan-mt-7b,221,133,2.5438,52.28
hunyuan-mt-7b,94,25,0.5694,43.91
hunyuan-mt-7b,150,87,1.7103,50.87
hunyuan-mt-7b,163,107,2.0737,51.6
hunyuan-mt-7b,262,123,2.3725,51.84
hunyuan-mt-7b,215,115,2.2715,50.63
hunyuan-mt-7b,121,41,0.916,44.76
hunyuan-mt-7b,85,14,0.4494,31.15
hunyuan-mt-7b,141,38,0.8787,43.25
hunyuan-mt-7b,119,43,1.0101,42.57
hunyuan-mt-7b,96,28,0.8143,34.39
hunyuan-mt-7b,94,26,0.7825,33.23
hunyuan-mt-7b,176,90,1.9443,46.29
hunyuan-mt-7b,148,61,1.4076,43.33
hunyuan-mt-7b,143,69,1.5919,43.35
hunyuan-mt-7b,289,161,3.3084,48.66
hunyuan-mt-7b,98,219,4.399,49.78
hunyuan-mt-7b,81,11,0.2811,39.13
hunyuan-mt-7b,112,40,1.0788,37.08
hunyuan-mt-7b,121,32,0.9706,32.97
hunyuan-mt-7b,167,107,2.3541,45.45
hunyuan-mt-7b,202,111,2.4279,45.72
hunyuan-mt-7b,167,76,1.7765,42.78
hunyuan-mt-7b,119,31,0.6941,44.66
hunyuan-mt-7b,240,121,2.6012,46.52
hunyuan-mt-7b,107,29,0.5566,52.1
hunyuan-mt-7b,179,89,2.0134,44.2
hunyuan-mt-7b,125,38,0.7686,49.44
hunyuan-mt-7b,214,135,2.8456,47.44
hunyuan-mt-7b,129,30,0.5801,51.72
hunyuan-mt-7b,131,46,0.8896,51.71
hunyuan-mt-7b,240,134,2.8463,47.08
hunyuan-mt-7b,103,29,0.5813,49.88
hunyuan-mt-7b,251,130,2.7895,46.6
hunyuan-mt-7b,238,143,3.0175,47.39
hunyuan-mt-7b,248,148,3.1098,47.59
hunyuan-mt-7b,145,51,0.9958,51.22
hunyuan-mt-7b,133,50,0.9766,51.2
hunyuan-mt-7b,92,20,0.3776,52.96
hunyuan-mt-7b,85,16,0.3085,51.87
hunyuan-mt-7b,136,47,0.8569,54.85
hunyuan-mt-7b,102,25,0.4744,52.7
hunyuan-mt-7b,190,86,1.5844,54.28
hunyuan-mt-7b,221,102,1.8897,53.98
hunyuan-mt-7b,84,13,0.2699,48.17
hunyuan-mt-7b,294,155,2.8999,53.45
hunyuan-mt-7b,274,150,2.7604,54.34
hunyuan-mt-7b,256,122,2.2463,54.31
hunyuan-mt-7b,353,200,3.9142,51.1
hunyuan-mt-7b,224,116,2.1298,54.46
hunyuan-mt-7b,180,82,1.5307,53.57
hunyuan-mt-7b,339,194,3.6269,53.49
hunyuan-mt-7b,287,158,2.9427,53.69
hunyuan-mt-7b,349,203,3.8095,53.29
hunyuan-mt-7b,313,193,3.5597,54.22
hunyuan-mt-7b,352,227,4.4919,50.54
hunyuan-mt-7b,96,23,0.5026,45.76
hunyuan-mt-7b,112,33,0.6926,47.65
hunyuan-mt-7b,99,22,0.4964,44.32
hunyuan-mt-7b,260,142,2.6902,52.78
hunyuan-mt-7b,446,247,4.9114,50.29
hunyuan-mt-7b,197,97,1.8909,51.3
hunyuan-mt-7b,426,263,5.1095,51.47
hunyuan-mt-7b,205,102,2.0048,50.88
hunyuan-mt-7b,109,31,0.6069,51.08
hunyuan-mt-7b,474,288,5.7329,50.24
hunyuan-mt-7b,547,293,5.6989,51.41
hunyuan-mt-7b,372,217,4.0757,53.24
hunyuan-mt-7b,481,302,5.9233,50.98
hunyuan-mt-7b,529,311,6.1472,50.59
hunyuan-mt-7b,430,292,5.5695,52.43
hunyuan-mt-7b,297,163,3.1447,51.83
hunyuan-mt-7b,539,312,6.0113,51.9
hunyuan-mt-7b,230,97,1.9188,50.55
hunyuan-mt-7b,137,45,0.8704,51.7
hunyuan-mt-7b,561,341,6.7381,50.61
hunyuan-mt-7b,313,170,3.2708,51.97
hunyuan-mt-7b,538,339,6.6304,51.13
hunyuan-mt-7b,424,252,4.7493,53.06
hunyuan-mt-7b,81,12,0.268,44.77
hunyuan-mt-7b,241,130,2.5295,51.39
hunyuan-mt-7b,250,132,2.574,51.28
hunyuan-mt-7b,289,159,3.0955,51.37
hunyuan-mt-7b,195,90,1.7102,52.63
hunyuan-mt-7b,144,57,1.0929,52.16
hunyuan-mt-7b,227,108,2.08,51.92
hunyuan-mt-7b,176,76,1.4736,51.57
hunyuan-mt-7b,258,141,2.7008,52.21
hunyuan-mt-7b,162,77,1.4964,51.46
hunyuan-mt-7b,151,65,1.2596,51.6
hunyuan-mt-7b,84,13,0.2839,45.78
hunyuan-mt-7b,200,102,1.9654,51.9
hunyuan-mt-7b,213,110,2.105,52.26
hunyuan-mt-7b,96,29,0.5765,50.3
hunyuan-mt-7b,87,14,0.2962,47.27
hunyuan-mt-7b,348,189,3.5946,52.58
hunyuan-mt-7b,320,188,3.5675,52.7
hunyuan-mt-7b,364,215,4.1188,52.2
hunyuan-mt-7b,126,39,0.7447,52.37
hunyuan-mt-7b,669,424,8.0319,52.79
hunyuan-mt-7b,631,443,8.6122,51.44
hunyuan-mt-7b,682,418,7.9018,52.9
hunyuan-mt-7b,178,81,1.5495,52.28
hunyuan-mt-7b,325,197,3.7201,52.96
hunyuan-mt-7b,441,247,4.7599,51.89
hunyuan-mt-7b,218,106,2.0503,51.7
hunyuan-mt-7b,221,102,1.9616,52.0
hunyuan-mt-7b,234,125,2.4023,52.03
hunyuan-mt-7b,472,278,5.3208,52.25
hunyuan-mt-7b,185,88,1.7271,50.95
hunyuan-mt-7b,332,195,3.7418,52.11
hunyuan-mt-7b,245,139,2.6787,51.89
hunyuan-mt-7b,141,61,1.1995,50.86
hunyuan-mt-7b,256,123,2.3544,52.24
hunyuan-mt-7b,227,112,2.1586,51.88
hunyuan-mt-7b,822,487,9.3257,52.22
hunyuan-mt-7b,141,55,1.0578,52.0
hunyuan-mt-7b,138,59,1.1502,51.29
hunyuan-mt-7b,298,159,3.0166,52.71
hunyuan-mt-7b,99,23,0.441,52.16
hunyuan-mt-7b,183,78,1.5005,51.98
hunyuan-mt-7b,359,234,4.4246,52.89
hunyuan-mt-7b,162,72,1.3983,51.49
hunyuan-mt-7b,173,66,1.2709,51.93
hunyuan-mt-7b,132,46,0.8625,53.33
hunyuan-mt-7b,78,18,0.3799,47.39
hunyuan-mt-7b,97,24,0.4841,49.57
hunyuan-mt-7b,356,206,3.9098,52.69
hunyuan-mt-7b,104,30,0.5828,51.48
hunyuan-mt-7b,209,106,2.044,51.86
hunyuan-mt-7b,460,292,5.5581,52.54
hunyuan-mt-7b,176,80,1.55,51.61
hunyuan-mt-7b,155,62,1.206,51.41
hunyuan-mt-7b,296,186,3.539,52.56
hunyuan-mt-7b,106,31,0.6157,50.35
hunyuan-mt-7b,209,102,1.9116,53.36
hunyuan-mt-7b,112,37,0.7189,51.47
hunyuan-mt-7b,261,167,3.1588,52.87
hunyuan-mt-7b,130,48,0.9447,50.81
hunyuan-mt-7b,146,57,1.1053,51.57
hunyuan-mt-7b,201,95,1.7979,52.84
hunyuan-mt-7b,293,167,3.1608,52.83
hunyuan-mt-7b,383,244,4.6079,52.95
hunyuan-mt-7b,145,54,1.0457,51.64
hunyuan-mt-7b,317,186,3.5208,52.83
hunyuan-mt-7b,143,61,1.1708,52.1
hunyuan-mt-7b,257,129,2.4573,52.5
hunyuan-mt-7b,279,141,2.7065,52.1
hunyuan-mt-7b,201,97,1.8445,52.59
hunyuan-mt-7b,83,10,0.236,42.37
hunyuan-mt-7b,81,11,0.2487,44.22
hunyuan-mt-7b,116,35,0.6952,50.34
hunyuan-mt-7b,150,61,1.1649,52.37
hunyuan-mt-7b,168,79,1.5233,51.86
hunyuan-mt-7b,95,20,0.392,51.02
hunyuan-mt-7b,151,61,1.1543,52.84
hunyuan-mt-7b,166,73,1.3845,52.73
hunyuan-mt-7b,176,81,1.5416,52.54
hunyuan-mt-7b,229,138,2.6076,52.92
hunyuan-mt-7b,329,191,3.6347,52.55
hunyuan-mt-7b,98,24,0.4894,49.04
hunyuan-mt-7b,105,30,0.5869,51.12
hunyuan-mt-7b,174,90,1.7576,51.21
hunyuan-mt-7b,275,157,2.9806,52.67
hunyuan-mt-7b,138,51,1.0364,49.21
hunyuan-mt-7b,143,59,1.1984,49.23
hunyuan-mt-7b,111,34,0.7211,47.15
hunyuan-mt-7b,184,105,2.0599,50.97
hunyuan-mt-7b,136,49,1.0101,48.51
hunyuan-mt-7b,168,64,1.2873,49.72
hunyuan-mt-7b,205,98,1.9048,51.45
hunyuan-mt-7b,164,68,1.3578,50.08
hunyuan-mt-7b,202,104,2.0413,50.95
hunyuan-mt-7b,116,33,0.729,45.27
hunyuan-mt-7b,168,72,1.4558,49.46
hunyuan-mt-7b,161,83,1.6705,49.69
hunyuan-mt-7b,172,77,1.526,50.46
hunyuan-mt-7b,159,64,1.2886,49.67
hunyuan-mt-7b,293,165,3.1802,51.88
hunyuan-mt-7b,125,46,0.8916,51.59
hunyuan-mt-7b,147,64,1.281,49.96
hunyuan-mt-7b,164,68,1.3649,49.82
hunyuan-mt-7b,250,159,3.0778,51.66
hunyuan-mt-7b,350,219,4.1502,52.77
hunyuan-mt-7b,164,66,1.2678,52.06
hunyuan-mt-7b,175,79,1.5197,51.98
hunyuan-mt-7b,328,177,3.3932,52.16
hunyuan-mt-7b,409,252,4.7982,52.52
hunyuan-mt-7b,225,113,2.176,51.93
hunyuan-mt-7b,142,54,1.0031,53.83
hunyuan-mt-7b,242,130,2.4815,52.39
hunyuan-mt-7b,232,127,2.4112,52.67
hunyuan-mt-7b,225,112,2.0806,53.83
hunyuan-mt-7b,161,69,1.2656,54.52
hunyuan-mt-7b,189,64,1.1893,53.81
hunyuan-mt-7b,212,105,1.933,54.32
hunyuan-mt-7b,173,70,1.3199,53.04
hunyuan-mt-7b,228,105,1.9421,54.07
hunyuan-mt-7b,268,115,2.15,53.49
hunyuan-mt-7b,233,128,2.4207,52.88
hunyuan-mt-7b,139,50,0.9758,51.24
hunyuan-mt-7b,163,70,1.329,52.67
hunyuan-mt-7b,280,161,3.0913,52.08
hunyuan-mt-7b,110,29,0.625,46.4
hunyuan-mt-7b,121,37,0.7761,47.68
hunyuan-mt-7b,316,148,2.8955,51.11
hunyuan-mt-7b,297,152,2.9641,51.28
hunyuan-mt-7b,222,94,1.8392,51.11
hunyuan-mt-7b,279,153,2.9502,51.86
hunyuan-mt-7b,372,214,4.1587,51.46
hunyuan-mt-7b,165,76,1.5379,49.42
hunyuan-mt-7b,341,197,3.8528,51.13
hunyuan-mt-7b,193,91,1.8198,50.01
hunyuan-mt-7b,275,172,3.3244,51.74
hunyuan-mt-7b,126,47,1.0195,46.1
hunyuan-mt-7b,132,47,1.0014,46.94
hunyuan-mt-7b,286,153,2.9406,52.03
hunyuan-mt-7b,164,76,1.5586,48.76
hunyuan-mt-7b,180,94,1.8781,50.05
hunyuan-mt-7b,95,22,0.4613,47.69
hunyuan-mt-7b,115,48,1.0631,45.15
hunyuan-mt-7b,155,57,1.2631,45.13
hunyuan-mt-7b,107,40,0.8663,46.18
hunyuan-mt-7b,178,80,1.734,46.14
hunyuan-mt-7b,106,32,0.6968,45.92
hunyuan-mt-7b,185,78,1.629,47.88
hunyuan-mt-7b,167,71,1.4713,48.26
hunyuan-mt-7b,371,207,4.0903,50.61
hunyuan-mt-7b,199,92,1.9321,47.62
hunyuan-mt-7b,116,47,0.9623,48.84
hunyuan-mt-7b,252,133,2.7164,48.96
hunyuan-mt-7b,290,179,3.5344,50.65
hunyuan-mt-7b,422,244,4.7415,51.46
hunyuan-mt-7b,493,303,5.9266,51.13
hunyuan-mt-7b,193,89,1.7945,49.6
hunyuan-mt-7b,277,142,2.8975,49.01
hunyuan-mt-7b,315,92,1.851,49.7
hunyuan-mt-7b,127,55,1.0908,50.42
hunyuan-mt-7b,384,241,4.6941,51.34
hunyuan-mt-7b,244,130,2.5677,50.63
hunyuan-mt-7b,385,233,4.5533,51.17
hunyuan-mt-7b,269,142,2.7653,51.35
hunyuan-mt-7b,105,33,0.6352,51.95
hunyuan-mt-7b,221,123,2.2624,54.37
hunyuan-mt-7b,399,231,4.4984,51.35
hunyuan-mt-7b,399,231,4.4895,51.45
hunyuan-mt-7b,325,186,3.5604,52.24
hunyuan-mt-7b,362,245,4.707,52.05
hunyuan-mt-7b,354,205,3.882,52.81
hunyuan-mt-7b,415,234,4.4656,52.4
hunyuan-mt-7b,263,156,2.8927,53.93
hunyuan-mt-7b,270,170,3.1655,53.7
hunyuan-mt-7b,445,276,5.3936,51.17
hunyuan-mt-7b,399,226,4.3337,52.15
hunyuan-mt-7b,260,137,2.5655,53.4
hunyuan-mt-7b,255,154,2.9235,52.68
hunyuan-mt-7b,111,50,1.0261,48.73
hunyuan-mt-7b,359,232,4.4795,51.79
hunyuan-mt-7b,269,148,2.8197,52.49
hunyuan-mt-7b,294,166,3.178,52.23
hunyuan-mt-7b,254,165,3.1427,52.5
hunyuan-mt-7b,305,173,3.2952,52.5
hunyuan-mt-7b,393,281,5.4079,51.96
hunyuan-mt-7b,373,227,4.3313,52.41
hunyuan-mt-7b,396,255,4.8756,52.3
hunyuan-mt-7b,300,179,3.3944,52.73
hunyuan-mt-7b,238,94,1.8781,50.05
hunyuan-mt-7b,481,304,5.8602,51.88
hunyuan-mt-7b,130,47,0.9454,49.71
hunyuan-mt-7b,369,212,4.0587,52.23
hunyuan-mt-7b,477,283,5.4017,52.39
hunyuan-mt-7b,295,200,3.801,52.62
hunyuan-mt-7b,98,50,0.9296,53.78
hunyuan-mt-7b,569,308,5.7938,53.16
hunyuan-mt-7b,229,122,2.3681,51.52
hunyuan-mt-7b,132,49,0.9191,53.31
hunyuan-mt-7b,137,51,0.9658,52.81
hunyuan-mt-7b,251,137,2.6781,51.16
hunyuan-mt-7b,293,167,3.2507,51.37
hunyuan-mt-7b,200,102,1.9554,52.16
hunyuan-mt-7b,202,96,1.8437,52.07
hunyuan-mt-7b,208,125,2.3647,52.86
hunyuan-mt-7b,381,260,4.9071,52.98
hunyuan-mt-7b,662,415,7.9582,52.15
hunyuan-mt-7b,242,168,3.2588,51.55
hunyuan-mt-7b,214,110,2.0868,52.71
hunyuan-mt-7b,263,176,3.3646,52.31
hunyuan-mt-7b,122,55,1.0464,52.56
hunyuan-mt-7b,229,118,2.202,53.59
hunyuan-mt-7b,254,165,3.1013,53.2
hunyuan-mt-7b,284,155,2.9242,53.01
hunyuan-mt-7b,317,193,3.6861,52.36
hunyuan-mt-7b,130,69,1.3172,52.38
hunyuan-mt-7b,241,143,2.71,52.77
hunyuan-mt-7b,385,242,4.6656,51.87
hunyuan-mt-7b,345,211,4.0593,51.98
hunyuan-mt-7b,334,227,4.3594,52.07
hunyuan-mt-7b,357,238,4.6239,51.47
hunyuan-mt-7b,461,303,5.7766,52.45
hunyuan-mt-7b,136,44,0.9373,46.94
hunyuan-mt-7b,581,420,7.9992,52.51
hunyuan-mt-7b,337,224,4.3126,51.94
hunyuan-mt-7b,217,111,2.1812,50.89
hunyuan-mt-7b,139,55,1.181,46.57
hunyuan-mt-7b,399,243,4.6994,51.71
hunyuan-mt-7b,105,44,0.9057,48.58
hunyuan-mt-7b,265,143,2.814,50.82
hunyuan-mt-7b,171,77,1.5849,48.58
hunyuan-mt-7b,395,236,4.5476,51.9
hunyuan-mt-7b,386,235,4.5057,52.16
hunyuan-mt-7b,132,65,1.2563,51.74
hunyuan-mt-7b,156,70,1.3476,51.94
hunyuan-mt-7b,342,196,3.8036,51.53
hunyuan-mt-7b,274,151,2.9425,51.32
hunyuan-mt-7b,159,73,1.3789,52.94
hunyuan-mt-7b,410,258,4.9309,52.32
hunyuan-mt-7b,291,187,3.6144,51.74
hunyuan-mt-7b,377,213,4.1456,51.38
hunyuan-mt-7b,206,126,2.5142,50.12
hunyuan-mt-7b,229,120,2.3704,50.62
hunyuan-mt-7b,693,422,8.0922,52.15
hunyuan-mt-7b,215,96,1.8458,52.01
hunyuan-mt-7b,287,194,3.7698,51.46
hunyuan-mt-7b,321,202,3.931,51.39
hunyuan-mt-7b,294,161,3.1598,50.95
hunyuan-mt-7b,133,53,1.0482,50.56
hunyuan-mt-7b,389,223,4.3432,51.34
hunyuan-mt-7b,397,246,4.7683,51.59
hunyuan-mt-7b,137,66,1.3284,49.68
hunyuan-mt-7b,513,282,5.4463,51.78
hunyuan-mt-7b,123,55,1.0605,51.86
hunyuan-mt-7b,357,245,4.7478,51.6
hunyuan-mt-7b,370,210,4.1016,51.2
hunyuan-mt-7b,300,186,3.5736,52.05
hunyuan-mt-7b,227,129,2.4762,52.1
hunyuan-mt-7b,116,33,0.6138,53.76
hunyuan-mt-7b,370,220,4.1797,52.64
hunyuan-mt-7b,330,184,3.4755,52.94
hunyuan-mt-7b,249,131,2.4801,52.82
hunyuan-mt-7b,425,256,4.9304,51.92
hunyuan-mt-7b,381,231,4.3864,52.66
hunyuan-mt-7b,399,270,5.1761,52.16
hunyuan-mt-7b,158,76,1.4494,52.43
hunyuan-mt-7b,360,201,3.8049,52.83
hunyuan-mt-7b,152,84,1.5893,52.85
hunyuan-mt-7b,276,168,3.1503,53.33
hunyuan-mt-7b,237,138,2.6132,52.81
hunyuan-mt-7b,587,285,5.4635,52.16
hunyuan-mt-7b,433,254,4.8286,52.6
hunyuan-mt-7b,305,179,3.3818,52.93
hunyuan-mt-7b,315,196,3.7491,52.28
hunyuan-mt-7b,259,143,2.726,52.46
hunyuan-mt-7b,282,164,3.1418,52.2
hunyuan-mt-7b,332,197,3.7748,52.19
hunyuan-mt-7b,281,148,2.8346,52.21
hunyuan-mt-7b,122,49,1.0283,47.65
hunyuan-mt-7b,344,235,4.5194,52.0
hunyuan-mt-7b,160,37,0.7338,50.42
hunyuan-mt-7b,427,288,5.4514,52.83
hunyuan-mt-7b,262,108,2.0908,51.66
hunyuan-mt-7b,380,214,4.0638,52.66
hunyuan-mt-7b,336,208,3.9431,52.75
hunyuan-mt-7b,299,178,3.3676,52.86
hunyuan-mt-7b,81,9,0.1994,45.14
hunyuan-mt-7b,425,264,4.9893,52.91
hunyuan-mt-7b,180,77,1.4553,52.91
hunyuan-mt-7b,151,62,1.1264,55.04
hunyuan-mt-7b,85,20,0.3905,51.22
hunyuan-mt-7b,97,33,0.6319,52.23
hunyuan-mt-7b,100,30,0.5717,52.48
hunyuan-mt-7b,94,24,0.463,51.84
hunyuan-mt-7b,354,231,4.3263,53.39
hunyuan-mt-7b,89,17,0.3482,48.83
hunyuan-mt-7b,263,142,2.7018,52.56
hunyuan-mt-7b,133,72,1.3375,53.83
hunyuan-mt-7b,360,205,3.8639,53.05
hunyuan-mt-7b,333,199,3.753,53.02
hunyuan-mt-7b,99,27,0.5476,49.3
hunyuan-mt-7b,158,62,1.1755,52.74
hunyuan-mt-7b,285,184,3.5013,52.55
hunyuan-mt-7b,105,29,0.5955,48.7
hunyuan-mt-7b,166,76,1.4369,52.89
hunyuan-mt-7b,276,161,3.0769,52.33
hunyuan-mt-7b,313,173,3.2879,52.62
hunyuan-mt-7b,416,268,5.0567,53.0
hunyuan-mt-7b,640,398,7.5783,52.52
hunyuan-mt-7b,428,341,6.5025,52.44
hunyuan-mt-7b,254,133,2.5525,52.11
hunyuan-mt-7b,131,63,1.2788,49.27
hunyuan-mt-7b,108,38,0.7961,47.73
hunyuan-mt-7b,100,25,0.5331,46.89
hunyuan-mt-7b,266,153,2.9254,52.3
hunyuan-mt-7b,126,49,0.9968,49.16
hunyuan-mt-7b,119,74,1.4637,50.56
hunyuan-mt-7b,140,62,1.2461,49.76
hunyuan-mt-7b,89,15,0.3112,48.2
hunyuan-mt-7b,279,181,3.4725,52.12
hunyuan-mt-7b,95,44,0.9244,47.6
hunyuan-mt-7b,121,38,0.7419,51.22
hunyuan-mt-7b,254,170,3.2132,52.91
hunyuan-mt-7b,401,214,4.0805,52.44
hunyuan-mt-7b,131,64,1.2697,50.4
hunyuan-mt-7b,180,91,1.7838,51.02
hunyuan-mt-7b,308,180,3.4096,52.79
hunyuan-mt-7b,110,33,0.6416,51.43
hunyuan-mt-7b,194,91,1.7747,51.28
hunyuan-mt-7b,167,102,1.9882,51.3
hunyuan-mt-7b,144,49,0.9428,51.97
hunyuan-mt-7b,132,52,0.965,53.89
hunyuan-mt-7b,208,103,1.9697,52.29
hunyuan-mt-7b,110,32,0.5913,54.12
hunyuan-mt-7b,470,280,5.2868,52.96
hunyuan-mt-7b,199,105,2.0012,52.47
hunyuan-mt-7b,157,68,1.2736,53.39
hunyuan-mt-7b,164,70,1.3044,53.66
hunyuan-mt-7b,154,71,1.3178,53.88
hunyuan-mt-7b,182,113,2.1448,52.69
hunyuan-mt-7b,140,52,0.9701,53.6
hunyuan-mt-7b,84,13,0.2825,46.02
hunyuan-mt-7b,141,62,1.1576,53.56
hunyuan-mt-7b,254,149,2.8213,52.81
hunyuan-mt-7b,189,95,1.7612,53.94
hunyuan-mt-7b,90,16,0.3263,49.03
hunyuan-mt-7b,141,55,1.0172,54.07
hunyuan-mt-7b,108,36,0.7008,51.37
hunyuan-mt-7b,484,314,5.9308,52.94
hunyuan-mt-7b,136,53,0.9879,53.65
hunyuan-mt-7b,130,51,0.9472,53.84
hunyuan-mt-7b,150,72,1.3569,53.06
hunyuan-mt-7b,180,96,1.7668,54.34
hunyuan-mt-7b,156,68,1.2707,53.51
hunyuan-mt-7b,127,81,1.5163,53.42
hunyuan-mt-7b,105,35,0.6867,50.97
hunyuan-mt-7b,102,28,0.5627,49.76
hunyuan-mt-7b,158,79,1.4693,53.77
hunyuan-mt-7b,106,29,0.589,49.24
hunyuan-mt-7b,400,257,4.7982,53.56
hunyuan-mt-7b,86,15,0.3344,44.86
hunyuan-mt-7b,92,23,0.4808,47.84
hunyuan-mt-7b,119,43,0.8457,50.84
hunyuan-mt-7b,368,264,4.9658,53.16
hunyuan-mt-7b,109,37,0.7611,48.62
hunyuan-mt-7b,93,28,0.5961,46.97
hunyuan-mt-7b,80,16,0.3772,42.42
hunyuan-mt-7b,111,31,0.6692,46.32
hunyuan-mt-7b,87,16,0.4053,39.47
hunyuan-mt-7b,120,41,0.8531,48.06
hunyuan-mt-7b,158,66,1.3149,50.2
hunyuan-mt-7b,111,36,0.7758,46.4
hunyuan-mt-7b,96,25,0.5742,43.54
hunyuan-mt-7b,130,45,0.9465,47.54
hunyuan-mt-7b,518,308,5.8698,52.47
hunyuan-mt-7b,234,140,2.659,52.65
hunyuan-mt-7b,98,33,0.7294,45.24
hunyuan-mt-7b,139,46,0.9644,47.7
hunyuan-mt-7b,297,184,3.5223,52.24
hunyuan-mt-7b,146,40,0.8218,48.67
hunyuan-mt-7b,83,12,0.2379,50.44
hunyuan-mt-7b,128,41,0.8348,49.11
hunyuan-mt-7b,517,326,6.1671,52.86
hunyuan-mt-7b,200,98,1.9037,51.48
hunyuan-mt-7b,124,49,0.9573,51.18
hunyuan-mt-7b,128,44,0.8114,54.23
hunyuan-mt-7b,166,90,1.7234,52.22
hunyuan-mt-7b,122,47,0.8527,55.12
hunyuan-mt-7b,113,32,0.5931,53.95
hunyuan-mt-7b,194,90,1.7155,52.46
hunyuan-mt-7b,390,226,4.2403,53.3
hunyuan-mt-7b,108,34,0.6294,54.02
hunyuan-mt-7b,343,227,4.2554,53.34
hunyuan-mt-7b,128,44,0.8014,54.91
hunyuan-mt-7b,141,53,0.9861,53.75
hunyuan-mt-7b,100,37,0.7078,52.27
hunyuan-mt-7b,142,96,1.8522,51.83
hunyuan-mt-7b,153,74,1.3685,54.07
hunyuan-mt-7b,172,82,1.5218,53.88
hunyuan-mt-7b,98,21,0.4316,48.66
hunyuan-mt-7b,100,25,0.4982,50.18
hunyuan-mt-7b,109,28,0.5506,50.85
hunyuan-mt-7b,130,42,0.7938,52.91
hunyuan-mt-7b,163,84,1.5362,54.68
hunyuan-mt-7b,205,110,2.0653,53.26
hunyuan-mt-7b,259,158,2.9831,52.96
hunyuan-mt-7b,202,110,2.0641,53.29
hunyuan-mt-7b,413,260,4.8378,53.74
hunyuan-mt-7b,189,103,1.9029,54.13
hunyuan-mt-7b,153,75,1.3936,53.82
hunyuan-mt-7b,106,39,0.7744,50.36
hunyuan-mt-7b,217,118,2.2432,52.6
hunyuan-mt-7b,149,68,1.2773,53.24
hunyuan-mt-7b,109,28,0.5539,50.55
hunyuan-mt-7b,100,24,0.4879,49.19
hunyuan-mt-7b,194,119,2.2315,53.33
hunyuan-mt-7b,136,74,1.3961,53.01
hunyuan-mt-7b,104,27,0.5466,49.4
hunyuan-mt-7b,86,31,0.6292,49.27
hunyuan-mt-7b,92,20,0.4361,45.86
hunyuan-mt-7b,80,15,0.3247,46.2
hunyuan-mt-7b,220,128,2.3917,53.52
hunyuan-mt-7b,112,32,0.6443,49.67
hunyuan-mt-7b,95,19,0.3893,48.81
hunyuan-mt-7b,144,71,1.3634,52.08
hunyuan-mt-7b,100,28,0.5737,48.81
hunyuan-mt-7b,173,116,2.1489,53.98
hunyuan-mt-7b,420,281,5.2478,53.55
hunyuan-mt-7b,92,20,0.4045,49.45
hunyuan-mt-7b,106,31,0.6231,49.75
hunyuan-mt-7b,102,32,0.6422,49.83
hunyuan-mt-7b,104,28,0.5486,51.04
hunyuan-mt-7b,143,56,1.0833,51.69
hunyuan-mt-7b,99,20,0.3925,50.96
hunyuan-mt-7b,89,19,0.3736,50.86
hunyuan-mt-7b,186,93,1.7614,52.8
hunyuan-mt-7b,152,61,1.1755,51.89
hunyuan-mt-7b,92,52,0.991,52.47
hunyuan-mt-7b,101,28,0.5498,50.93
hunyuan-mt-7b,128,52,0.9961,52.2
hunyuan-mt-7b,111,47,0.9003,52.21
hunyuan-mt-7b,95,47,0.8999,52.23
hunyuan-mt-7b,281,175,3.268,53.55
hunyuan-mt-7b,143,68,1.3011,52.26
hunyuan-mt-7b,266,187,3.5077,53.31
hunyuan-mt-7b,121,42,0.7987,52.58
hunyuan-mt-7b,99,25,0.4947,50.54
hunyuan-mt-7b,156,63,1.1882,53.02
hunyuan-mt-7b,203,99,1.8615,53.18
hunyuan-mt-7b,159,82,1.5599,52.57
hunyuan-mt-7b,303,207,3.8943,53.15
hunyuan-mt-7b,110,34,0.6663,51.03
hunyuan-mt-7b,151,68,1.2719,53.46
hunyuan-mt-7b,129,51,0.9527,53.53
hunyuan-mt-7b,200,98,1.8587,52.73
hunyuan-mt-7b,131,54,1.0133,53.29
hunyuan-mt-7b,156,90,1.6999,52.95
hunyuan-mt-7b,137,49,0.9381,52.24
hunyuan-mt-7b,121,44,0.8483,51.87
hunyuan-mt-7b,113,32,0.6211,51.52
hunyuan-mt-7b,240,137,2.5808,53.08
hunyuan-mt-7b,154,76,1.4287,53.2
hunyuan-mt-7b,125,41,0.7837,52.32
hunyuan-mt-7b,259,143,2.6864,53.23
hunyuan-mt-7b,131,43,0.8201,52.43
hunyuan-mt-7b,160,91,1.6985,53.58
hunyuan-mt-7b,105,33,0.6447,51.19
hunyuan-mt-7b,257,144,2.6843,53.65
hunyuan-mt-7b,80,12,0.2577,46.56
hunyuan-mt-7b,160,63,1.1938,52.77
hunyuan-mt-7b,92,24,0.4721,50.84
hunyuan-mt-7b,92,19,0.3814,49.82
hunyuan-mt-7b,141,63,1.1941,52.76
hunyuan-mt-7b,104,29,0.5644,51.38
hunyuan-mt-7b,108,32,0.6396,50.03
hunyuan-mt-7b,93,31,0.6111,50.73
hunyuan-mt-7b,89,18,0.3768,47.76
hunyuan-mt-7b,86,20,0.4156,48.13
hunyuan-mt-7b,98,29,0.5803,49.97
hunyuan-mt-7b,119,58,1.1105,52.23
hunyuan-mt-7b,131,50,0.968,51.65
hunyuan-mt-7b,147,54,1.0465,51.6
hunyuan-mt-7b,120,40,0.7908,50.58
hunyuan-mt-7b,123,47,0.9171,51.25
hunyuan-mt-7b,139,46,0.9104,50.53
hunyuan-mt-7b,166,80,1.5299,52.29
hunyuan-mt-7b,170,79,1.5054,52.48
hunyuan-mt-7b,98,21,0.4486,46.82
hunyuan-mt-7b,115,34,0.6859,49.57
hunyuan-mt-7b,116,39,0.773,50.45
hunyuan-mt-7b,99,29,0.5905,49.11
hunyuan-mt-7b,149,70,1.3449,52.05
hunyuan-mt-7b,87,19,0.3967,47.89
hunyuan-mt-7b,168,71,1.3646,52.03
hunyuan-mt-7b,187,118,2.2254,53.02
hunyuan-mt-7b,85,13,0.2871,45.28
hunyuan-mt-7b,97,21,0.444,47.29
hunyuan-mt-7b,184,80,1.5472,51.7
hunyuan-mt-7b,197,94,1.7993,52.24
hunyuan-mt-7b,129,45,0.8945,50.31
hunyuan-mt-7b,121,43,0.8651,49.71
hunyuan-mt-7b,144,62,1.2064,51.39
hunyuan-mt-7b,85,19,0.3877,49.01
hunyuan-mt-7b,145,61,1.1857,51.45
hunyuan-mt-7b,107,40,0.7846,50.98
hunyuan-mt-7b,110,27,0.5336,50.6
hunyuan-mt-7b,117,32,0.6259,51.13
hunyuan-mt-7b,97,26,0.5239,49.63
hunyuan-mt-7b,338,280,5.2091,53.75
hunyuan-mt-7b,96,22,0.4414,49.84
hunyuan-mt-7b,94,29,0.5778,50.19
hunyuan-mt-7b,119,40,0.775,51.61
hunyuan-mt-7b,130,50,0.9793,51.06
hunyuan-mt-7b,124,58,1.1327,51.21
hunyuan-mt-7b,126,57,1.104,51.63
hunyuan-mt-7b,112,35,0.6729,52.01
hunyuan-mt-7b,161,92,1.755,52.42
hunyuan-mt-7b,158,70,1.3626,51.37
hunyuan-mt-7b,119,39,0.7702,50.64
hunyuan-mt-7b,117,42,0.8285,50.69
hunyuan-mt-7b,167,73,1.4334,50.93
hunyuan-mt-7b,274,167,3.156,52.91
hunyuan-mt-7b,123,45,0.8941,50.33
hunyuan-mt-7b,162,70,1.3636,51.34
hunyuan-mt-7b,143,55,1.0847,50.71
hunyuan-mt-7b,93,21,0.4508,46.59
hunyuan-mt-7b,104,34,0.694,48.99
hunyuan-mt-7b,122,55,1.0896,50.48
hunyuan-mt-7b,195,82,1.6138,50.81
hunyuan-mt-7b,109,32,0.6566,48.74
hunyuan-mt-7b,99,34,0.702,48.43
hunyuan-mt-7b,141,36,0.7427,48.47
hunyuan-mt-7b,101,29,0.5997,48.36
hunyuan-mt-7b,164,75,1.4658,51.17
hunyuan-mt-7b,132,61,1.2098,50.42
hunyuan-mt-7b,95,24,0.5032,47.69
hunyuan-mt-7b,179,91,1.7558,51.83
hunyuan-mt-7b,139,62,1.206,51.41
hunyuan-mt-7b,95,24,0.4949,48.5
hunyuan-mt-7b,109,69,1.3469,51.23
hunyuan-mt-7b,136,53,1.066,49.72
hunyuan-mt-7b,115,39,0.7834,49.79
hunyuan-mt-7b,105,41,0.8208,49.95
hunyuan-mt-7b,125,44,0.8912,49.37
hunyuan-mt-7b,178,88,1.7147,51.32
hunyuan-mt-7b,115,44,0.8871,49.6
hunyuan-mt-7b,103,40,0.8035,49.78
hunyuan-mt-7b,115,39,0.7823,49.85
hunyuan-mt-7b,115,69,1.364,50.59
hunyuan-mt-7b,115,48,0.9639,49.8
hunyuan-mt-7b,157,68,1.3635,49.87
hunyuan-mt-7b,128,53,1.0584,50.07
hunyuan-mt-7b,87,16,0.3445,46.45
hunyuan-mt-7b,160,80,1.5845,50.49
hunyuan-mt-7b,97,22,0.4678,47.03
hunyuan-mt-7b,136,47,0.9478,49.59
hunyuan-mt-7b,95,23,0.4909,46.85
hunyuan-mt-7b,139,51,1.0141,50.29
hunyuan-mt-7b,144,78,1.5459,50.46
hunyuan-mt-7b,143,64,1.2564,50.94
hunyuan-mt-7b,209,92,1.7912,51.36
hunyuan-mt-7b,147,66,1.2747,51.78
hunyuan-mt-7b,169,81,1.5646,51.77
hunyuan-mt-7b,95,15,0.2942,50.98
hunyuan-mt-7b,189,110,2.1312,51.61
hunyuan-mt-7b,112,38,0.756,50.26
hunyuan-mt-7b,186,94,1.8299,51.37
hunyuan-mt-7b,119,37,0.7124,51.94
hunyuan-mt-7b,189,102,1.9783,51.56
hunyuan-mt-7b,203,87,1.6697,52.11
hunyuan-mt-7b,236,107,2.0764,51.53
hunyuan-mt-7b,110,35,0.6785,51.58
hunyuan-mt-7b,136,51,1.003,50.85
hunyuan-mt-7b,141,61,1.1743,51.95
hunyuan-mt-7b,119,40,0.7677,52.1
hunyuan-mt-7b,154,93,1.7662,52.66
hunyuan-mt-7b,125,37,0.7164,51.65
hunyuan-mt-7b,112,62,1.171,52.95
hunyuan-mt-7b,154,63,1.1751,53.61
hunyuan-mt-7b,115,38,0.7314,51.95
hunyuan-mt-7b,147,69,1.2946,53.3
hunyuan-mt-7b,102,85,1.5978,53.2
hunyuan-mt-7b,96,30,0.5713,52.51
hunyuan-mt-7b,80,13,0.2729,47.63
hunyuan-mt-7b,221,116,2.1773,53.28
hunyuan-mt-7b,158,94,1.768,53.17
hunyuan-mt-7b,142,96,1.8225,52.67
hunyuan-mt-7b,190,72,1.3531,53.21
hunyuan-mt-7b,176,84,1.5805,53.15
hunyuan-mt-7b,129,53,1.0255,51.68
hunyuan-mt-7b,124,45,0.886,50.79
hunyuan-mt-7b,123,54,1.0404,51.9
hunyuan-mt-7b,84,15,0.3041,49.32
hunyuan-mt-7b,118,42,0.7986,52.59
hunyuan-mt-7b,154,71,1.3401,52.98
hunyuan-mt-7b,208,108,2.0128,53.66
hunyuan-mt-7b,210,114,2.1436,53.18
hunyuan-mt-7b,98,29,0.5705,50.83
hunyuan-mt-7b,121,51,0.9697,52.59
hunyuan-mt-7b,143,67,1.2494,53.63
hunyuan-mt-7b,167,66,1.24,53.23
hunyuan-mt-7b,150,81,1.5141,53.5
hunyuan-mt-7b,264,143,2.6985,52.99
hunyuan-mt-7b,118,40,0.7743,51.66
hunyuan-mt-7b,162,81,1.525,53.11
hunyuan-mt-7b,268,172,3.2244,53.34
hunyuan-mt-7b,116,40,0.7522,53.18
hunyuan-mt-7b,151,52,0.9884,52.61
hunyuan-mt-7b,262,152,2.842,53.48
hunyuan-mt-7b,107,48,0.9065,52.95
hunyuan-mt-7b,131,58,1.1018,52.64
hunyuan-mt-7b,102,27,0.54,50.0
hunyuan-mt-7b,109,37,0.7135,51.86
hunyuan-mt-7b,89,22,0.4455,49.39
hunyuan-mt-7b,136,66,1.2452,53.0
hunyuan-mt-7b,101,24,0.4811,49.89
hunyuan-mt-7b,229,117,2.1943,53.32
hunyuan-mt-7b,152,79,1.4986,52.71
hunyuan-mt-7b,193,98,1.8329,53.47
hunyuan-mt-7b,183,78,1.4804,52.69
hunyuan-mt-7b,146,59,1.1159,52.87
hunyuan-mt-7b,160,67,1.2765,52.49
hunyuan-mt-7b,165,81,1.5449,52.43
hunyuan-mt-7b,130,53,1.0374,51.09
hunyuan-mt-7b,123,36,0.7238,49.73
hunyuan-mt-7b,104,30,0.6071,49.41
hunyuan-mt-7b,96,23,0.4828,47.64
hunyuan-mt-7b,139,61,1.1725,52.03
hunyuan-mt-7b,85,22,0.4451,49.42
hunyuan-mt-7b,102,28,0.5599,50.01
hunyuan-mt-7b,108,29,0.5794,50.05
hunyuan-mt-7b,139,52,1.0077,51.6
hunyuan-mt-7b,154,91,1.7264,52.71
hunyuan-mt-7b,132,40,0.8065,49.6
hunyuan-mt-7b,118,37,0.7438,49.75
hunyuan-mt-7b,192,91,1.7244,52.77
hunyuan-mt-7b,85,35,0.7047,49.67
hunyuan-mt-7b,149,65,1.2597,51.6
hunyuan-mt-7b,106,36,0.7148,50.36
hunyuan-mt-7b,110,39,0.7816,49.9
hunyuan-mt-7b,136,67,1.3033,51.41
hunyuan-mt-7b,134,77,1.4848,51.86
hunyuan-mt-7b,78,9,0.2081,43.26
hunyuan-mt-7b,291,192,3.6146,53.12
hunyuan-mt-7b,81,11,0.2418,45.49
hunyuan-mt-7b,90,19,0.3941,48.21
hunyuan-mt-7b,247,152,2.8516,53.3
hunyuan-mt-7b,93,23,0.4711,48.82
hunyuan-mt-7b,181,81,1.5414,52.55
hunyuan-mt-7b,171,78,1.4847,52.54
hunyuan-mt-7b,97,28,0.5332,52.51
hunyuan-mt-7b,119,43,0.8289,51.87
hunyuan-mt-7b,98,26,0.507,51.28
hunyuan-mt-7b,164,61,1.1655,52.34
hunyuan-mt-7b,109,35,0.6674,52.44
hunyuan-mt-7b,141,58,1.088,53.31
hunyuan-mt-7b,130,44,0.8465,51.98
hunyuan-mt-7b,83,20,0.3909,51.16
hunyuan-mt-7b,100,65,1.2218,53.2
hunyuan-mt-7b,82,13,0.2718,47.82
hunyuan-mt-7b,103,30,0.5663,52.97
hunyuan-mt-7b,103,28,0.5283,53.0
hunyuan-mt-7b,118,60,1.1354,52.85
hunyuan-mt-7b,115,34,0.6459,52.64
hunyuan-mt-7b,188,84,1.591,52.8
hunyuan-mt-7b,120,39,0.7304,53.39
hunyuan-mt-7b,133,43,0.809,53.15
hunyuan-mt-7b,177,93,1.7647,52.7
hunyuan-mt-7b,115,43,0.8156,52.72
hunyuan-mt-7b,141,26,0.513,50.68
hunyuan-mt-7b,131,65,1.2342,52.66
hunyuan-mt-7b,90,20,0.4089,48.91
hunyuan-mt-7b,131,48,0.9113,52.67
hunyuan-mt-7b,90,17,0.3484,48.79
hunyuan-mt-7b,160,109,2.0612,52.88
hunyuan-mt-7b,92,22,0.445,49.44
hunyuan-mt-7b,186,97,1.8286,53.04
hunyuan-mt-7b,154,64,1.1997,53.35
hunyuan-mt-7b,103,27,0.5438,49.65
hunyuan-mt-7b,174,87,1.6336,53.26
hunyuan-mt-7b,105,40,0.7742,51.66
hunyuan-mt-7b,114,43,0.8314,51.72
hunyuan-mt-7b,130,52,0.9883,52.61
hunyuan-mt-7b,119,32,0.6333,50.53
hunyuan-mt-7b,87,37,0.7338,50.43
hunyuan-mt-7b,82,37,0.7364,50.24
hunyuan-mt-7b,86,29,0.6023,48.15
hunyuan-mt-7b,84,36,0.7264,49.56
hunyuan-mt-7b,183,107,2.0305,52.7
hunyuan-mt-7b,98,25,0.5154,48.51
hunyuan-mt-7b,95,21,0.448,46.87
hunyuan-mt-7b,103,34,0.6984,48.68
hunyuan-mt-7b,221,33,0.6781,48.67
hunyuan-mt-7b,155,61,1.1935,51.11
hunyuan-mt-7b,233,113,2.1468,52.64
hunyuan-mt-7b,139,45,0.9074,49.59
hunyuan-mt-7b,91,20,0.4473,44.71
hunyuan-mt-7b,93,41,0.8281,49.51
hunyuan-mt-7b,92,19,0.4141,45.88
hunyuan-mt-7b,99,35,0.7227,48.43
hunyuan-mt-7b,396,298,5.5996,53.22
hunyuan-mt-7b,129,47,0.9464,49.66
hunyuan-mt-7b,108,41,0.8333,49.2
hunyuan-mt-7b,78,9,0.2207,40.77
hunyuan-mt-7b,87,14,0.3059,45.76
hunyuan-mt-7b,109,39,0.8084,48.24
hunyuan-mt-7b,87,15,0.3327,45.09
hunyuan-mt-7b,99,23,0.4914,46.8
hunyuan-mt-7b,93,27,0.5732,47.1
hunyuan-mt-7b,95,24,0.5137,46.72
hunyuan-mt-7b,123,38,0.7833,48.51
hunyuan-mt-7b,100,20,0.4196,47.66
hunyuan-mt-7b,214,116,2.2319,51.97
hunyuan-mt-7b,107,41,0.8537,48.03
hunyuan-mt-7b,116,47,0.9633,48.79
hunyuan-mt-7b,96,23,0.486,47.33
hunyuan-mt-7b,96,26,0.5445,47.75
hunyuan-mt-7b,104,34,0.7117,47.77
hunyuan-mt-7b,133,48,0.9908,48.45
hunyuan-mt-7b,131,51,1.0439,48.86
hunyuan-mt-7b,107,41,0.8362,49.03
hunyuan-mt-7b,87,14,0.2954,47.39
hunyuan-mt-7b,103,35,0.7196,48.64
hunyuan-mt-7b,86,13,0.2802,46.39
hunyuan-mt-7b,199,137,2.6268,52.16
hunyuan-mt-7b,127,59,1.1858,49.76
hunyuan-mt-7b,90,18,0.3875,46.46
hunyuan-mt-7b,123,62,1.2485,49.66
hunyuan-mt-7b,122,37,0.7532,49.13
hunyuan-mt-7b,116,61,1.2113,50.36
hunyuan-mt-7b,101,31,0.6266,49.47
hunyuan-mt-7b,97,25,0.4896,51.06
hunyuan-mt-7b,109,27,0.5119,52.75
hunyuan-mt-7b,153,88,1.6985,51.81
hunyuan-mt-7b,110,38,0.716,53.07
hunyuan-mt-7b,99,24,0.4588,52.31
hunyuan-mt-7b,137,61,1.1742,51.95
hunyuan-mt-7b,104,29,0.555,52.25
hunyuan-mt-7b,99,25,0.4667,53.57
hunyuan-mt-7b,95,29,0.5423,53.47
hunyuan-mt-7b,160,92,1.7642,52.15
hunyuan-mt-7b,141,57,1.0769,52.93
hunyuan-mt-7b,111,30,0.5695,52.67
hunyuan-mt-7b,184,130,2.4872,52.27
hunyuan-mt-7b,150,67,1.2631,53.04
hunyuan-mt-7b,101,71,1.3249,53.59
hunyuan-mt-7b,182,106,1.9991,53.02
hunyuan-mt-7b,122,53,0.9777,54.21
hunyuan-mt-7b,203,113,2.1448,52.69
hunyuan-mt-7b,132,54,0.9927,54.4
hunyuan-mt-7b,101,26,0.5134,50.64
hunyuan-mt-7b,113,37,0.7064,52.38
hunyuan-mt-7b,138,51,0.9358,54.5
hunyuan-mt-7b,126,96,1.8127,52.96
hunyuan-mt-7b,82,26,0.5103,50.95
hunyuan-mt-7b,93,25,0.4821,51.86
hunyuan-mt-7b,91,19,0.3905,48.65
hunyuan-mt-7b,148,90,1.6645,54.07
hunyuan-mt-7b,84,16,0.3308,48.37
hunyuan-mt-7b,152,84,1.5538,54.06
hunyuan-mt-7b,104,27,0.5279,51.15
hunyuan-mt-7b,170,95,1.754,54.16
hunyuan-mt-7b,129,57,1.0801,52.78
hunyuan-mt-7b,99,28,0.5499,50.92
hunyuan-mt-7b,197,118,2.2131,53.32
hunyuan-mt-7b,162,57,1.0814,52.71
hunyuan-mt-7b,242,110,2.0404,53.91
hunyuan-mt-7b,151,77,1.4275,53.94
hunyuan-mt-7b,95,28,0.5374,52.1
hunyuan-mt-7b,144,76,1.4393,52.8
hunyuan-mt-7b,95,22,0.4459,49.34
hunyuan-mt-7b,169,106,1.9601,54.08
hunyuan-mt-7b,85,20,0.4044,49.45
hunyuan-mt-7b,211,134,2.5024,53.55
hunyuan-mt-7b,245,130,2.4344,53.4
hunyuan-mt-7b,84,13,0.3188,40.78
hunyuan-mt-7b,121,40,0.883,45.3
hunyuan-mt-7b,122,44,0.9637,45.66
hunyuan-mt-7b,94,25,0.6184,40.43
hunyuan-mt-7b,140,57,1.2332,46.22
hunyuan-mt-7b,100,27,0.7151,37.76
hunyuan-mt-7b,159,87,1.8105,48.05
hunyuan-mt-7b,269,148,2.9403,50.34
hunyuan-mt-7b,104,30,0.8192,36.62
hunyuan-mt-7b,110,34,0.888,38.29
hunyuan-mt-7b,200,130,2.63,49.43
hunyuan-mt-7b,148,66,1.4738,44.78
hunyuan-mt-7b,81,11,0.3349,32.85
hunyuan-mt-7b,165,103,2.1913,47.0
hunyuan-mt-7b,117,34,0.9658,35.2
hunyuan-mt-7b,156,78,1.7779,43.87
hunyuan-mt-7b,138,60,1.4626,41.02
hunyuan-mt-7b,225,110,2.3615,46.58
hunyuan-mt-7b,199,125,2.6403,47.34
hunyuan-mt-7b,168,77,1.7729,43.43
hunyuan-mt-7b,115,33,0.7255,45.48
hunyuan-mt-7b,212,142,2.929,48.48
hunyuan-mt-7b,106,30,0.5654,53.06
hunyuan-mt-7b,121,42,0.7949,52.84
hunyuan-mt-7b,133,48,0.8891,53.99
hunyuan-mt-7b,96,214,4.2528,50.32
hunyuan-mt-7b,185,111,2.365,46.93
hunyuan-mt-7b,271,142,2.9611,47.95
hunyuan-mt-7b,210,138,2.8796,47.92
hunyuan-mt-7b,128,44,0.8554,51.44
hunyuan-mt-7b,219,138,2.8899,47.75
hunyuan-mt-7b,101,30,0.6389,46.96
hunyuan-mt-7b,267,154,3.1913,48.26
hunyuan-mt-7b,135,52,1.0136,51.3
hunyuan-mt-7b,138,57,1.102,51.72
hunyuan-mt-7b,85,17,0.329,51.66
hunyuan-mt-7b,94,23,0.4361,52.74
hunyuan-mt-7b,132,46,0.8323,55.27
hunyuan-mt-7b,191,87,1.6223,53.63
hunyuan-mt-7b,102,25,0.4831,51.75
hunyuan-mt-7b,259,128,2.3625,54.18
hunyuan-mt-7b,83,12,0.2605,46.07
hunyuan-mt-7b,198,97,1.7963,54.0
hunyuan-mt-7b,275,160,2.9457,54.32
hunyuan-mt-7b,332,173,3.2587,53.09
hunyuan-mt-7b,259,122,2.2983,53.08
hunyuan-mt-7b,348,193,3.6636,52.68
hunyuan-mt-7b,215,116,2.1482,54.0
hunyuan-mt-7b,332,216,4.2005,51.42
hunyuan-mt-7b,162,67,1.2858,52.11
hunyuan-mt-7b,318,184,3.4336,53.59
hunyuan-mt-7b,98,14,0.3138,44.61
hunyuan-mt-7b,273,148,2.8105,52.66
hunyuan-mt-7b,248,132,2.4786,53.26
hunyuan-mt-7b,99,27,0.5885,45.88
hunyuan-mt-7b,118,40,0.8177,48.92
hunyuan-mt-7b,363,259,5.1615,50.18
hunyuan-mt-7b,458,263,5.0906,51.66
hunyuan-mt-7b,196,102,1.9748,51.65
hunyuan-mt-7b,208,98,1.9082,51.36
hunyuan-mt-7b,462,292,5.7223,51.03
hunyuan-mt-7b,487,299,5.8807,50.84
hunyuan-mt-7b,422,282,5.3537,52.67
hunyuan-mt-7b,105,29,0.5698,50.89
hunyuan-mt-7b,373,209,3.9556,52.84
hunyuan-mt-7b,510,308,6.0856,50.61
hunyuan-mt-7b,502,312,5.957,52.38
hunyuan-mt-7b,465,329,6.3289,51.98
hunyuan-mt-7b,494,339,6.6265,51.16
hunyuan-mt-7b,228,107,2.0516,52.15
hunyuan-mt-7b,305,164,3.1504,52.06
hunyuan-mt-7b,309,171,3.2856,52.05
hunyuan-mt-7b,226,127,2.4388,52.07
hunyuan-mt-7b,550,348,6.688,52.03
hunyuan-mt-7b,134,53,1.0376,51.08
hunyuan-mt-7b,536,371,7.258,51.12
hunyuan-mt-7b,254,134,2.5676,52.19
hunyuan-mt-7b,78,22,0.4564,48.21
hunyuan-mt-7b,251,133,2.5148,52.89
hunyuan-mt-7b,298,179,3.4103,52.49
hunyuan-mt-7b,164,77,1.4559,52.89
hunyuan-mt-7b,191,87,1.6692,52.12
hunyuan-mt-7b,410,292,5.4763,53.32
hunyuan-mt-7b,144,55,1.1025,49.89
hunyuan-mt-7b,227,115,2.2036,52.19
hunyuan-mt-7b,158,80,1.5387,51.99
hunyuan-mt-7b,194,110,2.0965,52.47
hunyuan-mt-7b,89,18,0.356,50.57
hunyuan-mt-7b,210,109,2.0601,52.91
hunyuan-mt-7b,152,72,1.3951,51.61
hunyuan-mt-7b,334,205,3.9062,52.48
hunyuan-mt-7b,637,432,8.3972,51.45
hunyuan-mt-7b,88,15,0.3344,44.85
hunyuan-mt-7b,661,406,7.6383,53.15
hunyuan-mt-7b,318,194,3.6709,52.85
hunyuan-mt-7b,106,32,0.6542,48.91
hunyuan-mt-7b,313,188,3.5646,52.74
hunyuan-mt-7b,124,37,0.7367,50.22
hunyuan-mt-7b,634,434,8.2068,52.88
hunyuan-mt-7b,209,96,1.8288,52.49
hunyuan-mt-7b,206,86,1.6756,51.32
hunyuan-mt-7b,424,266,5.1031,52.13
hunyuan-mt-7b,175,76,1.4905,50.99
hunyuan-mt-7b,181,81,1.584,51.14
hunyuan-mt-7b,228,120,2.321,51.7
hunyuan-mt-7b,340,215,4.072,52.8
hunyuan-mt-7b,321,186,3.5596,52.25
hunyuan-mt-7b,450,289,5.5224,52.33
hunyuan-mt-7b,235,135,2.5949,52.02
hunyuan-mt-7b,148,60,1.1722,51.19
hunyuan-mt-7b,137,56,1.0843,51.65
hunyuan-mt-7b,132,43,0.861,49.94
hunyuan-mt-7b,177,71,1.367,51.94
hunyuan-mt-7b,236,115,2.1923,52.46
hunyuan-mt-7b,774,496,9.4154,52.68
hunyuan-mt-7b,147,72,1.3935,51.67
hunyuan-mt-7b,454,275,5.2085,52.8
hunyuan-mt-7b,335,215,4.0871,52.6
hunyuan-mt-7b,79,10,0.2309,43.31
hunyuan-mt-7b,276,155,2.95,52.54
hunyuan-mt-7b,252,139,2.6512,52.43
hunyuan-mt-7b,100,24,0.4856,49.43
hunyuan-mt-7b,172,65,1.251,51.96
hunyuan-mt-7b,196,94,1.8152,51.79
hunyuan-mt-7b,97,24,0.4883,49.15
hunyuan-mt-7b,105,30,0.6062,49.49
hunyuan-mt-7b,335,193,3.7124,51.99
hunyuan-mt-7b,136,50,0.9858,50.72
hunyuan-mt-7b,173,78,1.5353,50.8
hunyuan-mt-7b,336,197,3.7757,52.18
hunyuan-mt-7b,107,32,0.6363,50.29
hunyuan-mt-7b,295,185,3.5114,52.69
hunyuan-mt-7b,159,77,1.4703,52.37
hunyuan-mt-7b,112,35,0.6987,50.09
hunyuan-mt-7b,240,112,2.1584,51.89
hunyuan-mt-7b,131,48,0.945,50.79
hunyuan-mt-7b,257,162,3.0875,52.47
hunyuan-mt-7b,297,179,3.4014,52.63
hunyuan-mt-7b,261,138,2.6343,52.39
hunyuan-mt-7b,215,102,1.9347,52.72
hunyuan-mt-7b,149,62,1.1978,51.76
hunyuan-mt-7b,331,156,2.9667,52.58
hunyuan-mt-7b,148,57,1.1084,51.43
hunyuan-mt-7b,140,67,1.3005,51.52
hunyuan-mt-7b,174,101,1.9512,51.76
hunyuan-mt-7b,220,117,2.2392,52.25
hunyuan-mt-7b,275,164,3.157,51.95
hunyuan-mt-7b,80,10,0.25,39.99
hunyuan-mt-7b,81,11,0.2635,41.75
hunyuan-mt-7b,141,55,1.0592,51.93
hunyuan-mt-7b,190,101,1.9497,51.8
hunyuan-mt-7b,121,40,0.8181,48.89
hunyuan-mt-7b,95,20,0.4035,49.57
hunyuan-mt-7b,100,25,0.4922,50.8
hunyuan-mt-7b,176,80,1.541,51.91
hunyuan-mt-7b,159,75,1.4263,52.58
hunyuan-mt-7b,175,97,1.8701,51.87
hunyuan-mt-7b,146,57,1.1229,50.76
hunyuan-mt-7b,95,23,0.4629,49.69
hunyuan-mt-7b,178,90,1.7396,51.74
hunyuan-mt-7b,180,85,1.6651,51.05
hunyuan-mt-7b,146,57,1.1536,49.41
hunyuan-mt-7b,269,154,2.9487,52.23
hunyuan-mt-7b,135,52,1.0644,48.85
hunyuan-mt-7b,116,39,0.792,49.24
hunyuan-mt-7b,133,48,0.9832,48.82
hunyuan-mt-7b,164,68,1.3416,50.69
hunyuan-mt-7b,165,69,1.3776,50.09
hunyuan-mt-7b,201,96,1.8783,51.11
hunyuan-mt-7b,158,71,1.4334,49.53
hunyuan-mt-7b,210,110,2.1346,51.53
hunyuan-mt-7b,113,37,0.7903,46.82
hunyuan-mt-7b,168,72,1.451,49.62
hunyuan-mt-7b,169,76,1.511,50.3
hunyuan-mt-7b,149,62,1.2428,49.89
hunyuan-mt-7b,119,36,0.7398,48.66
hunyuan-mt-7b,156,57,1.1676,48.82
hunyuan-mt-7b,246,146,2.8391,51.42
hunyuan-mt-7b,140,71,1.4113,50.31
hunyuan-mt-7b,160,69,1.3182,52.34
hunyuan-mt-7b,320,215,4.0892,52.58
hunyuan-mt-7b,170,85,1.6259,52.28
hunyuan-mt-7b,412,249,4.7613,52.3
hunyuan-mt-7b,231,116,2.2252,52.13
hunyuan-mt-7b,214,110,2.1178,51.94
hunyuan-mt-7b,148,61,1.1273,54.11
hunyuan-mt-7b,301,216,4.1194,52.43
hunyuan-mt-7b,226,123,2.3398,52.57
hunyuan-mt-7b,221,106,1.9816,53.49
hunyuan-mt-7b,154,66,1.2112,54.49
hunyuan-mt-7b,312,214,4.0533,52.8
hunyuan-mt-7b,199,97,1.7963,54.0
hunyuan-mt-7b,169,91,1.685,54.0
hunyuan-mt-7b,265,163,3.0884,52.78
hunyuan-mt-7b,234,136,2.5487,53.36
hunyuan-mt-7b,206,89,1.6541,53.81
hunyuan-mt-7b,223,110,2.0781,52.93
hunyuan-mt-7b,109,28,0.5934,47.18
hunyuan-mt-7b,125,51,0.9905,51.49
hunyuan-mt-7b,278,133,2.5239,52.7
hunyuan-mt-7b,193,80,1.5104,52.96
hunyuan-mt-7b,124,40,0.8057,49.65
hunyuan-mt-7b,361,213,4.1173,51.73
hunyuan-mt-7b,273,156,3.0263,51.55
hunyuan-mt-7b,321,161,3.1218,51.57
hunyuan-mt-7b,277,158,3.0338,52.08
hunyuan-mt-7b,163,73,1.4707,49.64
hunyuan-mt-7b,153,80,1.6278,49.15
hunyuan-mt-7b,185,84,1.6812,49.96
hunyuan-mt-7b,296,178,3.4676,51.33
hunyuan-mt-7b,315,217,4.211,51.53
hunyuan-mt-7b,117,42,0.9137,45.97
hunyuan-mt-7b,174,84,1.7056,49.25
hunyuan-mt-7b,174,80,1.6443,48.65
hunyuan-mt-7b,269,157,3.0362,51.71
hunyuan-mt-7b,115,34,0.734,46.32
hunyuan-mt-7b,122,53,1.1553,45.88
hunyuan-mt-7b,126,50,1.1013,45.4
hunyuan-mt-7b,97,24,0.5319,45.12
hunyuan-mt-7b,152,60,1.3,46.15
hunyuan-mt-7b,177,91,1.921,47.37
hunyuan-mt-7b,157,66,1.3736,48.05
hunyuan-mt-7b,104,33,0.6728,49.05
hunyuan-mt-7b,185,87,1.831,47.51
hunyuan-mt-7b,199,86,1.809,47.54
hunyuan-mt-7b,116,40,0.8319,48.09
hunyuan-mt-7b,284,168,3.3455,50.22
hunyuan-mt-7b,254,135,2.7586,48.94
hunyuan-mt-7b,365,234,4.5505,51.42
hunyuan-mt-7b,487,302,5.9096,51.1
hunyuan-mt-7b,265,139,2.849,48.79
hunyuan-mt-7b,195,95,1.9209,49.46
hunyuan-mt-7b,397,241,4.7168,51.09
hunyuan-mt-7b,420,260,5.0785,51.2
hunyuan-mt-7b,247,122,2.4142,50.53
hunyuan-mt-7b,131,55,1.0831,50.78
hunyuan-mt-7b,388,242,4.7148,51.33
hunyuan-mt-7b,266,141,2.7421,51.42
hunyuan-mt-7b,312,147,2.8326,51.9
hunyuan-mt-7b,111,32,0.589,54.33
hunyuan-mt-7b,379,219,4.3032,50.89
hunyuan-mt-7b,238,125,2.3303,53.64
hunyuan-mt-7b,380,217,4.2252,51.36
hunyuan-mt-7b,222,124,2.3236,53.37
hunyuan-mt-7b,326,191,3.6379,52.5
hunyuan-mt-7b,396,231,4.4502,51.91
hunyuan-mt-7b,272,155,2.9065,53.33
hunyuan-mt-7b,438,266,5.1791,51.36
hunyuan-mt-7b,392,259,5.0663,51.12
hunyuan-mt-7b,250,141,2.6655,52.9
hunyuan-mt-7b,360,222,4.307,51.54
hunyuan-mt-7b,105,46,0.959,47.96
hunyuan-mt-7b,363,215,4.153,51.77
hunyuan-mt-7b,374,227,4.4005,51.58
hunyuan-mt-7b,288,154,2.9442,52.31
hunyuan-mt-7b,350,261,5.0734,51.44
hunyuan-mt-7b,272,150,2.8749,52.18
hunyuan-mt-7b,459,266,5.1761,51.39
hunyuan-mt-7b,267,150,2.874,52.19
hunyuan-mt-7b,256,154,2.9479,52.24
hunyuan-mt-7b,270,147,2.829,51.96
hunyuan-mt-7b,314,173,3.3226,52.07
hunyuan-mt-7b,361,224,4.3152,51.91
hunyuan-mt-7b,461,245,4.7358,51.73
hunyuan-mt-7b,403,253,4.8875,51.77
hunyuan-mt-7b,379,204,3.9353,51.84
hunyuan-mt-7b,296,177,3.417,51.8
hunyuan-mt-7b,120,52,1.053,49.38
hunyuan-mt-7b,234,109,2.1864,49.85
hunyuan-mt-7b,165,59,1.1593,50.89
hunyuan-mt-7b,102,48,0.9246,51.91
hunyuan-mt-7b,321,79,1.5365,51.42
hunyuan-mt-7b,196,89,1.7165,51.85
hunyuan-mt-7b,208,94,1.8228,51.57
hunyuan-mt-7b,139,53,1.0136,52.29
hunyuan-mt-7b,249,133,2.6439,50.3
hunyuan-mt-7b,195,87,1.6947,51.34
hunyuan-mt-7b,257,142,2.8082,50.57
hunyuan-mt-7b,137,62,1.2024,51.56
hunyuan-mt-7b,265,146,2.9034,50.29
hunyuan-mt-7b,309,171,3.3762,50.65
hunyuan-mt-7b,207,116,2.2579,51.37
hunyuan-mt-7b,624,405,7.8923,51.32
hunyuan-mt-7b,383,235,4.5712,51.41
hunyuan-mt-7b,282,155,3.0226,51.28
hunyuan-mt-7b,131,45,0.8925,50.42
hunyuan-mt-7b,557,365,6.9807,52.29
hunyuan-mt-7b,136,51,1.0089,50.55
hunyuan-mt-7b,268,144,2.7731,51.93
hunyuan-mt-7b,343,184,3.5778,51.43
hunyuan-mt-7b,362,214,4.22,50.71
hunyuan-mt-7b,326,193,3.7705,51.19
hunyuan-mt-7b,244,142,2.7552,51.54
hunyuan-mt-7b,367,167,3.2421,51.51
hunyuan-mt-7b,229,125,2.4784,50.44
hunyuan-mt-7b,128,50,1.0227,48.89
hunyuan-mt-7b,626,388,7.491,51.8
hunyuan-mt-7b,213,98,1.9732,49.67
hunyuan-mt-7b,133,61,1.2381,49.27
hunyuan-mt-7b,382,242,4.7749,50.68
hunyuan-mt-7b,371,224,4.457,50.26
hunyuan-mt-7b,356,229,4.5531,50.3
hunyuan-mt-7b,109,31,0.7015,44.19
hunyuan-mt-7b,482,312,6.1195,50.98
hunyuan-mt-7b,253,141,2.8079,50.22
hunyuan-mt-7b,184,87,1.7787,48.91
hunyuan-mt-7b,333,181,3.5637,50.79
hunyuan-mt-7b,140,61,1.208,50.5
hunyuan-mt-7b,204,95,1.9078,49.8
hunyuan-mt-7b,256,132,2.6118,50.54
hunyuan-mt-7b,373,206,4.0397,50.99
hunyuan-mt-7b,158,70,1.4049,49.83
hunyuan-mt-7b,420,253,4.9427,51.19
hunyuan-mt-7b,180,78,1.5264,51.1
hunyuan-mt-7b,164,81,1.5919,50.88
hunyuan-mt-7b,405,250,4.9103,50.91
hunyuan-mt-7b,230,116,2.3478,49.41
hunyuan-mt-7b,311,176,3.5039,50.23
hunyuan-mt-7b,307,180,3.5873,50.18
hunyuan-mt-7b,669,391,7.6616,51.03
hunyuan-mt-7b,344,190,3.818,49.76
hunyuan-mt-7b,339,191,3.8172,50.04
hunyuan-mt-7b,281,142,2.8784,49.33
hunyuan-mt-7b,290,202,4.0499,49.88
hunyuan-mt-7b,141,54,1.1591,46.59
hunyuan-mt-7b,136,59,1.2543,47.04
hunyuan-mt-7b,116,37,0.7849,47.14
hunyuan-mt-7b,351,195,3.9013,49.98
hunyuan-mt-7b,416,257,5.0792,50.6
hunyuan-mt-7b,326,176,3.4614,50.85
hunyuan-mt-7b,217,105,2.1027,49.94
hunyuan-mt-7b,116,46,0.8232,55.88
hunyuan-mt-7b,413,245,4.7422,51.66
hunyuan-mt-7b,534,341,6.5964,51.69
hunyuan-mt-7b,249,133,2.5058,53.08
hunyuan-mt-7b,383,221,4.2286,52.26
hunyuan-mt-7b,158,70,1.313,53.31
hunyuan-mt-7b,343,207,3.9743,52.08
hunyuan-mt-7b,160,80,1.5008,53.3
hunyuan-mt-7b,365,247,4.7741,51.74
hunyuan-mt-7b,390,279,5.4332,51.35
hunyuan-mt-7b,241,125,2.3366,53.5
hunyuan-mt-7b,287,157,2.9871,52.56
hunyuan-mt-7b,413,244,4.668,52.27
hunyuan-mt-7b,315,194,3.7467,51.78
hunyuan-mt-7b,404,230,4.454,51.64
hunyuan-mt-7b,317,186,3.5781,51.98
hunyuan-mt-7b,278,143,2.6944,53.07
hunyuan-mt-7b,295,186,3.5736,52.05
hunyuan-mt-7b,274,158,2.9906,52.83
hunyuan-mt-7b,124,43,0.8972,47.93
hunyuan-mt-7b,316,184,3.5349,52.05
hunyuan-mt-7b,354,228,4.4314,51.45
hunyuan-mt-7b,463,255,4.9418,51.6
hunyuan-mt-7b,296,193,3.6959,52.22
hunyuan-mt-7b,296,188,3.537,53.15
hunyuan-mt-7b,379,227,4.3112,52.65
hunyuan-mt-7b,344,210,3.9591,53.04
hunyuan-mt-7b,587,350,6.7614,51.76
hunyuan-mt-7b,245,118,2.3176,50.91
hunyuan-mt-7b,434,267,5.0818,52.54
hunyuan-mt-7b,186,82,1.5484,52.96
hunyuan-mt-7b,147,56,1.0235,54.71
hunyuan-mt-7b,347,191,3.5926,53.16
hunyuan-mt-7b,85,15,0.3025,49.58
hunyuan-mt-7b,102,28,0.5398,51.87
hunyuan-mt-7b,110,32,0.612,52.28
hunyuan-mt-7b,141,63,1.157,54.45
hunyuan-mt-7b,77,34,0.6643,51.18
hunyuan-mt-7b,258,133,2.5632,51.89
hunyuan-mt-7b,90,18,0.3794,47.45
hunyuan-mt-7b,260,134,2.5802,51.93
hunyuan-mt-7b,160,68,1.2439,54.67
hunyuan-mt-7b,611,378,7.2422,52.19
hunyuan-mt-7b,322,171,3.3084,51.69
hunyuan-mt-7b,93,27,0.5476,49.3
hunyuan-mt-7b,104,38,0.7468,50.89
hunyuan-mt-7b,281,143,2.723,52.52
hunyuan-mt-7b,442,278,5.2243,53.21
hunyuan-mt-7b,105,31,0.6424,48.26
hunyuan-mt-7b,143,68,1.3115,51.85
hunyuan-mt-7b,114,43,0.8771,49.03
hunyuan-mt-7b,108,29,0.6094,47.59
hunyuan-mt-7b,128,46,0.9226,49.86
hunyuan-mt-7b,251,131,2.5418,51.54
hunyuan-mt-7b,298,179,3.4808,51.42
hunyuan-mt-7b,254,135,2.6103,51.72
hunyuan-mt-7b,125,42,0.8904,47.17
hunyuan-mt-7b,91,18,0.4274,42.11
hunyuan-mt-7b,335,204,3.9953,51.06
hunyuan-mt-7b,136,50,1.047,47.75
hunyuan-mt-7b,540,354,6.8408,51.75
hunyuan-mt-7b,81,9,0.2248,40.04
hunyuan-mt-7b,128,40,0.862,46.41
hunyuan-mt-7b,162,45,0.959,46.93
hunyuan-mt-7b,278,159,3.0853,51.53
hunyuan-mt-7b,160,80,1.6027,49.92
hunyuan-mt-7b,252,162,3.0818,52.57
hunyuan-mt-7b,139,61,1.2385,49.25
hunyuan-mt-7b,129,48,0.9131,52.57
hunyuan-mt-7b,314,175,3.3319,52.52
hunyuan-mt-7b,115,38,0.7169,53.0
hunyuan-mt-7b,178,95,1.8762,50.64
hunyuan-mt-7b,197,89,1.7621,50.51
hunyuan-mt-7b,386,224,4.2974,52.12
hunyuan-mt-7b,134,51,0.9499,53.69
hunyuan-mt-7b,134,46,0.8415,54.66
hunyuan-mt-7b,149,60,1.1266,53.26
hunyuan-mt-7b,162,68,1.2996,52.32
hunyuan-mt-7b,146,68,1.2903,52.7
hunyuan-mt-7b,157,65,1.2272,52.97
hunyuan-mt-7b,344,200,3.8027,52.59
hunyuan-mt-7b,238,118,2.3036,51.22
hunyuan-mt-7b,162,76,1.4415,52.72
hunyuan-mt-7b,201,104,2.0408,50.96
hunyuan-mt-7b,82,11,0.2469,44.55
hunyuan-mt-7b,102,23,0.4732,48.61
hunyuan-mt-7b,113,46,0.8917,51.59
hunyuan-mt-7b,133,60,1.1354,52.85
hunyuan-mt-7b,194,120,2.3301,51.5
hunyuan-mt-7b,144,58,1.108,52.35
hunyuan-mt-7b,98,22,0.4227,52.05
hunyuan-mt-7b,135,51,0.9746,52.33
hunyuan-mt-7b,128,45,0.86,52.32
hunyuan-mt-7b,95,24,0.479,50.11
hunyuan-mt-7b,151,62,1.196,51.84
hunyuan-mt-7b,157,70,1.3333,52.5
hunyuan-mt-7b,108,31,0.603,51.41
hunyuan-mt-7b,113,39,0.7509,51.94
hunyuan-mt-7b,114,39,0.7524,51.84
hunyuan-mt-7b,163,70,1.3314,52.58
hunyuan-mt-7b,201,102,1.9048,53.55
hunyuan-mt-7b,112,34,0.678,50.15
hunyuan-mt-7b,165,72,1.383,52.06
hunyuan-mt-7b,102,27,0.5527,48.86
hunyuan-mt-7b,491,277,5.2811,52.45
hunyuan-mt-7b,95,21,0.4434,47.36
hunyuan-mt-7b,510,316,6.0915,51.88
hunyuan-mt-7b,88,17,0.3854,44.11
hunyuan-mt-7b,119,24,0.5253,45.69
hunyuan-mt-7b,149,60,1.2041,49.83
hunyuan-mt-7b,81,16,0.3814,41.95
hunyuan-mt-7b,109,34,0.7397,45.96
hunyuan-mt-7b,502,322,6.232,51.67
hunyuan-mt-7b,87,18,0.4424,40.68
hunyuan-mt-7b,112,52,1.0769,48.29
hunyuan-mt-7b,118,42,0.8966,46.85
hunyuan-mt-7b,101,32,0.6989,45.79
hunyuan-mt-7b,250,138,2.6418,52.24
hunyuan-mt-7b,134,49,1.0239,47.86
hunyuan-mt-7b,99,33,0.7255,45.48
hunyuan-mt-7b,434,274,5.2334,52.36
hunyuan-mt-7b,82,12,0.2477,48.44
hunyuan-mt-7b,127,41,0.8406,48.77
hunyuan-mt-7b,491,327,6.2515,52.31
hunyuan-mt-7b,316,194,3.7507,51.72
hunyuan-mt-7b,134,50,0.9798,51.03
hunyuan-mt-7b,167,74,1.4787,50.05
hunyuan-mt-7b,222,112,2.161,51.83
hunyuan-mt-7b,124,39,0.7329,53.21
hunyuan-mt-7b,188,74,1.4518,50.97
hunyuan-mt-7b,97,17,0.3456,49.2
hunyuan-mt-7b,138,46,0.8563,53.72
hunyuan-mt-7b,120,35,0.6598,53.05
hunyuan-mt-7b,131,51,0.9419,54.14
hunyuan-mt-7b,195,79,1.5212,51.93
hunyuan-mt-7b,184,86,1.6735,51.39
hunyuan-mt-7b,255,140,2.6984,51.88
hunyuan-mt-7b,360,216,4.1343,52.25
hunyuan-mt-7b,109,38,0.7418,51.23
hunyuan-mt-7b,142,61,1.1476,53.15
hunyuan-mt-7b,195,90,1.7455,51.56
hunyuan-mt-7b,193,83,1.5643,53.06
hunyuan-mt-7b,103,34,0.6736,50.48
hunyuan-mt-7b,406,236,4.5112,52.31
hunyuan-mt-7b,186,94,1.7996,52.23
hunyuan-mt-7b,93,20,0.4309,46.41
hunyuan-mt-7b,204,100,1.9372,51.62
hunyuan-mt-7b,139,49,0.9597,51.06
hunyuan-mt-7b,182,102,1.9255,52.97
hunyuan-mt-7b,171,81,1.5274,53.03
hunyuan-mt-7b,93,26,0.523,49.71
hunyuan-mt-7b,87,16,0.3279,48.8
hunyuan-mt-7b,176,87,1.646,52.85
hunyuan-mt-7b,216,107,2.0376,52.51
hunyuan-mt-7b,140,52,1.0194,51.01
hunyuan-mt-7b,151,74,1.4252,51.92
hunyuan-mt-7b,102,26,0.5433,47.86
hunyuan-mt-7b,219,113,2.165,52.19
hunyuan-mt-7b,108,29,0.5985,48.45
hunyuan-mt-7b,89,14,0.3025,46.28
hunyuan-mt-7b,104,40,0.8246,48.51
hunyuan-mt-7b,156,67,1.3039,51.39
hunyuan-mt-7b,101,24,0.5096,47.09
hunyuan-mt-7b,147,59,1.1747,50.22
hunyuan-mt-7b,439,258,4.9602,52.01
hunyuan-mt-7b,237,127,2.4758,51.3
hunyuan-mt-7b,108,28,0.5933,47.2
hunyuan-mt-7b,108,56,1.1342,49.38
hunyuan-mt-7b,88,17,0.3915,43.42
hunyuan-mt-7b,92,19,0.4116,46.16
hunyuan-mt-7b,441,271,5.2027,52.09
hunyuan-mt-7b,89,19,0.4034,47.1
hunyuan-mt-7b,105,28,0.6076,46.08
hunyuan-mt-7b,99,24,0.5136,46.73
hunyuan-mt-7b,101,27,0.5802,46.53
hunyuan-mt-7b,100,24,0.5023,47.78
hunyuan-mt-7b,117,31,0.6451,48.06
hunyuan-mt-7b,84,13,0.2861,45.43
hunyuan-mt-7b,177,87,1.6993,51.2
hunyuan-mt-7b,107,28,0.5546,50.48
hunyuan-mt-7b,133,47,0.9424,49.87
hunyuan-mt-7b,150,59,1.1646,50.66
hunyuan-mt-7b,132,62,1.2302,50.4
hunyuan-mt-7b,280,157,3.0223,51.95
hunyuan-mt-7b,130,44,0.8888,49.5
hunyuan-mt-7b,90,16,0.3367,47.53
hunyuan-mt-7b,118,38,0.7577,50.15
hunyuan-mt-7b,120,47,0.9462,49.67
hunyuan-mt-7b,140,55,1.1013,49.94
hunyuan-mt-7b,149,59,1.1916,49.51
hunyuan-mt-7b,143,49,0.9617,50.95
hunyuan-mt-7b,188,88,1.7251,51.01
hunyuan-mt-7b,119,37,0.7379,50.15
hunyuan-mt-7b,144,54,1.0624,50.83
hunyuan-mt-7b,130,41,0.8069,50.81
hunyuan-mt-7b,113,30,0.6056,49.54
hunyuan-mt-7b,133,68,1.3271,51.24
hunyuan-mt-7b,130,52,0.9999,52.0
hunyuan-mt-7b,180,81,1.5823,51.19
hunyuan-mt-7b,137,53,1.0126,52.34
hunyuan-mt-7b,296,204,3.9229,52.0
hunyuan-mt-7b,114,32,0.6254,51.17
hunyuan-mt-7b,125,50,0.9675,51.68
hunyuan-mt-7b,117,37,0.7138,51.83
hunyuan-mt-7b,347,195,3.6907,52.83
hunyuan-mt-7b,105,34,0.672,50.6
hunyuan-mt-7b,99,43,0.8348,51.51
hunyuan-mt-7b,251,127,2.4744,51.33
hunyuan-mt-7b,160,86,1.6529,52.03
hunyuan-mt-7b,99,24,0.4692,51.15
hunyuan-mt-7b,150,56,1.0877,51.49
hunyuan-mt-7b,92,19,0.3806,49.92
hunyuan-mt-7b,80,12,0.2553,47.01
hunyuan-mt-7b,144,59,1.1326,52.09
hunyuan-mt-7b,92,19,0.3885,48.91
hunyuan-mt-7b,216,124,2.3816,52.07
hunyuan-mt-7b,257,145,2.7941,51.89
hunyuan-mt-7b,135,55,1.0452,52.62
hunyuan-mt-7b,92,21,0.4224,49.71
hunyuan-mt-7b,104,33,0.6427,51.34
hunyuan-mt-7b,87,18,0.3578,50.31
hunyuan-mt-7b,160,65,1.2492,52.03
hunyuan-mt-7b,89,18,0.3589,50.15
hunyuan-mt-7b,125,49,0.9515,51.5
hunyuan-mt-7b,122,47,0.9091,51.7
hunyuan-mt-7b,104,34,0.6871,49.48
hunyuan-mt-7b,130,48,0.9351,51.33
hunyuan-mt-7b,150,59,1.1346,52.0
hunyuan-mt-7b,130,45,0.879,51.19
hunyuan-mt-7b,97,23,0.4696,48.98
hunyuan-mt-7b,272,162,3.0959,52.33
hunyuan-mt-7b,179,76,1.4366,52.9
hunyuan-mt-7b,101,28,0.5663,49.45
hunyuan-mt-7b,177,87,1.6608,52.38
hunyuan-mt-7b,172,74,1.3986,52.91
hunyuan-mt-7b,90,20,0.4051,49.38
hunyuan-mt-7b,107,39,0.7524,51.84
hunyuan-mt-7b,117,37,0.7331,50.47
hunyuan-mt-7b,123,37,0.7445,49.7
hunyuan-mt-7b,105,29,0.5901,49.15
hunyuan-mt-7b,177,83,1.5767,52.64
hunyuan-mt-7b,93,22,0.4438,49.57
hunyuan-mt-7b,208,102,1.9469,52.39
hunyuan-mt-7b,154,62,1.1949,51.89
hunyuan-mt-7b,119,47,0.9263,50.74
hunyuan-mt-7b,113,39,0.7712,50.57
hunyuan-mt-7b,153,65,1.2547,51.81
hunyuan-mt-7b,93,22,0.4547,48.38
hunyuan-mt-7b,92,22,0.4502,48.86
hunyuan-mt-7b,95,24,0.4917,48.81
hunyuan-mt-7b,143,68,1.309,51.95
hunyuan-mt-7b,139,53,1.0239,51.76
hunyuan-mt-7b,126,51,0.98,52.04
hunyuan-mt-7b,116,43,0.8285,51.9
hunyuan-mt-7b,134,55,1.0649,51.65
hunyuan-mt-7b,141,63,1.2207,51.61
hunyuan-mt-7b,125,40,0.7791,51.34
hunyuan-mt-7b,121,37,0.7326,50.5
hunyuan-mt-7b,155,58,1.1264,51.49
hunyuan-mt-7b,87,24,0.4897,49.01
hunyuan-mt-7b,116,27,0.5446,49.58
hunyuan-mt-7b,125,42,0.8496,49.43
hunyuan-mt-7b,98,21,0.4524,46.42
hunyuan-mt-7b,110,32,0.6505,49.19
hunyuan-mt-7b,125,46,0.9156,50.24
hunyuan-mt-7b,183,70,1.3651,51.28
hunyuan-mt-7b,111,33,0.6715,49.14
hunyuan-mt-7b,279,161,3.0646,52.54
hunyuan-mt-7b,156,75,1.459,51.41
hunyuan-mt-7b,103,30,0.6113,49.08
hunyuan-mt-7b,127,48,0.9414,50.99
hunyuan-mt-7b,141,56,1.1077,50.56
hunyuan-mt-7b,119,31,0.6343,48.87
hunyuan-mt-7b,97,21,0.4492,46.75
hunyuan-mt-7b,117,35,0.7077,49.46
hunyuan-mt-7b,91,22,0.4713,46.68
hunyuan-mt-7b,126,54,1.0657,50.67
hunyuan-mt-7b,165,72,1.4033,51.31
hunyuan-mt-7b,102,40,0.8296,48.22
hunyuan-mt-7b,301,182,3.4912,52.13
hunyuan-mt-7b,157,63,1.2706,49.58
hunyuan-mt-7b,137,49,1.013,48.37
hunyuan-mt-7b,174,81,1.6,50.63
hunyuan-mt-7b,95,22,0.4767,46.15
hunyuan-mt-7b,115,31,0.684,45.32
hunyuan-mt-7b,107,32,0.6727,47.57
hunyuan-mt-7b,89,14,0.2936,47.69
hunyuan-mt-7b,98,24,0.518,46.33
hunyuan-mt-7b,114,36,0.7569,47.56
hunyuan-mt-7b,105,37,0.7722,47.91
hunyuan-mt-7b,88,17,0.3646,46.63
hunyuan-mt-7b,124,40,0.8311,48.13
hunyuan-mt-7b,91,19,0.3729,50.95
hunyuan-mt-7b,135,56,1.1505,48.67
hunyuan-mt-7b,110,37,0.7717,47.95
hunyuan-mt-7b,125,45,0.9286,48.46
hunyuan-mt-7b,153,66,1.3443,49.1
hunyuan-mt-7b,155,61,1.2547,48.62
hunyuan-mt-7b,102,44,0.9093,48.39
hunyuan-mt-7b,131,46,0.9506,48.39
hunyuan-mt-7b,145,56,1.1183,50.08
hunyuan-mt-7b,130,56,1.1202,49.99
hunyuan-mt-7b,173,78,1.5451,50.48
hunyuan-mt-7b,103,17,0.3306,51.42
hunyuan-mt-7b,107,31,0.5973,51.9
hunyuan-mt-7b,157,60,1.1857,50.61
hunyuan-mt-7b,176,81,1.6039,50.5
hunyuan-mt-7b,198,95,1.87,50.8
hunyuan-mt-7b,188,85,1.6828,50.51
hunyuan-mt-7b,202,93,1.8335,50.72
hunyuan-mt-7b,178,82,1.5938,51.45
hunyuan-mt-7b,201,99,1.9194,51.58
hunyuan-mt-7b,139,56,1.0714,52.27
hunyuan-mt-7b,95,24,0.4686,51.22
hunyuan-mt-7b,115,46,0.8782,52.38
hunyuan-mt-7b,125,48,0.9235,51.98
hunyuan-mt-7b,179,91,1.7612,51.67
hunyuan-mt-7b,177,87,1.657,52.5
hunyuan-mt-7b,150,63,1.1918,52.86
hunyuan-mt-7b,102,34,0.668,50.9
hunyuan-mt-7b,152,75,1.4195,52.84
hunyuan-mt-7b,129,57,1.0675,53.4
hunyuan-mt-7b,123,39,0.759,51.38
hunyuan-mt-7b,196,101,1.9453,51.92
hunyuan-mt-7b,112,43,0.8452,50.88
hunyuan-mt-7b,147,79,1.5087,52.36
hunyuan-mt-7b,114,47,0.9104,51.62
hunyuan-mt-7b,152,62,1.1837,52.38
hunyuan-mt-7b,97,24,0.509,47.15
hunyuan-mt-7b,80,12,0.2823,42.5
hunyuan-mt-7b,127,49,0.96,51.04
hunyuan-mt-7b,122,39,0.7723,50.5
hunyuan-mt-7b,137,49,0.9527,51.43
hunyuan-mt-7b,101,23,0.49,46.94
hunyuan-mt-7b,117,36,0.7357,48.93
hunyuan-mt-7b,82,13,0.2691,48.3
hunyuan-mt-7b,197,90,1.7035,52.83
hunyuan-mt-7b,176,95,1.8016,52.73
hunyuan-mt-7b,123,38,0.7522,50.52
hunyuan-mt-7b,97,23,0.4512,50.98
hunyuan-mt-7b,107,28,0.5606,49.95
hunyuan-mt-7b,223,105,1.9859,52.87
hunyuan-mt-7b,184,88,1.6627,52.93
hunyuan-mt-7b,252,128,2.4294,52.69
hunyuan-mt-7b,285,136,2.6147,52.01
hunyuan-mt-7b,254,128,2.4332,52.61
hunyuan-mt-7b,152,59,1.1469,51.44
hunyuan-mt-7b,168,81,1.5449,52.43
hunyuan-mt-7b,161,69,1.3351,51.68
hunyuan-mt-7b,108,33,0.6402,51.55
hunyuan-mt-7b,89,18,0.3708,48.55
hunyuan-mt-7b,95,21,0.4312,48.7
hunyuan-mt-7b,107,29,0.5812,49.9
hunyuan-mt-7b,144,52,1.0138,51.29
hunyuan-mt-7b,101,24,0.4789,50.12
hunyuan-mt-7b,216,103,1.9612,52.52
hunyuan-mt-7b,141,62,1.19,52.1
hunyuan-mt-7b,168,76,1.4509,52.38
hunyuan-mt-7b,121,39,0.753,51.79
hunyuan-mt-7b,144,67,1.2822,52.25
hunyuan-mt-7b,139,56,1.058,52.93
hunyuan-mt-7b,114,54,1.0172,53.09
hunyuan-mt-7b,200,94,1.785,52.66
hunyuan-mt-7b,163,80,1.5283,52.35
hunyuan-mt-7b,167,69,1.2938,53.33
hunyuan-mt-7b,96,23,0.4523,50.86
hunyuan-mt-7b,85,13,0.2813,46.21
hunyuan-mt-7b,161,82,1.5748,52.07
hunyuan-mt-7b,102,36,0.7043,51.12
hunyuan-mt-7b,125,51,0.9866,51.69
hunyuan-mt-7b,167,80,1.5261,52.42
hunyuan-mt-7b,85,13,0.2857,45.51
hunyuan-mt-7b,129,42,0.812,51.73
hunyuan-mt-7b,146,55,1.0745,51.19
hunyuan-mt-7b,132,60,1.1726,51.17
hunyuan-mt-7b,147,61,1.1869,51.39
hunyuan-mt-7b,106,28,0.5814,48.16
hunyuan-mt-7b,286,162,3.0683,52.8
hunyuan-mt-7b,198,96,1.8576,51.68
hunyuan-mt-7b,125,40,0.8004,49.98
hunyuan-mt-7b,119,37,0.7376,50.16
hunyuan-mt-7b,152,65,1.2665,51.32
hunyuan-mt-7b,115,36,0.7245,49.69
hunyuan-mt-7b,114,35,0.7174,48.79
hunyuan-mt-7b,115,32,0.6529,49.01
hunyuan-mt-7b,134,54,1.064,50.75
hunyuan-mt-7b,78,9,0.1983,45.39
hunyuan-mt-7b,91,26,0.5463,47.59
hunyuan-mt-7b,91,22,0.4615,47.67
hunyuan-mt-7b,200,99,1.8828,52.58
hunyuan-mt-7b,83,14,0.2971,47.12
hunyuan-mt-7b,89,18,0.373,48.26
hunyuan-mt-7b,255,137,2.6156,52.38
hunyuan-mt-7b,97,24,0.4756,50.47
hunyuan-mt-7b,98,24,0.4775,50.26
hunyuan-mt-7b,174,73,1.4043,51.98
hunyuan-mt-7b,182,89,1.6894,52.68
hunyuan-mt-7b,83,15,0.3079,48.72
hunyuan-mt-7b,124,43,0.8371,51.37
hunyuan-mt-7b,113,44,0.8529,51.59
hunyuan-mt-7b,128,42,0.8204,51.19
hunyuan-mt-7b,116,36,0.6929,51.96
hunyuan-mt-7b,139,50,0.9863,50.69
hunyuan-mt-7b,147,55,1.0765,51.09
hunyuan-mt-7b,170,60,1.1696,51.3
hunyuan-mt-7b,97,24,0.4772,50.3
hunyuan-mt-7b,82,13,0.2777,46.82
hunyuan-mt-7b,112,33,0.6468,51.02
hunyuan-mt-7b,109,32,0.632,50.63
hunyuan-mt-7b,114,34,0.6666,51.01
hunyuan-mt-7b,126,48,0.9322,51.49
hunyuan-mt-7b,114,34,0.6685,50.86
hunyuan-mt-7b,129,42,0.8215,51.12
hunyuan-mt-7b,190,87,1.682,51.73
hunyuan-mt-7b,119,37,0.729,50.75
hunyuan-mt-7b,95,19,0.3977,47.78
hunyuan-mt-7b,195,100,1.9095,52.37
hunyuan-mt-7b,95,23,0.4712,48.82
hunyuan-mt-7b,171,74,1.4337,51.62
hunyuan-mt-7b,411,250,4.7052,53.13
hunyuan-mt-7b,92,19,0.3899,48.73
hunyuan-mt-7b,93,27,0.5484,49.23
hunyuan-mt-7b,123,44,0.8554,51.44
hunyuan-mt-7b,82,23,0.7452,30.86
hunyuan-mt-7b,115,51,1.2619,40.42
hunyuan-mt-7b,96,22,0.7283,30.21
hunyuan-mt-7b,84,30,0.8812,34.04
hunyuan-mt-7b,90,17,0.6409,26.52
hunyuan-mt-7b,133,45,1.1691,38.49
hunyuan-mt-7b,82,41,1.0966,37.39
hunyuan-mt-7b,120,46,1.1939,38.53
hunyuan-mt-7b,113,38,1.0508,36.16
hunyuan-mt-7b,139,71,1.6642,42.66
hunyuan-mt-7b,109,33,0.965,34.2
hunyuan-mt-7b,94,17,0.6819,24.93
hunyuan-mt-7b,149,57,1.4299,39.86
hunyuan-mt-7b,89,18,0.6988,25.76
hunyuan-mt-7b,92,22,0.7804,28.19
hunyuan-mt-7b,95,43,1.1758,36.57
hunyuan-mt-7b,103,33,0.9842,33.53
hunyuan-mt-7b,125,46,1.2323,37.33
hunyuan-mt-7b,169,103,2.3132,44.53
hunyuan-mt-7b,119,43,1.1688,36.79
hunyuan-mt-7b,141,54,1.3807,39.11
hunyuan-mt-7b,135,47,1.2446,37.76
hunyuan-mt-7b,210,110,2.4591,44.73
hunyuan-mt-7b,111,34,1.0254,33.16
hunyuan-mt-7b,89,16,0.3582,44.67
hunyuan-mt-7b,109,30,0.6712,44.7
hunyuan-mt-7b,87,15,0.3528,42.52
hunyuan-mt-7b,98,21,0.4667,44.99
hunyuan-mt-7b,216,110,2.4753,44.44
hunyuan-mt-7b,102,24,0.5519,43.49
hunyuan-mt-7b,91,43,1.2225,35.17
hunyuan-mt-7b,79,10,0.2703,37.0
hunyuan-mt-7b,227,111,2.5032,44.34
hunyuan-mt-7b,131,48,1.3369,35.9
hunyuan-mt-7b,102,34,0.7696,44.18
hunyuan-mt-7b,99,35,0.795,44.03
hunyuan-mt-7b,102,28,0.6291,44.51
hunyuan-mt-7b,107,27,0.6162,43.82
hunyuan-mt-7b,98,25,0.5713,43.76
hunyuan-mt-7b,90,38,0.8573,44.33
hunyuan-mt-7b,125,44,0.9899,44.45
hunyuan-mt-7b,87,14,0.3377,41.46
hunyuan-mt-7b,127,48,1.0773,44.55
hunyuan-mt-7b,106,27,0.617,43.76
hunyuan-mt-7b,90,18,0.4242,42.43
hunyuan-mt-7b,127,53,1.1778,45.0
hunyuan-mt-7b,89,15,0.3523,42.58
hunyuan-mt-7b,85,16,0.3823,41.85
hunyuan-mt-7b,146,59,1.2875,45.82
hunyuan-mt-7b,99,34,0.7459,45.58
hunyuan-mt-7b,96,23,0.4973,46.25
hunyuan-mt-7b,132,44,0.9648,45.61
hunyuan-mt-7b,130,46,1.0066,45.7
hunyuan-mt-7b,113,29,0.6032,48.08
hunyuan-mt-7b,196,112,2.5815,43.39
hunyuan-mt-7b,96,20,0.4171,47.95
hunyuan-mt-7b,134,53,1.1227,47.21
hunyuan-mt-7b,98,28,0.5824,48.08
hunyuan-mt-7b,108,33,0.6931,47.61
hunyuan-mt-7b,145,60,1.2778,46.95
hunyuan-mt-7b,180,103,2.4251,42.47
hunyuan-mt-7b,113,50,1.0338,48.36
hunyuan-mt-7b,97,39,0.7885,49.46
hunyuan-mt-7b,104,27,0.5659,47.71
hunyuan-mt-7b,189,91,1.9116,47.6
hunyuan-mt-7b,142,65,1.3642,47.65
hunyuan-mt-7b,152,65,1.3539,48.01
hunyuan-mt-7b,141,52,1.0806,48.12
hunyuan-mt-7b,131,46,0.9593,47.95
hunyuan-mt-7b,108,32,0.679,47.13
hunyuan-mt-7b,195,104,2.1998,47.28
hunyuan-mt-7b,83,14,0.3429,40.83
hunyuan-mt-7b,90,18,0.4107,43.83
hunyuan-mt-7b,107,53,1.0944,48.43
hunyuan-mt-7b,159,75,1.5487,48.43
hunyuan-mt-7b,134,50,1.0347,48.32
hunyuan-mt-7b,168,77,1.5819,48.68
hunyuan-mt-7b,110,34,0.7493,45.38
hunyuan-mt-7b,109,27,0.5755,46.92
hunyuan-mt-7b,102,26,0.5565,46.72
hunyuan-mt-7b,128,51,1.0733,47.52
hunyuan-mt-7b,115,39,0.8373,46.58
hunyuan-mt-7b,82,21,0.4563,46.02
hunyuan-mt-7b,161,69,1.4135,48.82
hunyuan-mt-7b,218,111,2.2887,48.5
hunyuan-mt-7b,122,114,2.3589,48.33
hunyuan-mt-7b,94,26,0.5541,46.92
hunyuan-mt-7b,149,69,1.4155,48.75
hunyuan-mt-7b,166,99,2.0009,49.48
hunyuan-mt-7b,192,100,2.025,49.38
hunyuan-mt-7b,159,65,1.3569,47.9
hunyuan-mt-7b,112,32,0.699,45.78
hunyuan-mt-7b,145,54,1.1433,47.23
hunyuan-mt-7b,95,24,0.5604,42.83
hunyuan-mt-7b,165,71,1.5342,46.28
hunyuan-mt-7b,90,24,0.6199,38.72
hunyuan-mt-7b,98,191,4.272,44.71
hunyuan-mt-7b,83,20,0.5497,36.39
hunyuan-mt-7b,123,39,0.9192,42.43
hunyuan-mt-7b,252,134,2.8555,46.93
hunyuan-mt-7b,158,76,1.6626,45.71
hunyuan-mt-7b,217,134,2.8664,46.75
hunyuan-mt-7b,87,16,0.5609,28.53
hunyuan-mt-7b,202,89,2.0709,42.98
hunyuan-mt-7b,249,130,2.8875,45.02
hunyuan-mt-7b,102,25,0.7856,31.82
hunyuan-mt-7b,155,67,1.6383,40.9
hunyuan-mt-7b,111,32,0.9477,33.77
hunyuan-mt-7b,102,34,1.0029,33.9
hunyuan-mt-7b,81,11,0.3933,27.97
hunyuan-mt-7b,162,75,1.8807,39.88
hunyuan-mt-7b,144,50,1.3706,36.48
hunyuan-mt-7b,122,33,1.0517,31.38
hunyuan-mt-7b,120,32,0.7354,43.51
hunyuan-mt-7b,172,82,1.9703,41.62
hunyuan-mt-7b,227,117,2.6859,43.56
hunyuan-mt-7b,102,27,0.5458,49.47
hunyuan-mt-7b,120,36,0.7222,49.84
hunyuan-mt-7b,248,127,2.8957,43.86
hunyuan-mt-7b,244,122,2.7691,44.06
hunyuan-mt-7b,239,110,2.5395,43.32
hunyuan-mt-7b,160,93,2.2026,42.22
hunyuan-mt-7b,133,51,1.0207,49.96
hunyuan-mt-7b,122,35,0.7277,48.1
hunyuan-mt-7b,104,31,0.6486,47.8
hunyuan-mt-7b,260,147,3.2671,44.99
hunyuan-mt-7b,278,145,3.2132,45.13
hunyuan-mt-7b,136,53,1.0652,49.76
hunyuan-mt-7b,148,65,1.2942,50.22
hunyuan-mt-7b,92,19,0.3722,51.04
hunyuan-mt-7b,86,15,0.3037,49.4
hunyuan-mt-7b,196,92,1.746,52.69
hunyuan-mt-7b,137,51,0.9516,53.59
hunyuan-mt-7b,286,152,2.9222,52.02
hunyuan-mt-7b,208,102,1.9533,52.22
hunyuan-mt-7b,316,167,3.2673,51.11
hunyuan-mt-7b,103,27,0.5629,47.96
hunyuan-mt-7b,268,138,2.6805,51.48
hunyuan-mt-7b,347,194,4.0522,47.88
hunyuan-mt-7b,333,180,3.584,50.22
hunyuan-mt-7b,82,27,0.6258,43.15
hunyuan-mt-7b,344,203,4.2029,48.3
hunyuan-mt-7b,203,110,2.1485,51.2
hunyuan-mt-7b,283,141,2.7559,51.16
hunyuan-mt-7b,274,163,3.1832,51.21
hunyuan-mt-7b,94,22,0.458,48.03
hunyuan-mt-7b,99,20,0.4141,48.29
hunyuan-mt-7b,179,69,1.4493,47.61
hunyuan-mt-7b,102,39,0.7959,49.0
hunyuan-mt-7b,248,135,2.6877,50.23
hunyuan-mt-7b,321,202,4.0014,50.48
hunyuan-mt-7b,437,252,5.2083,48.38
hunyuan-mt-7b,458,265,5.5723,47.56
hunyuan-mt-7b,477,267,5.6124,47.57
hunyuan-mt-7b,431,258,5.3397,48.32
hunyuan-mt-7b,191,88,1.8733,46.98
hunyuan-mt-7b,435,265,5.3502,49.53
hunyuan-mt-7b,352,198,3.9582,50.02
hunyuan-mt-7b,90,29,0.6207,46.72
hunyuan-mt-7b,211,103,2.1751,47.35
hunyuan-mt-7b,502,299,6.2001,48.23
hunyuan-mt-7b,521,310,6.4911,47.76
hunyuan-mt-7b,540,297,6.1126,48.59
hunyuan-mt-7b,265,131,2.7478,47.67
hunyuan-mt-7b,547,329,6.7177,48.98
hunyuan-mt-7b,225,105,2.1641,48.52
hunyuan-mt-7b,539,338,6.8945,49.02
hunyuan-mt-7b,417,249,4.9311,50.5
hunyuan-mt-7b,314,167,3.41,48.97
hunyuan-mt-7b,138,59,1.1933,49.44
hunyuan-mt-7b,138,49,0.9847,49.76
hunyuan-mt-7b,81,12,0.2917,41.14
hunyuan-mt-7b,235,124,2.5545,48.54
hunyuan-mt-7b,289,159,3.2245,49.31
hunyuan-mt-7b,189,82,1.6695,49.12
hunyuan-mt-7b,153,66,1.356,48.67
hunyuan-mt-7b,640,374,7.7242,48.42
hunyuan-mt-7b,262,142,2.9395,48.31
hunyuan-mt-7b,181,86,1.7653,48.72
hunyuan-mt-7b,167,79,1.6191,48.79
hunyuan-mt-7b,231,119,2.4266,49.04
hunyuan-mt-7b,256,139,2.8513,48.75
hunyuan-mt-7b,209,101,2.0651,48.91
hunyuan-mt-7b,88,17,0.3662,46.42
hunyuan-mt-7b,636,388,7.8074,49.7
hunyuan-mt-7b,635,388,7.7803,49.87
hunyuan-mt-7b,154,65,1.3802,47.09
hunyuan-mt-7b,101,29,0.6212,46.69
hunyuan-mt-7b,87,21,0.4508,46.58
hunyuan-mt-7b,314,188,3.7735,49.82
hunyuan-mt-7b,134,47,0.917,51.25
hunyuan-mt-7b,181,84,1.6559,50.73
hunyuan-mt-7b,217,104,2.0771,50.07
hunyuan-mt-7b,323,193,3.8262,50.44
hunyuan-mt-7b,340,201,4.0219,49.98
hunyuan-mt-7b,144,54,1.0683,50.55
hunyuan-mt-7b,446,269,5.4341,49.5
hunyuan-mt-7b,196,94,1.8657,50.38
hunyuan-mt-7b,233,121,2.4452,49.48
hunyuan-mt-7b,376,251,5.0771,49.44
hunyuan-mt-7b,253,131,2.6567,49.31
hunyuan-mt-7b,450,285,5.7595,49.48
hunyuan-mt-7b,236,120,2.4262,49.46
hunyuan-mt-7b,171,66,1.3169,50.12
hunyuan-mt-7b,232,113,2.2888,49.37
hunyuan-mt-7b,241,126,2.5661,49.1
hunyuan-mt-7b,355,209,4.1937,49.84
hunyuan-mt-7b,351,185,3.7069,49.91
hunyuan-mt-7b,348,247,5.0025,49.38
hunyuan-mt-7b,195,87,1.7628,49.35
hunyuan-mt-7b,136,53,1.1377,46.58
hunyuan-mt-7b,79,10,0.2387,41.9
hunyuan-mt-7b,153,63,1.3242,47.58
hunyuan-mt-7b,446,265,5.3703,49.35
hunyuan-mt-7b,131,47,1.0044,46.79
hunyuan-mt-7b,98,23,0.5042,45.62
hunyuan-mt-7b,97,24,0.5249,45.72
hunyuan-mt-7b,287,158,3.2098,49.22
hunyuan-mt-7b,103,29,0.636,45.6
hunyuan-mt-7b,807,514,10.4564,49.16
hunyuan-mt-7b,146,53,1.1304,46.89
hunyuan-mt-7b,178,67,1.4524,46.13
hunyuan-mt-7b,279,136,2.7457,49.53
hunyuan-mt-7b,145,59,1.242,47.5
hunyuan-mt-7b,181,76,1.5824,48.03
hunyuan-mt-7b,244,120,2.4259,49.47
hunyuan-mt-7b,112,36,0.7656,47.02
hunyuan-mt-7b,312,191,3.8725,49.32
hunyuan-mt-7b,111,38,0.7899,48.11
hunyuan-mt-7b,132,47,0.995,47.23
hunyuan-mt-7b,261,169,3.4005,49.7
hunyuan-mt-7b,142,50,1.0517,47.54
hunyuan-mt-7b,310,185,3.7319,49.57
hunyuan-mt-7b,154,66,1.3657,48.33
hunyuan-mt-7b,143,62,1.2873,48.16
hunyuan-mt-7b,221,115,2.4028,47.86
hunyuan-mt-7b,392,233,4.7352,49.21
hunyuan-mt-7b,311,168,3.4024,49.38
hunyuan-mt-7b,201,95,1.9814,47.95
hunyuan-mt-7b,222,106,2.2272,47.59
hunyuan-mt-7b,197,93,1.9518,47.65
hunyuan-mt-7b,205,109,2.2839,47.73
hunyuan-mt-7b,79,10,0.2715,36.83
hunyuan-mt-7b,137,49,1.0367,47.26
hunyuan-mt-7b,81,11,0.2909,37.81
hunyuan-mt-7b,104,39,0.8555,45.58
hunyuan-mt-7b,163,69,1.4502,47.58
hunyuan-mt-7b,185,90,1.8805,47.86
hunyuan-mt-7b,95,20,0.4305,46.46
hunyuan-mt-7b,164,71,1.4687,48.34
hunyuan-mt-7b,173,75,1.557,48.17
hunyuan-mt-7b,169,61,1.2991,46.95
hunyuan-mt-7b,98,24,0.5194,46.21
hunyuan-mt-7b,104,29,0.6393,45.36
hunyuan-mt-7b,243,139,2.9093,47.78
hunyuan-mt-7b,107,30,0.6614,45.36
hunyuan-mt-7b,156,64,1.3971,45.81
hunyuan-mt-7b,149,56,1.2359,45.31
hunyuan-mt-7b,187,97,2.071,46.84
hunyuan-mt-7b,138,51,1.1347,44.95
hunyuan-mt-7b,150,56,1.2298,45.54
hunyuan-mt-7b,134,43,0.9662,44.5
hunyuan-mt-7b,163,67,1.465,45.73
hunyuan-mt-7b,180,75,1.6214,46.26
hunyuan-mt-7b,117,37,0.839,44.1
hunyuan-mt-7b,174,77,1.6531,46.58
hunyuan-mt-7b,205,99,2.1129,46.86
hunyuan-mt-7b,148,53,1.1608,45.66
hunyuan-mt-7b,163,78,1.6579,47.05
hunyuan-mt-7b,126,43,0.891,48.26
hunyuan-mt-7b,272,148,3.0739,48.15
hunyuan-mt-7b,158,65,1.3744,47.29
hunyuan-mt-7b,148,69,1.4528,47.5
hunyuan-mt-7b,166,69,1.3801,50.0
hunyuan-mt-7b,174,78,1.5842,49.24
hunyuan-mt-7b,334,197,4.0273,48.92
hunyuan-mt-7b,220,49,0.9765,50.18
hunyuan-mt-7b,359,213,4.3678,48.77
hunyuan-mt-7b,211,99,2.0471,48.36
hunyuan-mt-7b,225,114,2.335,48.82
hunyuan-mt-7b,199,85,1.7002,49.99
hunyuan-mt-7b,254,123,2.4988,49.22
hunyuan-mt-7b,212,95,1.9057,49.85
hunyuan-mt-7b,145,57,1.1386,50.06
hunyuan-mt-7b,224,116,2.3808,48.72
hunyuan-mt-7b,423,260,5.3478,48.62
hunyuan-mt-7b,201,80,1.602,49.94
hunyuan-mt-7b,163,69,1.3921,49.57
hunyuan-mt-7b,354,214,4.3501,49.19
hunyuan-mt-7b,160,65,1.3271,48.98
hunyuan-mt-7b,102,28,0.6143,45.58
hunyuan-mt-7b,234,130,2.634,49.35
hunyuan-mt-7b,119,37,0.804,46.02
hunyuan-mt-7b,145,56,1.1546,48.5
hunyuan-mt-7b,271,154,3.1031,49.63
hunyuan-mt-7b,338,190,3.8433,49.44
hunyuan-mt-7b,109,30,0.6277,47.79
hunyuan-mt-7b,211,101,2.0317,49.71
hunyuan-mt-7b,169,77,1.5825,48.66
hunyuan-mt-7b,259,162,3.2941,49.18
hunyuan-mt-7b,171,77,1.6105,47.81
hunyuan-mt-7b,267,160,3.2459,49.29
hunyuan-mt-7b,186,81,1.6935,47.83
hunyuan-mt-7b,178,76,1.6029,47.41
hunyuan-mt-7b,174,66,1.4022,47.07
hunyuan-mt-7b,175,78,1.6729,46.63
hunyuan-mt-7b,367,233,4.8228,48.31
hunyuan-mt-7b,320,188,3.8918,48.31
hunyuan-mt-7b,178,79,1.716,46.04
hunyuan-mt-7b,134,53,1.1724,45.2
hunyuan-mt-7b,97,24,0.574,41.81
hunyuan-mt-7b,107,29,0.7193,40.32
hunyuan-mt-7b,114,44,1.0298,42.73
hunyuan-mt-7b,277,155,3.2207,48.13
hunyuan-mt-7b,155,63,1.4192,44.39
hunyuan-mt-7b,176,82,1.7537,46.76
hunyuan-mt-7b,155,59,1.3194,44.72
hunyuan-mt-7b,149,53,1.1578,45.78
hunyuan-mt-7b,105,29,0.611,47.47
hunyuan-mt-7b,350,186,3.8741,48.01
hunyuan-mt-7b,364,208,4.3194,48.16
hunyuan-mt-7b,117,43,0.9469,45.41
hunyuan-mt-7b,287,156,3.3336,46.8
hunyuan-mt-7b,260,130,2.8034,46.37
hunyuan-mt-7b,200,90,2.0353,44.22
hunyuan-mt-7b,238,140,3.0167,46.41
hunyuan-mt-7b,394,235,4.8765,48.19
hunyuan-mt-7b,500,307,6.3817,48.11
hunyuan-mt-7b,132,53,1.1676,45.39
hunyuan-mt-7b,256,109,2.2284,48.91
hunyuan-mt-7b,363,243,4.9835,48.76
hunyuan-mt-7b,266,136,2.7982,48.6
hunyuan-mt-7b,264,155,3.2132,48.24
hunyuan-mt-7b,116,37,0.711,52.04
hunyuan-mt-7b,337,225,4.5672,49.26
hunyuan-mt-7b,211,118,2.3037,51.22
hunyuan-mt-7b,306,168,3.3932,49.51
hunyuan-mt-7b,383,242,4.9595,48.8
hunyuan-mt-7b,264,145,2.8594,50.71
hunyuan-mt-7b,336,233,4.7805,48.74
hunyuan-mt-7b,351,213,4.2849,49.71
hunyuan-mt-7b,262,159,3.1314,50.78
hunyuan-mt-7b,282,154,3.0137,51.1
hunyuan-mt-7b,113,45,0.947,47.52
hunyuan-mt-7b,465,292,5.9438,49.13
hunyuan-mt-7b,242,162,3.1883,50.81
hunyuan-mt-7b,281,156,3.0973,50.37
hunyuan-mt-7b,369,253,5.1871,48.77
hunyuan-mt-7b,375,221,4.4338,49.84
hunyuan-mt-7b,395,255,5.2236,48.82
hunyuan-mt-7b,367,232,4.7334,49.01
hunyuan-mt-7b,453,261,5.3834,48.48
hunyuan-mt-7b,277,154,3.1101,49.52
hunyuan-mt-7b,414,246,5.041,48.8
hunyuan-mt-7b,456,240,4.8821,49.16
hunyuan-mt-7b,319,183,3.6828,49.69
hunyuan-mt-7b,272,172,3.4752,49.49
hunyuan-mt-7b,413,209,4.209,49.66
hunyuan-mt-7b,379,241,4.915,49.03
hunyuan-mt-7b,128,51,1.0838,47.06
hunyuan-mt-7b,232,115,2.3835,48.25
hunyuan-mt-7b,311,195,3.9368,49.53
hunyuan-mt-7b,300,196,3.9426,49.71
hunyuan-mt-7b,101,47,0.9104,51.62
hunyuan-mt-7b,232,123,2.4811,49.57
hunyuan-mt-7b,198,95,1.8289,51.94
hunyuan-mt-7b,250,137,2.7905,49.09
hunyuan-mt-7b,212,105,2.0596,50.98
hunyuan-mt-7b,240,140,2.8776,48.65
hunyuan-mt-7b,299,167,3.4028,49.08
hunyuan-mt-7b,228,121,2.434,49.71
hunyuan-mt-7b,137,49,1.0294,47.6
hunyuan-mt-7b,208,99,1.9745,50.14
hunyuan-mt-7b,129,53,1.1146,47.55
hunyuan-mt-7b,581,350,7.0441,49.69
hunyuan-mt-7b,269,145,2.8875,50.22
hunyuan-mt-7b,304,154,3.1356,49.11
hunyuan-mt-7b,257,140,2.8092,49.84
hunyuan-mt-7b,380,260,5.27,49.34
hunyuan-mt-7b,339,190,3.9134,48.55
hunyuan-mt-7b,316,177,3.6398,48.63
hunyuan-mt-7b,639,427,8.7373,48.87
hunyuan-mt-7b,375,154,3.1143,49.45
hunyuan-mt-7b,294,180,3.6687,49.06
hunyuan-mt-7b,243,119,2.4634,48.31
hunyuan-mt-7b,136,49,1.0786,45.43
hunyuan-mt-7b,352,193,4.0072,48.16
hunyuan-mt-7b,611,386,7.8351,49.27
hunyuan-mt-7b,347,236,4.8457,48.7
hunyuan-mt-7b,138,64,1.403,45.62
hunyuan-mt-7b,339,216,4.4805,48.21
hunyuan-mt-7b,207,94,2.0011,46.97
hunyuan-mt-7b,109,32,0.685,46.71
hunyuan-mt-7b,133,51,1.1351,44.93
hunyuan-mt-7b,379,219,4.535,48.29
hunyuan-mt-7b,240,127,2.72,46.69
hunyuan-mt-7b,136,62,1.376,45.06
hunyuan-mt-7b,255,128,2.736,46.78
hunyuan-mt-7b,170,84,1.7937,46.83
hunyuan-mt-7b,496,318,6.5733,48.38
hunyuan-mt-7b,197,100,2.0393,49.04
hunyuan-mt-7b,151,64,1.3047,49.05
hunyuan-mt-7b,139,58,1.1625,49.89
hunyuan-mt-7b,390,246,5.0263,48.94
hunyuan-mt-7b,341,184,3.8768,47.46
hunyuan-mt-7b,394,238,4.8789,48.78
hunyuan-mt-7b,241,138,2.8785,47.94
hunyuan-mt-7b,294,144,3.0562,47.12
hunyuan-mt-7b,638,370,7.6426,48.41
hunyuan-mt-7b,323,195,4.1324,47.19
hunyuan-mt-7b,168,85,1.7668,48.11
hunyuan-mt-7b,285,157,3.3135,47.38
hunyuan-mt-7b,249,135,2.8136,47.98
hunyuan-mt-7b,204,98,2.0154,48.62
hunyuan-mt-7b,283,149,3.0879,48.25
hunyuan-mt-7b,295,197,4.1456,47.52
hunyuan-mt-7b,325,182,3.8553,47.21
hunyuan-mt-7b,135,54,1.1766,45.9
hunyuan-mt-7b,388,215,4.4952,47.83
hunyuan-mt-7b,404,248,5.1583,48.08
hunyuan-mt-7b,353,198,4.1215,48.04
hunyuan-mt-7b,164,72,1.5276,47.13
hunyuan-mt-7b,120,41,0.8696,47.15
hunyuan-mt-7b,306,171,3.5215,48.56
hunyuan-mt-7b,491,301,6.1995,48.55
hunyuan-mt-7b,438,254,5.155,49.27
hunyuan-mt-7b,242,120,2.3762,50.5
hunyuan-mt-7b,384,263,5.3387,49.26
hunyuan-mt-7b,394,235,4.7434,49.54
hunyuan-mt-7b,243,171,3.476,49.19
hunyuan-mt-7b,361,196,3.9323,49.84
hunyuan-mt-7b,393,238,4.7999,49.58
hunyuan-mt-7b,290,146,2.9097,50.18
hunyuan-mt-7b,389,219,4.4315,49.42
hunyuan-mt-7b,359,215,4.3616,49.29
hunyuan-mt-7b,179,96,1.9273,49.81
hunyuan-mt-7b,116,51,1.0789,47.27
hunyuan-mt-7b,176,97,1.941,49.97
hunyuan-mt-7b,283,149,3.0257,49.25
hunyuan-mt-7b,292,173,3.5229,49.11
hunyuan-mt-7b,319,177,3.5882,49.33
hunyuan-mt-7b,325,193,3.9579,48.76
hunyuan-mt-7b,339,223,4.5174,49.37
hunyuan-mt-7b,120,45,0.949,47.42
hunyuan-mt-7b,265,148,2.9784,49.69
hunyuan-mt-7b,554,325,6.6097,49.17
hunyuan-mt-7b,295,152,3.085,49.27
hunyuan-mt-7b,266,168,3.4028,49.37
hunyuan-mt-7b,418,246,5.0615,48.6
hunyuan-mt-7b,349,208,4.1738,49.84
hunyuan-mt-7b,297,171,3.4482,49.59
hunyuan-mt-7b,355,221,4.4538,49.62
hunyuan-mt-7b,183,83,1.6375,50.69
hunyuan-mt-7b,435,268,5.3602,50.0
hunyuan-mt-7b,138,48,0.9212,52.11
hunyuan-mt-7b,145,54,1.0445,51.7
hunyuan-mt-7b,244,119,2.3988,49.61
hunyuan-mt-7b,98,35,0.6939,50.44
hunyuan-mt-7b,274,127,2.5564,49.68
hunyuan-mt-7b,368,230,4.5702,50.33
hunyuan-mt-7b,86,16,0.3457,46.29
hunyuan-mt-7b,102,28,0.589,47.54
hunyuan-mt-7b,494,319,6.4099,49.77
hunyuan-mt-7b,90,18,0.3993,45.08
hunyuan-mt-7b,155,62,1.2191,50.86
hunyuan-mt-7b,92,27,0.5708,47.31
hunyuan-mt-7b,280,137,2.7383,50.03
hunyuan-mt-7b,318,183,3.7175,49.23
hunyuan-mt-7b,81,52,1.0615,48.99
hunyuan-mt-7b,253,131,2.5821,50.73
hunyuan-mt-7b,299,169,3.4229,49.37
hunyuan-mt-7b,101,29,0.6217,46.65
hunyuan-mt-7b,180,84,1.6693,50.32
hunyuan-mt-7b,98,32,0.691,46.31
hunyuan-mt-7b,643,410,8.2234,49.86
hunyuan-mt-7b,435,290,5.7519,50.42
hunyuan-mt-7b,277,193,3.9212,49.22
hunyuan-mt-7b,361,201,4.0888,49.16
hunyuan-mt-7b,97,18,0.4326,41.61
hunyuan-mt-7b,124,44,0.9988,44.05
hunyuan-mt-7b,267,144,2.9293,49.16
hunyuan-mt-7b,292,179,3.702,48.35
hunyuan-mt-7b,115,29,0.719,40.34
hunyuan-mt-7b,121,43,1.0107,42.54
hunyuan-mt-7b,81,9,0.2447,36.78
hunyuan-mt-7b,103,21,0.5511,38.11
hunyuan-mt-7b,117,46,1.0573,43.51
hunyuan-mt-7b,118,29,0.7115,40.76
hunyuan-mt-7b,263,138,2.854,48.35
hunyuan-mt-7b,112,34,0.7177,47.38
hunyuan-mt-7b,174,78,1.6631,46.9
hunyuan-mt-7b,164,77,1.646,46.78
hunyuan-mt-7b,181,78,1.6627,46.91
hunyuan-mt-7b,132,61,1.3142,46.42
hunyuan-mt-7b,273,178,3.6035,49.4
hunyuan-mt-7b,145,57,1.1438,49.83
hunyuan-mt-7b,121,44,0.8914,49.36
hunyuan-mt-7b,318,185,3.7564,49.25
hunyuan-mt-7b,405,233,4.722,49.34
hunyuan-mt-7b,192,80,1.7005,47.05
hunyuan-mt-7b,163,69,1.4087,48.98
hunyuan-mt-7b,469,253,5.1729,48.91
hunyuan-mt-7b,162,68,1.3606,49.98
hunyuan-mt-7b,132,49,0.9962,49.19
hunyuan-mt-7b,158,67,1.3657,49.06
hunyuan-mt-7b,154,63,1.2878,48.92
hunyuan-mt-7b,187,94,1.9988,47.03
hunyuan-mt-7b,439,245,4.9591,49.4
hunyuan-mt-7b,136,48,1.0144,47.32
hunyuan-mt-7b,85,14,0.3044,46.0
hunyuan-mt-7b,114,37,0.7907,46.79
hunyuan-mt-7b,140,52,1.0938,47.54
hunyuan-mt-7b,109,30,0.6439,46.59
hunyuan-mt-7b,168,68,1.3864,49.05
hunyuan-mt-7b,124,40,0.851,47.0
hunyuan-mt-7b,207,119,2.4795,47.99
hunyuan-mt-7b,499,308,6.256,49.23
hunyuan-mt-7b,109,29,0.5995,48.37
hunyuan-mt-7b,89,25,0.5382,46.45
hunyuan-mt-7b,178,65,1.3575,47.88
hunyuan-mt-7b,90,25,0.5374,46.52
hunyuan-mt-7b,252,153,3.1824,48.08
hunyuan-mt-7b,142,56,1.1818,47.39
hunyuan-mt-7b,101,26,0.56,46.43
hunyuan-mt-7b,161,74,1.5447,47.91
hunyuan-mt-7b,376,244,4.9476,49.32
hunyuan-mt-7b,121,42,0.8847,47.48
hunyuan-mt-7b,141,66,1.3737,48.05
hunyuan-mt-7b,93,19,0.442,42.99
hunyuan-mt-7b,97,28,0.6325,44.27
hunyuan-mt-7b,495,298,6.0819,49.0
hunyuan-mt-7b,109,38,0.8545,44.47
hunyuan-mt-7b,136,82,1.7508,46.83
hunyuan-mt-7b,85,14,0.3869,36.19
hunyuan-mt-7b,157,69,1.4917,46.25
hunyuan-mt-7b,81,11,0.3224,34.12
hunyuan-mt-7b,153,66,1.4388,45.87
hunyuan-mt-7b,118,23,0.6001,38.33
hunyuan-mt-7b,113,36,0.8724,41.27
hunyuan-mt-7b,90,19,0.5347,35.54
hunyuan-mt-7b,122,48,1.1142,43.08
hunyuan-mt-7b,373,264,5.4358,48.57
hunyuan-mt-7b,96,26,0.6746,38.54
hunyuan-mt-7b,118,34,0.8339,40.77
hunyuan-mt-7b,288,163,3.4934,46.66
hunyuan-mt-7b,96,31,0.7773,39.88
hunyuan-mt-7b,215,143,3.0021,47.63
hunyuan-mt-7b,143,52,1.2121,42.9
hunyuan-mt-7b,139,54,1.2444,43.39
hunyuan-mt-7b,82,12,0.2718,44.15
hunyuan-mt-7b,214,100,2.1466,46.59
hunyuan-mt-7b,135,50,1.0794,46.32
hunyuan-mt-7b,125,40,0.8197,48.8
hunyuan-mt-7b,144,59,1.2498,47.21
hunyuan-mt-7b,187,74,1.6032,46.16
hunyuan-mt-7b,120,44,0.8848,49.73
hunyuan-mt-7b,130,43,0.8566,50.2
hunyuan-mt-7b,376,207,4.3449,47.64
hunyuan-mt-7b,106,27,0.561,48.13
hunyuan-mt-7b,122,35,0.7124,49.13
hunyuan-mt-7b,257,138,2.8977,47.62
hunyuan-mt-7b,188,89,1.8948,46.97
hunyuan-mt-7b,109,44,0.8801,49.99
hunyuan-mt-7b,175,74,1.4838,49.87
hunyuan-mt-7b,153,68,1.3644,49.84
hunyuan-mt-7b,200,93,1.987,46.8
hunyuan-mt-7b,166,72,1.4604,49.3
hunyuan-mt-7b,100,23,0.5048,45.56
hunyuan-mt-7b,365,233,4.8495,48.05
hunyuan-mt-7b,106,36,0.7758,46.4
hunyuan-mt-7b,229,99,2.0839,47.51
hunyuan-mt-7b,204,95,1.9577,48.53
hunyuan-mt-7b,206,106,2.2534,47.04
hunyuan-mt-7b,90,16,0.391,40.92
hunyuan-mt-7b,194,98,2.016,48.61
hunyuan-mt-7b,409,251,5.2163,48.12
hunyuan-mt-7b,161,78,1.5868,49.16
hunyuan-mt-7b,139,50,1.0602,47.16
hunyuan-mt-7b,97,21,0.4682,44.85
hunyuan-mt-7b,112,38,0.8158,46.58
hunyuan-mt-7b,234,119,2.5062,47.48
hunyuan-mt-7b,211,115,2.3941,48.03
hunyuan-mt-7b,89,14,0.3379,41.43
hunyuan-mt-7b,143,69,1.458,47.33
hunyuan-mt-7b,142,67,1.4139,47.39
hunyuan-mt-7b,104,27,0.6107,44.21
hunyuan-mt-7b,107,34,0.757,44.92
hunyuan-mt-7b,107,58,1.2442,46.62
hunyuan-mt-7b,87,33,0.7391,44.65
hunyuan-mt-7b,85,19,0.4557,41.7
hunyuan-mt-7b,235,129,2.6925,47.91
hunyuan-mt-7b,159,103,2.1187,48.61
hunyuan-mt-7b,110,39,0.8589,45.41
hunyuan-mt-7b,154,52,1.1325,45.92
hunyuan-mt-7b,132,42,0.9246,45.43
hunyuan-mt-7b,145,76,1.6251,46.77
hunyuan-mt-7b,90,18,0.4213,42.72
hunyuan-mt-7b,92,22,0.5068,43.41
hunyuan-mt-7b,100,28,0.6464,43.32
hunyuan-mt-7b,168,76,1.6233,46.82
hunyuan-mt-7b,101,30,0.702,42.73
hunyuan-mt-7b,90,31,0.7082,43.77
hunyuan-mt-7b,441,289,6.0168,48.03
hunyuan-mt-7b,84,13,0.314,41.4
hunyuan-mt-7b,100,24,0.5392,44.51
hunyuan-mt-7b,158,63,1.3556,46.47
hunyuan-mt-7b,131,49,1.0544,46.47
hunyuan-mt-7b,91,17,0.3614,47.04
hunyuan-mt-7b,128,43,0.9189,46.8
hunyuan-mt-7b,121,56,1.2148,46.1
hunyuan-mt-7b,282,170,3.5408,48.01
hunyuan-mt-7b,111,35,0.7681,45.57
hunyuan-mt-7b,115,34,0.737,46.14
hunyuan-mt-7b,144,54,1.1513,46.9
hunyuan-mt-7b,164,73,1.5581,46.85
hunyuan-mt-7b,129,64,1.3485,47.46
hunyuan-mt-7b,195,88,1.8616,47.27
hunyuan-mt-7b,127,61,1.2819,47.59
hunyuan-mt-7b,323,196,4.1132,47.65
hunyuan-mt-7b,133,45,0.9546,47.14
hunyuan-mt-7b,128,46,0.9726,47.29
hunyuan-mt-7b,172,76,1.6227,46.83
hunyuan-mt-7b,153,59,1.2542,47.04
hunyuan-mt-7b,111,35,0.7471,46.85
hunyuan-mt-7b,134,50,1.071,46.69
hunyuan-mt-7b,128,44,0.9393,46.84
hunyuan-mt-7b,246,127,2.6731,47.51
hunyuan-mt-7b,137,50,1.0548,47.4
hunyuan-mt-7b,107,32,0.6852,46.7
hunyuan-mt-7b,124,39,0.83,46.99
hunyuan-mt-7b,151,81,1.6927,47.85
hunyuan-mt-7b,122,38,0.8066,47.11
hunyuan-mt-7b,358,206,4.226,48.75
hunyuan-mt-7b,149,55,1.159,47.45
hunyuan-mt-7b,99,24,0.5382,44.59
hunyuan-mt-7b,105,38,0.8241,46.11
hunyuan-mt-7b,93,20,0.4457,44.87
hunyuan-mt-7b,156,86,1.8151,47.38
hunyuan-mt-7b,90,24,0.5341,44.93
hunyuan-mt-7b,80,12,0.2999,40.01
hunyuan-mt-7b,132,58,1.2322,47.07
hunyuan-mt-7b,104,34,0.7368,46.14
hunyuan-mt-7b,102,31,0.6626,46.79
hunyuan-mt-7b,93,19,0.434,43.78
hunyuan-mt-7b,241,149,3.1356,47.52
hunyuan-mt-7b,85,18,0.4267,42.18
hunyuan-mt-7b,135,54,1.1539,46.8
hunyuan-mt-7b,123,42,0.9169,45.81
hunyuan-mt-7b,89,18,0.4173,43.13
hunyuan-mt-7b,127,45,0.987,45.59
hunyuan-mt-7b,133,48,1.0432,46.01
hunyuan-mt-7b,151,71,1.5081,47.08
hunyuan-mt-7b,144,53,1.1473,46.2
hunyuan-mt-7b,135,48,1.0325,46.49
hunyuan-mt-7b,95,21,0.4859,43.22
hunyuan-mt-7b,177,61,1.3077,46.65
hunyuan-mt-7b,89,19,0.4344,43.73
hunyuan-mt-7b,104,35,0.7635,45.84
hunyuan-mt-7b,114,32,0.6975,45.88
hunyuan-mt-7b,155,57,1.1996,47.52
hunyuan-mt-7b,97,33,0.7138,46.23
hunyuan-mt-7b,128,43,0.9447,45.52
hunyuan-mt-7b,180,77,1.6307,47.22
hunyuan-mt-7b,169,89,1.8881,47.14
hunyuan-mt-7b,192,88,1.8722,47.0
hunyuan-mt-7b,139,49,1.0836,45.22
hunyuan-mt-7b,91,17,0.4045,42.02
hunyuan-mt-7b,100,27,0.6101,44.26
hunyuan-mt-7b,284,178,3.747,47.5
hunyuan-mt-7b,107,32,0.7215,44.35
hunyuan-mt-7b,115,50,1.082,46.21
hunyuan-mt-7b,86,15,0.3683,40.73
hunyuan-mt-7b,256,135,2.828,47.74
hunyuan-mt-7b,142,58,1.2521,46.32
hunyuan-mt-7b,95,24,0.5476,43.83
hunyuan-mt-7b,140,54,1.1678,46.24
hunyuan-mt-7b,117,32,0.6969,45.92
hunyuan-mt-7b,145,93,1.9819,46.92
hunyuan-mt-7b,86,20,0.4537,44.08
hunyuan-mt-7b,112,41,0.8999,45.56
hunyuan-mt-7b,93,28,0.6338,44.18
hunyuan-mt-7b,137,50,1.077,46.43
hunyuan-mt-7b,130,53,1.1479,46.17
hunyuan-mt-7b,237,147,3.0901,47.57
hunyuan-mt-7b,131,58,1.2789,45.35
hunyuan-mt-7b,175,65,1.4211,45.74
hunyuan-mt-7b,162,65,1.4216,45.72
hunyuan-mt-7b,124,43,0.9706,44.3
hunyuan-mt-7b,125,43,0.9613,44.73
hunyuan-mt-7b,132,51,1.1309,45.1
hunyuan-mt-7b,122,43,0.9604,44.77
hunyuan-mt-7b,131,47,1.0487,44.82
hunyuan-mt-7b,107,38,0.8521,44.6
hunyuan-mt-7b,109,41,0.9053,45.29
hunyuan-mt-7b,99,22,0.5217,42.17
hunyuan-mt-7b,110,38,0.8481,44.8
hunyuan-mt-7b,159,61,1.3508,45.16
hunyuan-mt-7b,156,74,1.6294,45.42
hunyuan-mt-7b,103,30,0.7063,42.47
hunyuan-mt-7b,93,21,0.517,40.62
hunyuan-mt-7b,177,63,1.3859,45.46
hunyuan-mt-7b,115,48,1.0896,44.05
hunyuan-mt-7b,104,34,0.7957,42.73
hunyuan-mt-7b,154,55,1.2749,43.14
hunyuan-mt-7b,100,40,0.9408,42.52
hunyuan-mt-7b,97,27,0.6762,39.93
hunyuan-mt-7b,136,55,1.2394,44.38
hunyuan-mt-7b,93,19,0.475,40.0
hunyuan-mt-7b,99,26,0.6272,41.45
hunyuan-mt-7b,106,30,0.7153,41.94
hunyuan-mt-7b,107,29,0.6828,42.47
hunyuan-mt-7b,110,37,0.8385,44.13
hunyuan-mt-7b,119,37,0.8401,44.04
hunyuan-mt-7b,142,55,1.2277,44.8
hunyuan-mt-7b,131,46,1.0336,44.51
hunyuan-mt-7b,107,38,0.8489,44.76
hunyuan-mt-7b,87,20,0.4353,45.94
hunyuan-mt-7b,126,45,1.0157,44.3
hunyuan-mt-7b,167,72,1.6025,44.93
hunyuan-mt-7b,87,16,0.3682,43.45
hunyuan-mt-7b,158,72,1.6229,44.36
hunyuan-mt-7b,165,68,1.5176,44.81
hunyuan-mt-7b,93,23,0.526,43.72
hunyuan-mt-7b,133,52,1.1533,45.09
hunyuan-mt-7b,142,52,1.1454,45.4
hunyuan-mt-7b,142,64,1.4073,45.48
hunyuan-mt-7b,138,63,1.3863,45.45
hunyuan-mt-7b,188,85,1.8462,46.04
hunyuan-mt-7b,160,90,1.9499,46.16
hunyuan-mt-7b,153,69,1.4687,46.98
hunyuan-mt-7b,172,76,1.6527,45.99
hunyuan-mt-7b,111,34,0.739,46.01
hunyuan-mt-7b,128,42,0.9096,46.18
hunyuan-mt-7b,191,94,2.0215,46.5
hunyuan-mt-7b,196,107,2.3159,46.2
hunyuan-mt-7b,180,87,1.8549,46.9
hunyuan-mt-7b,211,107,2.2983,46.56
hunyuan-mt-7b,122,36,0.7604,47.34
hunyuan-mt-7b,182,90,1.8713,48.09
hunyuan-mt-7b,129,44,0.9161,48.03
hunyuan-mt-7b,137,59,1.2272,48.07
hunyuan-mt-7b,147,67,1.4046,47.7
hunyuan-mt-7b,97,32,0.6827,46.87
hunyuan-mt-7b,114,43,0.9062,47.45
hunyuan-mt-7b,118,55,1.1441,48.07
hunyuan-mt-7b,159,69,1.4464,47.71
hunyuan-mt-7b,240,122,2.5812,47.27
hunyuan-mt-7b,120,41,0.8749,46.86
hunyuan-mt-7b,192,107,2.2096,48.43
hunyuan-mt-7b,148,59,1.2212,48.31
hunyuan-mt-7b,133,81,1.7164,47.19
hunyuan-mt-7b,107,42,0.8968,46.84
hunyuan-mt-7b,109,41,0.8783,46.68
hunyuan-mt-7b,96,26,0.5753,45.19
hunyuan-mt-7b,98,20,0.445,44.95
hunyuan-mt-7b,79,20,0.4566,43.8
hunyuan-mt-7b,155,69,1.4381,47.98
hunyuan-mt-7b,126,52,1.097,47.4
hunyuan-mt-7b,137,53,1.1162,47.48
hunyuan-mt-7b,250,128,2.6536,48.24
hunyuan-mt-7b,117,36,0.7832,45.96
hunyuan-mt-7b,166,91,1.8944,48.04
hunyuan-mt-7b,130,47,1.0001,47.0
hunyuan-mt-7b,82,13,0.302,43.04
hunyuan-mt-7b,229,107,2.2221,48.15
hunyuan-mt-7b,121,41,0.8853,46.31
hunyuan-mt-7b,260,150,3.1381,47.8
hunyuan-mt-7b,96,21,0.4722,44.47
hunyuan-mt-7b,160,73,1.5206,48.01
hunyuan-mt-7b,116,37,0.7809,47.38
hunyuan-mt-7b,189,108,2.2174,48.7
hunyuan-mt-7b,169,67,1.4029,47.76
hunyuan-mt-7b,261,140,2.8999,48.28
hunyuan-mt-7b,100,25,0.5501,45.44
hunyuan-mt-7b,151,59,1.2545,47.03
hunyuan-mt-7b,139,47,1.0052,46.76
hunyuan-mt-7b,109,32,0.6918,46.26
hunyuan-mt-7b,114,36,0.7753,46.43
hunyuan-mt-7b,82,15,0.3564,42.09
hunyuan-mt-7b,97,23,0.5067,45.4
hunyuan-mt-7b,147,56,1.1709,47.82
hunyuan-mt-7b,100,23,0.5099,45.11
hunyuan-mt-7b,119,39,0.8347,46.72
hunyuan-mt-7b,172,79,1.6723,47.24
hunyuan-mt-7b,168,70,1.4843,47.16
hunyuan-mt-7b,168,73,1.5403,47.39
hunyuan-mt-7b,138,75,1.5737,47.66
hunyuan-mt-7b,197,91,1.899,47.92
hunyuan-mt-7b,144,59,1.2268,48.09
hunyuan-mt-7b,126,42,0.896,46.88
hunyuan-mt-7b,107,36,0.7645,47.09
hunyuan-mt-7b,188,87,1.8123,48.01
hunyuan-mt-7b,84,17,0.3632,46.81
hunyuan-mt-7b,98,25,0.5416,46.16
hunyuan-mt-7b,112,28,0.6116,45.78
hunyuan-mt-7b,274,161,3.3229,48.45
hunyuan-mt-7b,101,26,0.585,44.44
hunyuan-mt-7b,155,78,1.6548,47.14
hunyuan-mt-7b,84,17,0.4113,41.34
hunyuan-mt-7b,135,48,1.0308,46.56
hunyuan-mt-7b,112,33,0.7376,44.74
hunyuan-mt-7b,141,63,1.3558,46.47
hunyuan-mt-7b,149,64,1.3722,46.64
hunyuan-mt-7b,179,85,1.805,47.09
hunyuan-mt-7b,238,141,2.9579,47.67
hunyuan-mt-7b,126,41,0.925,44.32
hunyuan-mt-7b,142,68,1.475,46.1
hunyuan-mt-7b,110,36,0.8087,44.52
hunyuan-mt-7b,186,89,1.8963,46.93
hunyuan-mt-7b,153,64,1.4074,45.47
hunyuan-mt-7b,257,132,2.7852,47.39
hunyuan-mt-7b,83,12,0.3165,37.91
hunyuan-mt-7b,78,9,0.2404,37.43
hunyuan-mt-7b,167,67,1.4744,45.44
hunyuan-mt-7b,142,59,1.2955,45.54
hunyuan-mt-7b,113,40,0.9175,43.6
hunyuan-mt-7b,99,27,0.6613,40.83
hunyuan-mt-7b,89,18,0.4483,40.16
hunyuan-mt-7b,83,14,0.3421,40.92
hunyuan-mt-7b,168,71,1.5602,45.51
hunyuan-mt-7b,97,23,0.5623,40.91
hunyuan-mt-7b,110,33,0.7861,41.98
hunyuan-mt-7b,109,29,0.6876,42.17
hunyuan-mt-7b,113,19,0.453,41.94
hunyuan-mt-7b,84,15,0.3572,41.99
hunyuan-mt-7b,121,35,0.8058,43.44
hunyuan-mt-7b,100,27,0.6184,43.66
hunyuan-mt-7b,135,46,1.0695,43.01
hunyuan-mt-7b,82,13,0.3106,41.86
hunyuan-mt-7b,126,45,1.0366,43.41
hunyuan-mt-7b,151,55,1.2802,42.96
hunyuan-mt-7b,130,44,1.0126,43.45
hunyuan-mt-7b,103,29,0.6783,42.76
hunyuan-mt-7b,101,27,0.6274,43.03
hunyuan-mt-7b,103,34,0.7863,43.24
hunyuan-mt-7b,186,83,1.8397,45.12
hunyuan-mt-7b,126,39,0.896,43.53
hunyuan-mt-7b,115,39,0.8852,44.06
hunyuan-mt-7b,90,14,0.3536,39.59
hunyuan-mt-7b,415,251,5.2702,47.63
hunyuan-mt-7b,82,13,0.3147,41.3
hunyuan-mt-7b,120,101,2.2123,45.65
hunyuan-mt-7b,92,19,0.4407,43.11
hunyuan-mt-7b,122,43,0.9712,44.28
hunyuan-mt-7b,100,28,0.6442,43.47
hunyuan-mt-7b,118,45,1.0053,44.76
hunyuan-mt-7b,79,35,0.7886,44.38
hunyuan-mt-7b,81,28,0.6404,43.73
hunyuan-mt-7b,112,32,0.7393,43.29
hunyuan-mt-7b,135,51,1.1378,44.82
hunyuan-mt-7b,130,42,0.9399,44.69
hunyuan-mt-7b,114,44,1.2542,35.08
hunyuan-mt-7b,141,49,1.371,35.74
hunyuan-mt-7b,195,88,2.2475,39.15
hunyuan-mt-7b,85,27,0.9005,29.98
hunyuan-mt-7b,86,38,1.1442,33.21
hunyuan-mt-7b,180,86,2.2242,38.67
hunyuan-mt-7b,162,85,2.2151,38.37
hunyuan-mt-7b,130,68,1.8148,37.47
hunyuan-mt-7b,95,22,0.8119,27.1
hunyuan-mt-7b,101,27,0.9264,29.15
hunyuan-mt-7b,110,35,1.0951,31.96
hunyuan-mt-7b,112,32,1.3027,24.56
hunyuan-mt-7b,140,49,1.6701,29.34
hunyuan-mt-7b,105,23,1.1124,20.68
hunyuan-mt-7b,103,35,1.372,25.51
hunyuan-mt-7b,128,44,1.5574,28.25
hunyuan-mt-7b,88,23,1.1137,20.65
hunyuan-mt-7b,144,43,1.5393,27.94
hunyuan-mt-7b,212,97,2.725,35.6
hunyuan-mt-7b,111,34,1.3495,25.19
hunyuan-mt-7b,85,13,0.3283,39.6
hunyuan-mt-7b,79,10,0.259,38.61
hunyuan-mt-7b,101,41,1.4998,27.34
hunyuan-mt-7b,115,39,1.4509,26.88
hunyuan-mt-7b,224,115,3.1138,36.93
hunyuan-mt-7b,102,27,0.8948,30.17
hunyuan-mt-7b,125,39,1.4598,26.72
hunyuan-mt-7b,93,29,0.948,30.59
hunyuan-mt-7b,102,35,1.0856,32.24
hunyuan-mt-7b,93,20,0.4958,40.34
hunyuan-mt-7b,112,37,1.141,32.43
hunyuan-mt-7b,100,21,0.5273,39.83
hunyuan-mt-7b,107,28,0.6745,41.51
hunyuan-mt-7b,225,129,3.4635,37.25
hunyuan-mt-7b,113,29,0.7164,40.48
hunyuan-mt-7b,102,40,1.2171,32.87
hunyuan-mt-7b,129,54,1.8261,29.57
hunyuan-mt-7b,123,50,1.4583,34.29
hunyuan-mt-7b,131,56,1.87,29.95
hunyuan-mt-7b,129,56,1.5882,35.26
hunyuan-mt-7b,87,15,0.3828,39.18
hunyuan-mt-7b,93,20,0.5087,39.31
hunyuan-mt-7b,163,58,1.6256,35.68
hunyuan-mt-7b,84,15,0.3812,39.35
hunyuan-mt-7b,126,42,0.9926,42.31
hunyuan-mt-7b,160,67,1.816,36.89
hunyuan-mt-7b,100,26,0.609,42.69
hunyuan-mt-7b,131,45,1.0528,42.74
hunyuan-mt-7b,96,34,0.807,42.13
hunyuan-mt-7b,153,85,2.4893,34.15
hunyuan-mt-7b,96,24,0.5707,42.06
hunyuan-mt-7b,113,28,0.6457,43.36
hunyuan-mt-7b,110,34,0.7706,44.12
hunyuan-mt-7b,141,55,1.2632,43.54
hunyuan-mt-7b,163,57,1.3084,43.56
hunyuan-mt-7b,97,28,0.636,44.03
hunyuan-mt-7b,95,21,0.4886,42.98
hunyuan-mt-7b,107,30,0.6817,44.01
hunyuan-mt-7b,95,28,0.6473,43.26
hunyuan-mt-7b,100,23,0.5431,42.35
hunyuan-mt-7b,96,132,3.4905,37.82
hunyuan-mt-7b,153,63,1.4225,44.29
hunyuan-mt-7b,139,47,1.0466,44.91
hunyuan-mt-7b,128,43,0.9609,44.75
hunyuan-mt-7b,188,71,1.6114,44.06
hunyuan-mt-7b,135,69,1.5785,43.71
hunyuan-mt-7b,149,72,1.6491,43.66
hunyuan-mt-7b,153,64,1.4425,44.37
hunyuan-mt-7b,204,147,3.8409,38.27
hunyuan-mt-7b,109,35,0.7985,43.83
hunyuan-mt-7b,198,115,2.8943,39.73
hunyuan-mt-7b,101,27,0.6502,41.52
hunyuan-mt-7b,132,48,1.0964,43.78
hunyuan-mt-7b,139,54,1.2324,43.82
hunyuan-mt-7b,168,80,1.7827,44.87
hunyuan-mt-7b,82,26,0.6126,42.44
hunyuan-mt-7b,152,72,1.6061,44.83
hunyuan-mt-7b,81,19,0.4382,43.36
hunyuan-mt-7b,104,28,0.6536,42.84
hunyuan-mt-7b,122,53,1.206,43.95
hunyuan-mt-7b,161,65,1.4594,44.54
hunyuan-mt-7b,104,34,0.7932,42.87
hunyuan-mt-7b,115,39,0.9138,42.68
hunyuan-mt-7b,189,92,2.0404,45.09
hunyuan-mt-7b,92,26,0.6027,43.14
hunyuan-mt-7b,155,62,1.3932,44.5
hunyuan-mt-7b,136,51,1.1388,44.79
hunyuan-mt-7b,87,17,0.3825,44.45
hunyuan-mt-7b,90,23,0.531,43.31
hunyuan-mt-7b,161,70,1.571,44.56
hunyuan-mt-7b,92,24,0.5589,42.94
hunyuan-mt-7b,131,81,1.7996,45.01
hunyuan-mt-7b,93,15,0.3996,37.54
hunyuan-mt-7b,242,121,2.7582,43.87
hunyuan-mt-7b,97,23,0.6477,35.51
hunyuan-mt-7b,177,79,1.8824,41.97
hunyuan-mt-7b,119,43,1.0775,39.91
hunyuan-mt-7b,222,135,3.1286,43.15
hunyuan-mt-7b,118,43,1.1429,37.62
hunyuan-mt-7b,97,24,0.7508,31.97
hunyuan-mt-7b,134,39,1.1069,35.23
hunyuan-mt-7b,82,25,0.8285,30.18
hunyuan-mt-7b,229,147,3.5041,41.95
hunyuan-mt-7b,148,68,1.7488,38.88
hunyuan-mt-7b,4093,185,4.904,37.72
hunyuan-mt-7b,204,90,2.2819,39.44
hunyuan-mt-7b,81,11,0.3324,33.09
hunyuan-mt-7b,121,32,1.0699,29.91
hunyuan-mt-7b,165,91,2.3422,38.85
hunyuan-mt-7b,151,85,2.187,38.87
hunyuan-mt-7b,237,127,3.0796,41.24
hunyuan-mt-7b,119,31,0.7437,41.68
hunyuan-mt-7b,164,88,2.2121,39.78
hunyuan-mt-7b,180,89,2.2,40.45
hunyuan-mt-7b,236,135,3.2031,42.15
hunyuan-mt-7b,100,23,0.5092,45.17
hunyuan-mt-7b,125,39,0.8116,48.05
hunyuan-mt-7b,245,112,2.7017,41.46
hunyuan-mt-7b,115,26,0.5663,45.91
hunyuan-mt-7b,240,128,3.029,42.26
hunyuan-mt-7b,236,139,3.2772,42.41
hunyuan-mt-7b,133,54,1.1412,47.32
hunyuan-mt-7b,243,143,3.3771,42.34
hunyuan-mt-7b,95,22,0.543,40.52
hunyuan-mt-7b,108,24,0.5917,40.56
hunyuan-mt-7b,117,60,1.2796,46.89
hunyuan-mt-7b,143,54,1.0284,52.51
hunyuan-mt-7b,199,102,2.0012,50.97
hunyuan-mt-7b,196,94,1.7887,52.55
hunyuan-mt-7b,277,161,3.1955,50.38
hunyuan-mt-7b,319,170,3.4251,49.63
hunyuan-mt-7b,341,193,4.0899,47.19
hunyuan-mt-7b,203,118,2.3516,50.18
hunyuan-mt-7b,90,19,0.4398,43.21
hunyuan-mt-7b,324,190,3.9006,48.71
hunyuan-mt-7b,263,143,2.8977,49.35
hunyuan-mt-7b,81,13,0.3486,37.29
hunyuan-mt-7b,256,128,2.5979,49.27
hunyuan-mt-7b,101,26,0.6597,39.41
hunyuan-mt-7b,273,141,2.8949,48.71
hunyuan-mt-7b,86,30,0.7411,40.48
hunyuan-mt-7b,369,239,5.2067,45.9
hunyuan-mt-7b,91,18,0.4028,44.69
hunyuan-mt-7b,257,142,2.8491,49.84
hunyuan-mt-7b,325,197,4.0509,48.63
hunyuan-mt-7b,100,22,0.503,43.74
hunyuan-mt-7b,116,38,0.8402,45.23
hunyuan-mt-7b,445,257,5.527,46.5
hunyuan-mt-7b,457,264,5.7387,46.0
hunyuan-mt-7b,184,79,1.7933,44.05
hunyuan-mt-7b,455,268,5.7597,46.53
hunyuan-mt-7b,483,287,6.2628,45.83
hunyuan-mt-7b,420,275,5.75,47.83
hunyuan-mt-7b,494,283,5.962,47.47
hunyuan-mt-7b,194,90,2.0345,44.24
hunyuan-mt-7b,90,28,0.6256,44.76
hunyuan-mt-7b,504,309,6.7336,45.89
hunyuan-mt-7b,349,222,4.6159,48.09
hunyuan-mt-7b,526,306,6.5557,46.68
hunyuan-mt-7b,523,319,6.9635,45.81
hunyuan-mt-7b,213,107,2.3873,44.82
hunyuan-mt-7b,526,328,6.9934,46.9
hunyuan-mt-7b,407,248,5.1246,48.39
hunyuan-mt-7b,200,98,2.1088,46.47
hunyuan-mt-7b,131,47,0.9943,47.27
hunyuan-mt-7b,298,158,3.4126,46.3
hunyuan-mt-7b,277,147,3.1363,46.87
hunyuan-mt-7b,81,12,0.2801,42.85
hunyuan-mt-7b,302,167,3.5887,46.54
hunyuan-mt-7b,237,133,2.8336,46.94
hunyuan-mt-7b,169,67,1.3977,47.94
hunyuan-mt-7b,259,139,2.9563,47.02
hunyuan-mt-7b,142,69,1.4509,47.56
hunyuan-mt-7b,198,91,1.9105,47.63
hunyuan-mt-7b,179,81,1.7149,47.23
hunyuan-mt-7b,220,104,2.201,47.25
hunyuan-mt-7b,149,56,1.1954,46.84
hunyuan-mt-7b,234,140,2.9852,46.9
hunyuan-mt-7b,196,88,1.8568,47.39
hunyuan-mt-7b,86,15,0.3723,40.29
hunyuan-mt-7b,147,71,1.5139,46.9
hunyuan-mt-7b,100,25,0.5348,46.75
hunyuan-mt-7b,90,18,0.3713,48.47
hunyuan-mt-7b,685,429,8.8554,48.45
hunyuan-mt-7b,652,453,9.6632,46.88
hunyuan-mt-7b,171,71,1.4841,47.84
hunyuan-mt-7b,125,39,0.8007,48.71
hunyuan-mt-7b,352,220,4.6287,47.53
hunyuan-mt-7b,331,193,4.0161,48.06
hunyuan-mt-7b,354,212,4.4213,47.95
hunyuan-mt-7b,704,456,9.4698,48.15
hunyuan-mt-7b,211,105,2.2018,47.69
hunyuan-mt-7b,185,91,1.9016,47.86
hunyuan-mt-7b,216,100,2.1024,47.56
hunyuan-mt-7b,349,210,4.3718,48.03
hunyuan-mt-7b,255,129,2.7082,47.63
hunyuan-mt-7b,459,273,5.7654,47.35
hunyuan-mt-7b,432,241,5.0699,47.54
hunyuan-mt-7b,326,197,4.1295,47.71
hunyuan-mt-7b,228,126,2.6839,46.95
hunyuan-mt-7b,346,177,3.7027,47.8
hunyuan-mt-7b,363,208,4.3843,47.44
hunyuan-mt-7b,220,112,2.3746,47.17
hunyuan-mt-7b,762,499,10.4997,47.53
hunyuan-mt-7b,145,56,1.2627,44.35
hunyuan-mt-7b,142,52,1.179,44.11
hunyuan-mt-7b,137,61,1.3478,45.26
hunyuan-mt-7b,265,139,2.944,47.21
hunyuan-mt-7b,79,10,0.2346,42.62
hunyuan-mt-7b,128,42,0.9538,44.03
hunyuan-mt-7b,95,23,0.5249,43.82
hunyuan-mt-7b,480,319,6.7571,47.21
hunyuan-mt-7b,293,157,3.336,47.06
hunyuan-mt-7b,94,21,0.4846,43.34
hunyuan-mt-7b,104,30,0.665,45.11
hunyuan-mt-7b,169,81,1.7834,45.42
hunyuan-mt-7b,136,50,1.1054,45.23
hunyuan-mt-7b,173,68,1.502,45.27
hunyuan-mt-7b,157,78,1.7144,45.5
hunyuan-mt-7b,269,154,3.2576,47.27
hunyuan-mt-7b,102,26,0.5853,44.42
hunyuan-mt-7b,163,70,1.5259,45.87
hunyuan-mt-7b,111,33,0.7286,45.29
hunyuan-mt-7b,220,114,2.4768,46.03
hunyuan-mt-7b,362,229,4.8139,47.57
hunyuan-mt-7b,274,161,3.4016,47.33
hunyuan-mt-7b,314,179,3.7911,47.22
hunyuan-mt-7b,130,45,1.0144,44.36
hunyuan-mt-7b,145,57,1.2686,44.93
hunyuan-mt-7b,144,53,1.1667,45.43
hunyuan-mt-7b,213,105,2.2923,45.81
hunyuan-mt-7b,203,98,2.1268,46.08
hunyuan-mt-7b,143,66,1.4483,45.57
hunyuan-mt-7b,233,133,2.8915,46.0
hunyuan-mt-7b,161,66,1.4367,45.94
hunyuan-mt-7b,320,219,4.6423,47.17
hunyuan-mt-7b,194,93,2.0215,46.01
hunyuan-mt-7b,79,10,0.2726,36.69
hunyuan-mt-7b,115,34,0.7962,42.7
hunyuan-mt-7b,234,115,2.5026,45.95
hunyuan-mt-7b,81,11,0.2877,38.24
hunyuan-mt-7b,138,51,1.1429,44.62
hunyuan-mt-7b,169,71,1.5584,45.56
hunyuan-mt-7b,258,140,3.0617,45.73
hunyuan-mt-7b,156,57,1.2742,44.73
hunyuan-mt-7b,144,54,1.2096,44.64
hunyuan-mt-7b,146,54,1.2052,44.81
hunyuan-mt-7b,83,21,0.4782,43.91
hunyuan-mt-7b,169,74,1.6249,45.54
hunyuan-mt-7b,97,23,0.5423,42.42
hunyuan-mt-7b,99,25,0.5722,43.69
hunyuan-mt-7b,244,150,3.2689,45.89
hunyuan-mt-7b,177,81,1.7897,45.26
hunyuan-mt-7b,186,85,1.8824,45.15
hunyuan-mt-7b,139,53,1.203,44.06
hunyuan-mt-7b,164,69,1.5161,45.51
hunyuan-mt-7b,136,51,1.1484,44.41
hunyuan-mt-7b,112,40,0.906,44.15
hunyuan-mt-7b,177,72,1.6076,44.79
hunyuan-mt-7b,165,71,1.58,44.94
hunyuan-mt-7b,348,211,4.5923,45.95
hunyuan-mt-7b,114,35,0.822,42.58
hunyuan-mt-7b,172,76,1.7155,44.3
hunyuan-mt-7b,212,107,2.3627,45.29
hunyuan-mt-7b,157,57,1.2679,44.95
hunyuan-mt-7b,266,142,3.0972,45.85
hunyuan-mt-7b,140,52,1.1592,44.86
hunyuan-mt-7b,161,64,1.4287,44.8
hunyuan-mt-7b,126,44,0.9766,45.05
hunyuan-mt-7b,158,93,2.0243,45.94
hunyuan-mt-7b,344,204,4.3808,46.57
hunyuan-mt-7b,292,177,3.8429,46.06
hunyuan-mt-7b,162,72,1.5692,45.88
hunyuan-mt-7b,326,170,3.6649,46.39
hunyuan-mt-7b,391,243,5.254,46.25
hunyuan-mt-7b,240,62,1.3474,46.01
hunyuan-mt-7b,128,21,0.4801,43.74
hunyuan-mt-7b,205,97,2.1088,46.0
hunyuan-mt-7b,217,105,2.2867,45.92
hunyuan-mt-7b,132,50,1.0833,46.16
hunyuan-mt-7b,178,81,1.7301,46.82
hunyuan-mt-7b,236,126,2.71,46.5
hunyuan-mt-7b,213,99,2.0969,47.21
hunyuan-mt-7b,100,17,0.3779,44.99
hunyuan-mt-7b,346,192,4.103,46.79
hunyuan-mt-7b,160,65,1.3848,46.94
hunyuan-mt-7b,275,157,3.3624,46.69
hunyuan-mt-7b,108,31,0.6868,45.13
hunyuan-mt-7b,210,103,2.1643,47.59
hunyuan-mt-7b,165,78,1.6598,46.99
hunyuan-mt-7b,140,51,1.1252,45.32
hunyuan-mt-7b,286,141,3.0272,46.58
hunyuan-mt-7b,238,136,2.9173,46.62
hunyuan-mt-7b,238,105,2.2493,46.68
hunyuan-mt-7b,168,71,1.5586,45.55
hunyuan-mt-7b,307,154,3.3263,46.3
hunyuan-mt-7b,285,150,3.2276,46.47
hunyuan-mt-7b,260,143,3.0695,46.59
hunyuan-mt-7b,164,71,1.556,45.63
hunyuan-mt-7b,211,92,2.0273,45.38
hunyuan-mt-7b,227,117,2.6056,44.9
hunyuan-mt-7b,352,205,4.5053,45.5
hunyuan-mt-7b,245,148,3.2502,45.54
hunyuan-mt-7b,185,83,1.8723,44.33
hunyuan-mt-7b,171,80,1.8219,43.91
hunyuan-mt-7b,118,40,1.0002,39.99
hunyuan-mt-7b,173,85,1.9341,43.95
hunyuan-mt-7b,130,47,1.1665,40.29
hunyuan-mt-7b,143,81,1.8731,43.24
hunyuan-mt-7b,113,43,1.0831,39.7
hunyuan-mt-7b,95,24,0.589,40.75
hunyuan-mt-7b,115,43,1.0649,40.38
hunyuan-mt-7b,115,64,1.5507,41.27
hunyuan-mt-7b,146,55,1.325,41.51
hunyuan-mt-7b,166,68,1.5982,42.55
hunyuan-mt-7b,105,29,0.6686,43.37
hunyuan-mt-7b,271,157,3.498,44.88
hunyuan-mt-7b,115,45,0.9948,45.23
hunyuan-mt-7b,199,92,2.1238,43.32
hunyuan-mt-7b,260,128,2.9312,43.67
hunyuan-mt-7b,379,223,4.8836,45.66
hunyuan-mt-7b,478,299,6.5473,45.67
hunyuan-mt-7b,262,135,3.0743,43.91
hunyuan-mt-7b,191,94,2.096,44.85
hunyuan-mt-7b,215,110,2.4197,45.46
hunyuan-mt-7b,386,210,4.6326,45.33
hunyuan-mt-7b,379,231,5.0664,45.59
hunyuan-mt-7b,125,51,1.1208,45.5
hunyuan-mt-7b,267,147,3.1336,46.91
hunyuan-mt-7b,317,178,3.6957,48.16
hunyuan-mt-7b,237,125,2.4815,50.37
hunyuan-mt-7b,243,130,2.6021,49.96
hunyuan-mt-7b,336,227,4.8382,46.92
hunyuan-mt-7b,409,247,5.2854,46.73
hunyuan-mt-7b,395,261,5.5728,46.83
hunyuan-mt-7b,408,237,4.985,47.54
hunyuan-mt-7b,112,38,0.8521,44.59
hunyuan-mt-7b,272,157,3.2301,48.61
hunyuan-mt-7b,332,222,4.6607,47.63
hunyuan-mt-7b,455,285,6.1274,46.51
hunyuan-mt-7b,396,254,5.44,46.69
hunyuan-mt-7b,234,155,3.2072,48.33
hunyuan-mt-7b,404,238,5.035,47.27
hunyuan-mt-7b,270,147,3.0455,48.27
hunyuan-mt-7b,356,236,4.9736,47.45
hunyuan-mt-7b,292,159,3.3083,48.06
hunyuan-mt-7b,266,155,3.2247,48.07
hunyuan-mt-7b,110,42,1.0256,40.95
hunyuan-mt-7b,357,242,5.1497,46.99
hunyuan-mt-7b,268,151,3.1822,47.45
hunyuan-mt-7b,469,278,6.0303,46.1
hunyuan-mt-7b,290,176,3.722,47.29
hunyuan-mt-7b,369,192,4.0604,47.29
hunyuan-mt-7b,366,241,5.1066,47.19
hunyuan-mt-7b,408,257,5.4566,47.1
hunyuan-mt-7b,127,51,1.0913,46.73
hunyuan-mt-7b,297,162,3.48,46.55
hunyuan-mt-7b,440,290,6.1238,47.36
hunyuan-mt-7b,294,202,4.2484,47.55
hunyuan-mt-7b,319,83,1.7785,46.67
hunyuan-mt-7b,235,128,2.7853,45.95
hunyuan-mt-7b,244,124,2.6582,46.65
hunyuan-mt-7b,197,97,2.0058,48.36
hunyuan-mt-7b,233,123,2.6427,46.54
hunyuan-mt-7b,201,88,1.8249,48.22
hunyuan-mt-7b,99,49,1.0297,47.59
hunyuan-mt-7b,244,135,2.9388,45.94
hunyuan-mt-7b,556,337,7.1049,47.43
hunyuan-mt-7b,136,50,1.1057,45.22
hunyuan-mt-7b,211,102,2.1345,47.79
hunyuan-mt-7b,236,135,2.8464,47.43
hunyuan-mt-7b,646,416,8.8781,46.86
hunyuan-mt-7b,309,174,3.8128,45.64
hunyuan-mt-7b,263,139,2.9679,46.83
hunyuan-mt-7b,135,54,1.274,42.39
hunyuan-mt-7b,359,207,4.5728,45.27
hunyuan-mt-7b,236,145,3.0855,46.99
hunyuan-mt-7b,590,378,7.969,47.43
hunyuan-mt-7b,282,184,3.9475,46.61
hunyuan-mt-7b,133,47,1.0441,45.02
hunyuan-mt-7b,338,214,4.6341,46.18
hunyuan-mt-7b,133,48,1.0751,44.65
hunyuan-mt-7b,315,190,4.0924,46.43
hunyuan-mt-7b,375,225,4.926,45.68
hunyuan-mt-7b,238,141,3.0526,46.19
hunyuan-mt-7b,373,225,4.8656,46.24
hunyuan-mt-7b,225,113,2.5194,44.85
hunyuan-mt-7b,375,216,4.6872,46.08
hunyuan-mt-7b,465,265,5.7771,45.87
hunyuan-mt-7b,131,55,1.2504,43.99
hunyuan-mt-7b,135,55,1.2489,44.04
hunyuan-mt-7b,226,125,2.7301,45.79
hunyuan-mt-7b,109,37,0.8373,44.19
hunyuan-mt-7b,379,220,4.7406,46.41
hunyuan-mt-7b,355,259,5.6153,46.12
hunyuan-mt-7b,245,152,3.3526,45.34
hunyuan-mt-7b,175,81,1.8296,44.27
hunyuan-mt-7b,192,76,1.7054,44.56
hunyuan-mt-7b,261,136,2.9144,46.67
hunyuan-mt-7b,398,236,5.0689,46.56
hunyuan-mt-7b,158,70,1.5124,46.28
hunyuan-mt-7b,338,193,4.1992,45.96
hunyuan-mt-7b,391,236,5.1033,46.24
hunyuan-mt-7b,372,205,4.495,45.61
hunyuan-mt-7b,135,66,1.458,45.27
hunyuan-mt-7b,637,371,8.0845,45.89
hunyuan-mt-7b,152,70,1.5188,46.09
hunyuan-mt-7b,251,123,2.6661,46.13
hunyuan-mt-7b,326,182,4.0221,45.25
hunyuan-mt-7b,227,113,2.5126,44.97
hunyuan-mt-7b,317,177,3.8587,45.87
hunyuan-mt-7b,288,181,3.9534,45.78
hunyuan-mt-7b,201,88,1.9538,45.04
hunyuan-mt-7b,360,206,4.5294,45.48
hunyuan-mt-7b,350,209,4.5793,45.64
hunyuan-mt-7b,133,49,1.1342,43.2
hunyuan-mt-7b,395,244,5.3228,45.84
hunyuan-mt-7b,342,191,4.2041,45.43
hunyuan-mt-7b,152,73,1.6196,45.07
hunyuan-mt-7b,115,58,1.2814,45.26
hunyuan-mt-7b,316,171,3.7286,45.86
hunyuan-mt-7b,511,285,6.2277,45.76
hunyuan-mt-7b,360,230,4.9736,46.24
hunyuan-mt-7b,239,126,2.7383,46.01
hunyuan-mt-7b,377,209,4.4815,46.64
hunyuan-mt-7b,421,245,5.297,46.25
hunyuan-mt-7b,110,27,0.595,45.37
hunyuan-mt-7b,345,182,3.8852,46.85
hunyuan-mt-7b,153,70,1.4551,48.11
hunyuan-mt-7b,350,199,4.2381,46.95
hunyuan-mt-7b,249,151,3.2244,46.83
hunyuan-mt-7b,275,146,3.0827,47.36
hunyuan-mt-7b,165,77,1.6094,47.84
hunyuan-mt-7b,398,244,5.2339,46.62
hunyuan-mt-7b,240,124,2.626,47.22
hunyuan-mt-7b,308,165,3.51,47.01
hunyuan-mt-7b,286,153,3.2567,46.98
hunyuan-mt-7b,307,187,4.0558,46.11
hunyuan-mt-7b,325,187,4.0401,46.29
hunyuan-mt-7b,277,137,2.9352,46.67
hunyuan-mt-7b,256,139,2.9705,46.79
hunyuan-mt-7b,130,49,1.1345,43.19
hunyuan-mt-7b,444,263,5.6718,46.37
hunyuan-mt-7b,346,227,4.9395,45.96
hunyuan-mt-7b,305,151,3.2467,46.51
hunyuan-mt-7b,330,190,4.0891,46.47
hunyuan-mt-7b,382,229,4.8525,47.19
hunyuan-mt-7b,414,247,5.2773,46.8
hunyuan-mt-7b,445,279,6.0041,46.47
hunyuan-mt-7b,590,365,7.8115,46.73
hunyuan-mt-7b,488,284,6.0775,46.73
hunyuan-mt-7b,314,160,3.4164,46.83
hunyuan-mt-7b,189,90,1.8979,47.42
hunyuan-mt-7b,359,230,4.8517,47.41
hunyuan-mt-7b,79,10,0.249,40.16
hunyuan-mt-7b,147,56,1.1459,48.87
hunyuan-mt-7b,402,245,5.1736,47.36
hunyuan-mt-7b,256,127,2.7325,46.48
hunyuan-mt-7b,265,139,2.9821,46.61
hunyuan-mt-7b,135,45,0.9671,46.53
hunyuan-mt-7b,109,31,0.6793,45.63
hunyuan-mt-7b,86,20,0.4482,44.62
hunyuan-mt-7b,100,26,0.6062,42.89
hunyuan-mt-7b,279,156,3.3564,46.48
hunyuan-mt-7b,356,197,4.2222,46.66
hunyuan-mt-7b,92,20,0.4942,40.47
hunyuan-mt-7b,94,23,0.548,41.97
hunyuan-mt-7b,92,28,0.6547,42.77
hunyuan-mt-7b,629,387,8.2659,46.82
hunyuan-mt-7b,153,60,1.2954,46.32
hunyuan-mt-7b,290,198,4.2523,46.56
hunyuan-mt-7b,162,66,1.4381,45.89
hunyuan-mt-7b,104,24,0.5979,40.14
hunyuan-mt-7b,104,24,0.5491,43.71
hunyuan-mt-7b,111,46,1.0356,44.42
hunyuan-mt-7b,316,180,3.8802,46.39
hunyuan-mt-7b,305,164,3.5698,45.94
hunyuan-mt-7b,255,137,2.9923,45.78
hunyuan-mt-7b,136,56,1.3167,42.53
hunyuan-mt-7b,98,19,0.4808,39.51
hunyuan-mt-7b,134,48,1.1536,41.61
hunyuan-mt-7b,258,159,3.4417,46.2
hunyuan-mt-7b,132,50,1.1718,42.67
hunyuan-mt-7b,122,37,0.8869,41.72
hunyuan-mt-7b,86,13,0.3019,43.06
hunyuan-mt-7b,260,141,3.0441,46.32
hunyuan-mt-7b,113,32,0.6908,46.32
hunyuan-mt-7b,156,79,1.7689,44.66
hunyuan-mt-7b,386,215,4.6305,46.43
hunyuan-mt-7b,174,87,1.9433,44.77
hunyuan-mt-7b,255,180,3.8762,46.44
hunyuan-mt-7b,137,69,1.5535,44.42
hunyuan-mt-7b,192,85,1.8909,44.95
hunyuan-mt-7b,112,35,0.7643,45.79
hunyuan-mt-7b,315,181,3.8879,46.56
hunyuan-mt-7b,140,52,1.1094,46.87
hunyuan-mt-7b,186,85,1.8753,45.33
hunyuan-mt-7b,487,270,5.8128,46.45
hunyuan-mt-7b,204,101,2.2112,45.68
hunyuan-mt-7b,150,61,1.291,47.25
hunyuan-mt-7b,149,68,1.4291,47.58
hunyuan-mt-7b,507,294,6.2999,46.67
hunyuan-mt-7b,134,46,0.9773,47.07
hunyuan-mt-7b,132,51,1.0767,47.37
hunyuan-mt-7b,189,111,2.4116,46.03
hunyuan-mt-7b,180,86,1.824,47.15
hunyuan-mt-7b,174,79,1.675,47.16
hunyuan-mt-7b,113,43,0.9272,46.37
hunyuan-mt-7b,241,135,2.9312,46.06
hunyuan-mt-7b,139,51,1.1066,46.09
hunyuan-mt-7b,145,56,1.215,46.09
hunyuan-mt-7b,126,37,0.8111,45.61
hunyuan-mt-7b,106,34,0.7487,45.41
hunyuan-mt-7b,89,18,0.4471,40.26
hunyuan-mt-7b,144,55,1.1907,46.19
hunyuan-mt-7b,92,16,0.3826,41.82
hunyuan-mt-7b,407,232,4.9426,46.94
hunyuan-mt-7b,97,23,0.5397,42.61
hunyuan-mt-7b,162,69,1.4977,46.07
hunyuan-mt-7b,504,282,6.0123,46.9
hunyuan-mt-7b,114,35,0.7789,44.93
hunyuan-mt-7b,105,28,0.6311,44.36
hunyuan-mt-7b,100,25,0.5583,44.78
hunyuan-mt-7b,95,24,0.5486,43.75
hunyuan-mt-7b,121,41,0.9353,43.84
hunyuan-mt-7b,376,259,5.5029,47.07
hunyuan-mt-7b,112,36,0.8262,43.58
hunyuan-mt-7b,85,14,0.3535,39.6
hunyuan-mt-7b,160,72,1.5801,45.57
hunyuan-mt-7b,109,32,0.7737,41.36
hunyuan-mt-7b,119,40,0.9355,42.76
hunyuan-mt-7b,165,91,1.9951,45.61
hunyuan-mt-7b,81,17,0.445,38.2
hunyuan-mt-7b,188,105,2.3312,45.04
hunyuan-mt-7b,87,17,0.4862,34.96
hunyuan-mt-7b,140,84,1.8847,44.57
hunyuan-mt-7b,148,73,1.6819,43.4
hunyuan-mt-7b,113,34,0.8399,40.48
hunyuan-mt-7b,536,316,6.8378,46.21
hunyuan-mt-7b,294,175,3.8818,45.08
hunyuan-mt-7b,139,45,1.1035,40.78
hunyuan-mt-7b,133,48,1.1653,41.19
hunyuan-mt-7b,100,29,0.776,37.37
hunyuan-mt-7b,229,140,3.0754,45.52
hunyuan-mt-7b,98,31,0.8322,37.25
hunyuan-mt-7b,83,12,0.2829,42.42
hunyuan-mt-7b,163,72,1.6426,43.83
hunyuan-mt-7b,136,48,1.0794,44.47
hunyuan-mt-7b,128,49,1.096,44.71
hunyuan-mt-7b,126,41,0.8806,46.56
hunyuan-mt-7b,125,41,0.8617,47.58
hunyuan-mt-7b,194,80,1.7758,45.05
hunyuan-mt-7b,212,119,2.6376,45.12
hunyuan-mt-7b,127,36,0.7511,47.93
hunyuan-mt-7b,137,51,1.0521,48.48
hunyuan-mt-7b,107,26,0.5744,45.27
hunyuan-mt-7b,349,225,4.8718,46.18
hunyuan-mt-7b,186,87,1.9309,45.06
hunyuan-mt-7b,246,133,2.9307,45.38
hunyuan-mt-7b,150,63,1.3163,47.86
hunyuan-mt-7b,388,231,5.0321,45.91
hunyuan-mt-7b,112,36,0.8149,44.18
hunyuan-mt-7b,173,74,1.5756,46.96
hunyuan-mt-7b,415,241,5.2474,45.93
hunyuan-mt-7b,178,82,1.7667,46.42
hunyuan-mt-7b,206,102,2.2898,44.55
hunyuan-mt-7b,188,88,1.9027,46.25
hunyuan-mt-7b,104,35,0.8149,42.95
hunyuan-mt-7b,190,96,2.1116,45.46
hunyuan-mt-7b,217,102,2.2541,45.25
hunyuan-mt-7b,98,21,0.5367,39.13
hunyuan-mt-7b,210,111,2.476,44.83
hunyuan-mt-7b,101,28,0.6826,41.02
hunyuan-mt-7b,99,22,0.5231,42.06
hunyuan-mt-7b,210,101,2.2002,45.91
hunyuan-mt-7b,226,115,2.5647,44.84
hunyuan-mt-7b,108,31,0.7557,41.02
hunyuan-mt-7b,144,55,1.2679,43.38
hunyuan-mt-7b,136,47,1.1054,42.52
hunyuan-mt-7b,182,93,2.0019,46.46
hunyuan-mt-7b,89,21,0.5159,40.71
hunyuan-mt-7b,149,64,1.4611,43.8
hunyuan-mt-7b,223,117,2.5716,45.5
hunyuan-mt-7b,151,82,1.8327,44.74
hunyuan-mt-7b,109,29,0.7076,40.98
hunyuan-mt-7b,87,18,0.4531,39.73
hunyuan-mt-7b,105,28,0.6898,40.59
hunyuan-mt-7b,95,20,0.4993,40.06
hunyuan-mt-7b,103,34,0.8375,40.6
hunyuan-mt-7b,398,275,5.9807,45.98
hunyuan-mt-7b,116,36,0.8803,40.89
hunyuan-mt-7b,153,65,1.522,42.71
hunyuan-mt-7b,97,20,0.5122,39.05
hunyuan-mt-7b,94,21,0.5398,38.91
hunyuan-mt-7b,102,28,0.6928,40.42
hunyuan-mt-7b,92,20,0.5123,39.04
hunyuan-mt-7b,103,27,0.6764,39.92
hunyuan-mt-7b,144,54,1.2722,42.44
hunyuan-mt-7b,104,28,0.6644,42.14
hunyuan-mt-7b,149,56,1.2922,43.34
hunyuan-mt-7b,118,38,0.8774,43.31
hunyuan-mt-7b,184,90,2.0768,43.34
hunyuan-mt-7b,90,19,0.4367,43.51
hunyuan-mt-7b,146,57,1.3267,42.96
hunyuan-mt-7b,284,178,3.9842,44.68
hunyuan-mt-7b,109,33,0.7605,43.39
hunyuan-mt-7b,143,55,1.2671,43.41
hunyuan-mt-7b,114,34,0.7867,43.22
hunyuan-mt-7b,145,56,1.2681,44.16
hunyuan-mt-7b,97,23,0.5415,42.47
hunyuan-mt-7b,165,69,1.5674,44.02
hunyuan-mt-7b,163,76,1.7225,44.12
hunyuan-mt-7b,124,43,0.9651,44.56
hunyuan-mt-7b,125,59,1.343,43.93
hunyuan-mt-7b,287,188,4.1718,45.06
hunyuan-mt-7b,126,61,1.4015,43.52
hunyuan-mt-7b,147,55,1.2542,43.85
hunyuan-mt-7b,201,98,2.228,43.99
hunyuan-mt-7b,133,49,1.1016,44.48
hunyuan-mt-7b,205,98,2.2415,43.72
hunyuan-mt-7b,158,68,1.521,44.71
hunyuan-mt-7b,134,46,1.048,43.89
hunyuan-mt-7b,118,40,0.9229,43.34
hunyuan-mt-7b,138,51,1.1552,44.15
hunyuan-mt-7b,164,85,1.9093,44.52
hunyuan-mt-7b,114,32,0.7404,43.22
hunyuan-mt-7b,126,41,0.9185,44.64
hunyuan-mt-7b,146,52,1.1632,44.7
hunyuan-mt-7b,155,50,1.132,44.17
hunyuan-mt-7b,238,140,3.1564,44.35
hunyuan-mt-7b,122,38,0.8672,43.82
hunyuan-mt-7b,111,35,0.7935,44.11
hunyuan-mt-7b,136,55,1.2334,44.59
hunyuan-mt-7b,104,29,0.6686,43.37
hunyuan-mt-7b,252,147,3.3326,44.11
hunyuan-mt-7b,129,67,1.5213,44.04
hunyuan-mt-7b,96,23,0.5441,42.27
hunyuan-mt-7b,120,38,0.8864,42.87
hunyuan-mt-7b,108,30,0.7227,41.51
hunyuan-mt-7b,80,15,0.4202,35.7
hunyuan-mt-7b,258,149,3.3609,44.33
hunyuan-mt-7b,128,46,1.0609,43.36
hunyuan-mt-7b,153,63,1.4397,43.76
hunyuan-mt-7b,135,54,1.2556,43.01
hunyuan-mt-7b,95,21,0.5569,37.71
hunyuan-mt-7b,85,18,0.4926,36.54
hunyuan-mt-7b,98,30,0.7462,40.2
hunyuan-mt-7b,90,19,0.5203,36.52
hunyuan-mt-7b,358,234,5.1824,45.15
hunyuan-mt-7b,146,55,1.2859,42.77
hunyuan-mt-7b,133,46,1.0898,42.21
hunyuan-mt-7b,102,29,0.7375,39.32
hunyuan-mt-7b,159,65,1.4979,43.39
hunyuan-mt-7b,99,25,0.6059,41.26
hunyuan-mt-7b,143,56,1.3023,43.0
hunyuan-mt-7b,104,29,0.7141,40.61
hunyuan-mt-7b,170,71,1.6373,43.36
hunyuan-mt-7b,118,39,0.9474,41.17
hunyuan-mt-7b,86,14,0.3449,40.59
hunyuan-mt-7b,179,76,1.7661,43.03
hunyuan-mt-7b,123,34,0.819,41.51
hunyuan-mt-7b,119,37,0.9029,40.98
hunyuan-mt-7b,238,123,2.776,44.31
hunyuan-mt-7b,117,35,0.8565,40.87
hunyuan-mt-7b,95,25,0.6253,39.98
hunyuan-mt-7b,199,95,2.1822,43.53
hunyuan-mt-7b,105,29,0.6907,41.99
hunyuan-mt-7b,115,38,0.8677,43.79
hunyuan-mt-7b,88,17,0.3992,42.58
hunyuan-mt-7b,146,58,1.3507,42.94
hunyuan-mt-7b,95,24,0.5599,42.87
hunyuan-mt-7b,115,30,0.6869,43.68
hunyuan-mt-7b,153,74,1.6932,43.7
hunyuan-mt-7b,138,52,1.1834,43.94
hunyuan-mt-7b,279,154,3.4294,44.91
hunyuan-mt-7b,141,60,1.3713,43.75
hunyuan-mt-7b,94,29,0.6561,44.2
hunyuan-mt-7b,124,47,1.0553,44.54
hunyuan-mt-7b,121,44,0.996,44.18
hunyuan-mt-7b,89,24,0.5455,44.0
hunyuan-mt-7b,105,27,0.6168,43.78
hunyuan-mt-7b,153,58,1.3528,42.88
hunyuan-mt-7b,126,54,1.2523,43.12
hunyuan-mt-7b,113,34,0.8124,41.85
hunyuan-mt-7b,121,38,0.8982,42.3
hunyuan-mt-7b,162,61,1.4288,42.69
hunyuan-mt-7b,165,74,1.7441,42.43
hunyuan-mt-7b,123,39,0.9309,41.9
hunyuan-mt-7b,117,37,0.8846,41.83
hunyuan-mt-7b,130,45,1.0728,41.95
hunyuan-mt-7b,119,40,0.9472,42.23
hunyuan-mt-7b,90,18,0.4942,36.42
hunyuan-mt-7b,99,22,0.5819,37.81
hunyuan-mt-7b,104,31,0.7673,40.4
hunyuan-mt-7b,173,78,1.8038,43.24
hunyuan-mt-7b,164,68,1.5718,43.26
hunyuan-mt-7b,117,33,0.8235,40.07
hunyuan-mt-7b,103,30,0.7621,39.36
hunyuan-mt-7b,120,42,1.0013,41.95
hunyuan-mt-7b,131,50,1.1794,42.39
hunyuan-mt-7b,103,26,0.7075,36.75
hunyuan-mt-7b,95,20,0.5245,38.13
hunyuan-mt-7b,178,81,1.8753,43.19
hunyuan-mt-7b,97,29,0.7056,41.1
hunyuan-mt-7b,136,56,1.3331,42.01
hunyuan-mt-7b,96,22,0.5355,41.08
hunyuan-mt-7b,122,40,0.9565,41.82
hunyuan-mt-7b,107,37,0.8851,41.81
hunyuan-mt-7b,123,45,1.0736,41.92
hunyuan-mt-7b,122,41,0.965,42.49
hunyuan-mt-7b,105,38,0.9063,41.93
hunyuan-mt-7b,139,61,1.4489,42.1
hunyuan-mt-7b,152,65,1.5394,42.22
hunyuan-mt-7b,157,70,1.6481,42.47
hunyuan-mt-7b,121,53,1.225,43.27
hunyuan-mt-7b,198,99,2.2771,43.48
hunyuan-mt-7b,87,16,0.3909,40.93
hunyuan-mt-7b,117,46,1.068,43.07
hunyuan-mt-7b,98,23,0.5602,41.06
hunyuan-mt-7b,137,50,1.1763,42.51
hunyuan-mt-7b,169,74,1.7567,42.12
hunyuan-mt-7b,97,23,0.5626,40.89
hunyuan-mt-7b,141,52,1.211,42.94
hunyuan-mt-7b,142,66,1.5246,43.29
hunyuan-mt-7b,184,82,1.8914,43.36
hunyuan-mt-7b,167,85,1.9752,43.03
hunyuan-mt-7b,169,70,1.6067,43.57
hunyuan-mt-7b,155,69,1.5366,44.9
hunyuan-mt-7b,186,93,2.109,44.1
hunyuan-mt-7b,195,100,2.305,43.38
hunyuan-mt-7b,213,98,2.2468,43.62
hunyuan-mt-7b,111,34,0.7986,42.57
hunyuan-mt-7b,117,31,0.6957,44.56
hunyuan-mt-7b,135,49,1.1043,44.37
hunyuan-mt-7b,98,23,0.5319,43.24
hunyuan-mt-7b,179,89,1.9991,44.52
hunyuan-mt-7b,133,63,1.4153,44.51
hunyuan-mt-7b,110,31,0.7038,44.04
hunyuan-mt-7b,184,88,1.9512,45.1
hunyuan-mt-7b,144,55,1.221,45.05
hunyuan-mt-7b,132,47,1.0334,45.48
hunyuan-mt-7b,224,119,2.6707,44.56
hunyuan-mt-7b,112,39,0.87,44.83
hunyuan-mt-7b,157,63,1.4273,44.14
hunyuan-mt-7b,137,52,1.1614,44.78
hunyuan-mt-7b,115,37,0.8531,43.37
hunyuan-mt-7b,124,40,0.9197,43.49
hunyuan-mt-7b,79,13,0.3215,40.43
hunyuan-mt-7b,121,69,1.5105,45.68
hunyuan-mt-7b,200,118,2.6003,45.38
hunyuan-mt-7b,97,24,0.5672,42.31
hunyuan-mt-7b,102,24,0.5837,41.11
hunyuan-mt-7b,166,84,1.8719,44.87
hunyuan-mt-7b,122,56,1.2622,44.37
hunyuan-mt-7b,119,38,0.8653,43.91
hunyuan-mt-7b,131,48,1.0946,43.85
hunyuan-mt-7b,174,77,1.709,45.06
hunyuan-mt-7b,142,68,1.4942,45.51
hunyuan-mt-7b,145,110,2.4297,45.27
hunyuan-mt-7b,105,26,0.5886,44.17
hunyuan-mt-7b,100,21,0.4833,43.45
hunyuan-mt-7b,156,69,1.5229,45.31
hunyuan-mt-7b,88,19,0.4368,43.5
hunyuan-mt-7b,195,110,2.417,45.51
hunyuan-mt-7b,242,144,3.1775,45.32
hunyuan-mt-7b,132,54,1.2147,44.45
hunyuan-mt-7b,148,56,1.2618,44.38
hunyuan-mt-7b,257,137,3.028,45.24
hunyuan-mt-7b,227,122,2.7088,45.04
hunyuan-mt-7b,166,65,1.4735,44.11
hunyuan-mt-7b,176,78,1.7486,44.61
hunyuan-mt-7b,101,25,0.589,42.45
hunyuan-mt-7b,265,172,3.8135,45.1
hunyuan-mt-7b,129,51,1.1619,43.89
hunyuan-mt-7b,83,12,0.3032,39.58
hunyuan-mt-7b,107,28,0.6774,41.33
hunyuan-mt-7b,143,59,1.3296,44.37
hunyuan-mt-7b,97,23,0.5573,41.27
hunyuan-mt-7b,152,61,1.3653,44.68
hunyuan-mt-7b,163,79,1.7504,45.13
hunyuan-mt-7b,192,86,1.9138,44.94
hunyuan-mt-7b,104,27,0.6336,42.61
hunyuan-mt-7b,157,70,1.5553,45.01
hunyuan-mt-7b,122,39,0.8978,43.44
hunyuan-mt-7b,118,46,1.0434,44.09
hunyuan-mt-7b,155,64,1.4266,44.86
hunyuan-mt-7b,134,51,1.1608,43.94
hunyuan-mt-7b,277,157,3.4404,45.63
hunyuan-mt-7b,196,88,1.9432,45.29
hunyuan-mt-7b,154,75,1.6499,45.46
hunyuan-mt-7b,98,23,0.5612,40.98
hunyuan-mt-7b,85,13,0.3468,37.49
hunyuan-mt-7b,130,43,0.9738,44.16
hunyuan-mt-7b,145,56,1.2816,43.7
hunyuan-mt-7b,229,139,3.0622,45.39
hunyuan-mt-7b,112,30,0.6966,43.07
hunyuan-mt-7b,101,26,0.6261,41.53
hunyuan-mt-7b,85,29,0.7023,41.29
hunyuan-mt-7b,111,32,0.7557,42.34
hunyuan-mt-7b,154,63,1.4365,43.86
hunyuan-mt-7b,148,57,1.3024,43.77
hunyuan-mt-7b,111,34,0.8152,41.71
hunyuan-mt-7b,109,28,0.6804,41.15
hunyuan-mt-7b,130,66,1.5211,43.39
hunyuan-mt-7b,178,90,2.0369,44.18
hunyuan-mt-7b,141,56,1.2885,43.46
hunyuan-mt-7b,135,50,1.1778,42.45
hunyuan-mt-7b,78,9,0.2643,34.06
hunyuan-mt-7b,149,81,1.8594,43.56
hunyuan-mt-7b,83,22,0.55,40.0
hunyuan-mt-7b,89,18,0.4636,38.83
hunyuan-mt-7b,83,14,0.3619,38.68
hunyuan-mt-7b,107,70,1.5937,43.92
hunyuan-mt-7b,248,155,3.4532,44.89
hunyuan-mt-7b,178,78,1.7886,43.61
hunyuan-mt-7b,183,80,1.824,43.86
hunyuan-mt-7b,98,24,0.5869,40.89
hunyuan-mt-7b,98,24,0.58,41.38
hunyuan-mt-7b,123,37,0.8736,42.35
hunyuan-mt-7b,154,55,1.2907,42.61
hunyuan-mt-7b,121,45,1.0592,42.49
hunyuan-mt-7b,136,55,1.2759,43.11
hunyuan-mt-7b,101,60,1.4072,42.64
hunyuan-mt-7b,83,20,0.4915,40.69
hunyuan-mt-7b,201,89,2.0217,44.02
hunyuan-mt-7b,115,52,1.2206,42.6
hunyuan-mt-7b,111,41,0.9612,42.65
hunyuan-mt-7b,104,28,0.6592,42.48
hunyuan-mt-7b,82,13,0.3229,40.25
hunyuan-mt-7b,102,27,0.6623,40.77
hunyuan-mt-7b,139,57,1.3568,42.01
hunyuan-mt-7b,112,37,0.8787,42.11
hunyuan-mt-7b,190,87,2.0217,43.03
hunyuan-mt-7b,115,35,0.8448,41.43
hunyuan-mt-7b,130,43,1.0146,42.38
hunyuan-mt-7b,115,34,0.8254,41.19
hunyuan-mt-7b,188,81,1.9248,42.08
hunyuan-mt-7b,85,17,0.4535,37.48
hunyuan-mt-7b,148,57,1.3292,42.88
hunyuan-mt-7b,92,24,0.5959,40.28
hunyuan-mt-7b,166,77,1.8013,42.75
hunyuan-mt-7b,90,17,0.4339,39.18
hunyuan-mt-7b,82,32,0.8088,39.57
hunyuan-mt-7b,98,26,0.6759,38.47
hunyuan-mt-7b,176,90,2.126,42.33
hunyuan-mt-7b,103,27,0.6867,39.32
hunyuan-mt-7b,111,37,0.9194,40.24
hunyuan-mt-7b,126,51,1.2321,41.39
hunyuan-mt-7b,85,26,0.6553,39.68
hunyuan-mt-7b,411,283,6.3279,44.72
hunyuan-mt-7b,131,55,1.2989,42.34
hunyuan-mt-7b,122,54,1.292,41.8
hunyuan-mt-7b,84,36,0.9051,39.78
hunyuan-mt-7b,133,45,1.101,40.87
hunyuan-mt-7b,99,26,0.647,40.19
hunyuan-mt-7b,120,38,0.9466,40.14
hunyuan-mt-7b,149,57,1.3881,41.06
hunyuan-mt-7b,94,21,0.5766,36.42
hunyuan-mt-7b,110,34,0.8616,39.46
hunyuan-mt-7b,112,33,0.8083,40.83
hunyuan-mt-7b,93,22,0.5607,39.23
hunyuan-mt-7b,102,44,1.0701,41.12
hunyuan-mt-7b,228,113,2.6603,42.48
hunyuan-mt-7b,92,21,0.5308,39.56
hunyuan-mt-7b,142,51,1.2499,40.8
hunyuan-mt-7b,108,31,0.7828,39.6
hunyuan-mt-7b,106,23,0.5909,38.92
hunyuan-mt-7b,105,28,0.7071,39.6
hunyuan-mt-7b,194,109,2.5854,42.16
hunyuan-mt-7b,129,47,1.1513,40.83
hunyuan-mt-7b,135,47,1.1421,41.15
hunyuan-mt-7b,216,108,2.5569,42.24
hunyuan-mt-7b,85,13,0.3484,37.32
hunyuan-mt-7b,81,12,0.3367,35.64
hunyuan-mt-7b,111,41,1.0301,39.8
hunyuan-mt-7b,100,21,0.5137,40.88
hunyuan-mt-7b,94,28,0.7196,38.91
hunyuan-mt-7b,106,41,1.0206,40.17
hunyuan-mt-7b,94,21,0.5479,38.33
hunyuan-mt-7b,105,34,0.8652,39.3
hunyuan-mt-7b,104,25,0.6392,39.11
hunyuan-mt-7b,102,33,0.8008,41.21
hunyuan-mt-7b,103,37,0.9061,40.83
hunyuan-mt-7b,131,53,1.2924,41.01
hunyuan-mt-7b,117,51,1.2458,40.94
hunyuan-mt-7b,101,28,0.7157,39.12
hunyuan-mt-7b,87,14,0.3868,36.19
hunyuan-mt-7b,137,52,1.2779,40.69
hunyuan-mt-7b,113,36,0.8901,40.45
hunyuan-mt-7b,90,18,0.4484,40.15
hunyuan-mt-7b,143,60,1.4527,41.3
hunyuan-mt-7b,87,16,0.4163,38.44
hunyuan-mt-7b,127,58,1.4042,41.3
hunyuan-mt-7b,100,24,0.5853,41.0
hunyuan-mt-7b,101,49,1.1892,41.21
hunyuan-mt-7b,101,34,0.825,41.21
hunyuan-mt-7b,131,47,1.1347,41.42
hunyuan-mt-7b,95,22,0.5392,40.8
hunyuan-mt-7b,181,86,2.0573,41.8
hunyuan-mt-7b,151,71,1.6863,42.1
hunyuan-mt-7b,135,47,1.1068,42.46
hunyuan-mt-7b,142,57,1.3347,42.71
hunyuan-mt-7b,145,61,1.4377,42.43
hunyuan-mt-7b,96,21,0.51,41.18
hunyuan-mt-7b,119,34,0.7831,43.42
hunyuan-mt-7b,96,22,0.5302,41.5
hunyuan-mt-7b,105,30,0.7011,42.79
hunyuan-mt-7b,158,62,1.4408,43.03
hunyuan-mt-7b,149,61,1.3971,43.66
hunyuan-mt-7b,108,31,0.7258,42.71
hunyuan-mt-7b,191,134,3.1409,42.66
hunyuan-mt-7b,113,52,1.2021,43.26
hunyuan-mt-7b,129,45,1.05,42.86
hunyuan-mt-7b,97,36,0.839,42.91
hunyuan-mt-7b,207,101,2.3648,42.71
hunyuan-mt-7b,125,42,0.9745,43.1
hunyuan-mt-7b,132,47,1.0828,43.4
hunyuan-mt-7b,113,36,0.85,42.36
hunyuan-mt-7b,90,17,0.4229,40.2
hunyuan-mt-7b,159,75,1.711,43.83
hunyuan-mt-7b,137,53,1.2067,43.92
hunyuan-mt-7b,98,24,0.5724,41.93
hunyuan-mt-7b,187,102,2.3357,43.67
hunyuan-mt-7b,82,26,0.6099,42.63
hunyuan-mt-7b,104,32,0.7425,43.1
hunyuan-mt-7b,107,26,0.6242,41.65
hunyuan-mt-7b,165,82,1.8759,43.71
hunyuan-mt-7b,101,25,0.6056,41.28
hunyuan-mt-7b,132,49,1.1458,42.76
hunyuan-mt-7b,182,128,2.956,43.3
hunyuan-mt-7b,84,15,0.386,38.86
hunyuan-mt-7b,136,47,1.0426,45.08
hunyuan-mt-7b,91,22,0.4718,46.63
hunyuan-mt-7b,220,128,2.8506,44.9
hunyuan-mt-7b,97,30,0.6566,45.69
hunyuan-mt-7b,87,17,0.3516,48.35
hunyuan-mt-7b,160,101,2.2292,45.31
hunyuan-mt-7b,165,83,1.8261,45.45
hunyuan-mt-7b,91,27,0.6046,44.66
hunyuan-mt-7b,151,81,1.8333,44.18
hunyuan-mt-7b,170,76,1.7124,44.38
hunyuan-mt-7b,115,35,0.8415,41.59
hunyuan-mt-7b,221,132,3.0178,43.74
hunyuan-mt-7b,168,72,1.6455,43.76
hunyuan-mt-7b,199,112,2.6292,42.6
hunyuan-mt-7b,251,126,2.9509,42.7
hunyuan-mt-7b,167,83,1.981,41.9
hunyuan-mt-7b,138,38,0.9723,39.08
hunyuan-mt-7b,119,43,1.1503,37.38
hunyuan-mt-7b,86,15,0.6308,23.78
hunyuan-mt-7b,146,65,1.6945,38.36
hunyuan-mt-7b,97,27,0.8877,30.42
hunyuan-mt-7b,285,156,3.7532,41.56
hunyuan-mt-7b,153,66,1.7103,38.59
hunyuan-mt-7b,101,23,0.8114,28.35
hunyuan-mt-7b,81,11,0.3734,29.46
hunyuan-mt-7b,196,107,2.7147,39.42
hunyuan-mt-7b,120,33,1.1205,29.45
hunyuan-mt-7b,113,40,1.2684,31.54
hunyuan-mt-7b,166,74,1.9344,38.26
hunyuan-mt-7b,176,74,1.9382,38.18
hunyuan-mt-7b,118,32,0.8127,39.38
hunyuan-mt-7b,233,116,2.8895,40.15
hunyuan-mt-7b,235,113,2.7915,40.48
hunyuan-mt-7b,229,129,3.1525,40.92
hunyuan-mt-7b,103,27,0.6073,44.46
hunyuan-mt-7b,128,41,0.8868,46.23
hunyuan-mt-7b,262,125,3.0115,41.51
hunyuan-mt-7b,233,130,3.1207,41.66
hunyuan-mt-7b,125,43,0.9217,46.65
hunyuan-mt-7b,131,58,1.2349,46.97
hunyuan-mt-7b,102,36,0.7979,45.12
hunyuan-mt-7b,251,145,3.4502,42.03
hunyuan-mt-7b,143,55,1.189,46.26
hunyuan-mt-7b,135,52,1.1304,46.0
hunyuan-mt-7b,133,47,0.9333,50.36
hunyuan-mt-7b,195,91,1.8507,49.17
hunyuan-mt-7b,271,159,3.2587,48.79
hunyuan-mt-7b,217,104,2.1337,48.74
hunyuan-mt-7b,95,23,0.5167,44.51
hunyuan-mt-7b,250,108,2.2213,48.62
hunyuan-mt-7b,266,151,3.0983,48.74
hunyuan-mt-7b,332,183,3.8012,48.14
hunyuan-mt-7b,211,106,2.1812,48.6
hunyuan-mt-7b,345,192,4.0811,47.05
hunyuan-mt-7b,84,23,0.5621,40.92
hunyuan-mt-7b,84,12,0.364,32.97
hunyuan-mt-7b,273,143,3.0181,47.38
hunyuan-mt-7b,104,29,0.7349,39.46
hunyuan-mt-7b,341,219,4.8205,45.43
hunyuan-mt-7b,291,192,4.0413,47.51
hunyuan-mt-7b,95,23,0.5292,43.46
hunyuan-mt-7b,100,21,0.4823,43.54
hunyuan-mt-7b,251,131,2.7685,47.32
hunyuan-mt-7b,377,251,5.6069,44.77
hunyuan-mt-7b,112,33,0.749,44.06
hunyuan-mt-7b,442,253,5.5834,45.31
hunyuan-mt-7b,456,269,6.0111,44.75
hunyuan-mt-7b,174,78,1.8233,42.78
hunyuan-mt-7b,512,283,6.1628,45.92
hunyuan-mt-7b,492,296,6.6199,44.71
hunyuan-mt-7b,492,296,6.5925,44.9
hunyuan-mt-7b,520,303,6.8299,44.36
hunyuan-mt-7b,357,208,4.4899,46.33
hunyuan-mt-7b,196,93,2.1497,43.26
hunyuan-mt-7b,545,312,7.0444,44.29
hunyuan-mt-7b,516,312,6.9682,44.77
hunyuan-mt-7b,217,102,2.3463,43.47
hunyuan-mt-7b,423,302,6.5457,46.14
hunyuan-mt-7b,106,28,0.6866,40.78
hunyuan-mt-7b,213,98,2.173,45.1
hunyuan-mt-7b,135,51,1.0885,46.85
hunyuan-mt-7b,224,113,2.4832,45.51
hunyuan-mt-7b,539,354,7.7378,45.75
hunyuan-mt-7b,294,156,3.4873,44.73
hunyuan-mt-7b,277,147,3.2328,45.47
hunyuan-mt-7b,624,371,8.2331,45.06
hunyuan-mt-7b,81,12,0.3178,37.76
hunyuan-mt-7b,304,173,3.8688,44.72
hunyuan-mt-7b,406,276,5.9405,46.46
hunyuan-mt-7b,248,131,2.9253,44.78
hunyuan-mt-7b,152,65,1.4379,45.2
hunyuan-mt-7b,194,85,1.8611,45.67
hunyuan-mt-7b,173,76,1.6767,45.33
hunyuan-mt-7b,257,141,3.0911,45.62
hunyuan-mt-7b,196,96,2.0916,45.9
hunyuan-mt-7b,146,55,1.2853,42.79
hunyuan-mt-7b,231,119,2.6518,44.88
hunyuan-mt-7b,144,58,1.354,42.84
hunyuan-mt-7b,203,104,2.2827,45.56
hunyuan-mt-7b,665,404,8.7601,46.12
hunyuan-mt-7b,89,18,0.4544,39.62
hunyuan-mt-7b,104,30,0.6784,44.22
hunyuan-mt-7b,87,15,0.3482,43.08
hunyuan-mt-7b,337,203,4.4895,45.22
hunyuan-mt-7b,651,433,9.3621,46.25
hunyuan-mt-7b,324,187,4.0866,45.76
hunyuan-mt-7b,132,45,0.9873,45.58
hunyuan-mt-7b,204,93,2.0172,46.1
hunyuan-mt-7b,186,84,1.8377,45.71
hunyuan-mt-7b,216,103,2.2628,45.52
hunyuan-mt-7b,189,86,1.8751,45.86
hunyuan-mt-7b,344,206,4.484,45.94
hunyuan-mt-7b,441,276,6.059,45.55
hunyuan-mt-7b,470,278,6.0969,45.6
hunyuan-mt-7b,341,241,5.2786,45.66
hunyuan-mt-7b,429,244,5.3464,45.64
hunyuan-mt-7b,330,199,4.3373,45.88
hunyuan-mt-7b,147,59,1.3227,44.61
hunyuan-mt-7b,228,136,3.0104,45.18
hunyuan-mt-7b,230,114,2.5193,45.25
hunyuan-mt-7b,252,124,2.7319,45.39
hunyuan-mt-7b,371,207,4.5299,45.7
hunyuan-mt-7b,264,146,3.2411,45.05
hunyuan-mt-7b,135,50,1.1637,42.97
hunyuan-mt-7b,130,41,0.9675,42.38
hunyuan-mt-7b,181,76,1.6973,44.78
hunyuan-mt-7b,157,67,1.5254,43.92
hunyuan-mt-7b,98,23,0.542,42.44
hunyuan-mt-7b,829,527,11.5196,45.75
hunyuan-mt-7b,202,96,2.1375,44.91
hunyuan-mt-7b,381,213,4.6619,45.69
hunyuan-mt-7b,284,163,3.5951,45.34
hunyuan-mt-7b,78,19,0.4525,41.99
hunyuan-mt-7b,101,28,0.6424,43.58
hunyuan-mt-7b,104,30,0.7054,42.53
hunyuan-mt-7b,384,188,4.198,44.78
hunyuan-mt-7b,171,66,1.5305,43.12
hunyuan-mt-7b,140,55,1.2586,43.7
hunyuan-mt-7b,173,80,1.8305,43.7
hunyuan-mt-7b,290,184,4.0584,45.34
hunyuan-mt-7b,107,32,0.7264,44.05
hunyuan-mt-7b,171,78,1.7601,44.32
hunyuan-mt-7b,116,39,0.8809,44.27
hunyuan-mt-7b,129,44,0.9913,44.39
hunyuan-mt-7b,282,165,3.6246,45.52
hunyuan-mt-7b,201,94,2.1228,44.28
hunyuan-mt-7b,138,57,1.2719,44.81
hunyuan-mt-7b,312,184,4.0608,45.31
hunyuan-mt-7b,148,68,1.5264,44.55
hunyuan-mt-7b,194,87,1.9449,44.73
hunyuan-mt-7b,269,179,3.95,45.32
hunyuan-mt-7b,149,57,1.2889,44.22
hunyuan-mt-7b,262,144,3.2063,44.91
hunyuan-mt-7b,245,129,2.9138,44.27
hunyuan-mt-7b,213,107,2.434,43.96
hunyuan-mt-7b,80,10,0.267,37.45
hunyuan-mt-7b,333,183,4.0404,45.29
hunyuan-mt-7b,81,11,0.3015,36.48
hunyuan-mt-7b,171,76,1.7312,43.9
hunyuan-mt-7b,167,71,1.5846,44.81
hunyuan-mt-7b,118,38,0.9065,41.92
hunyuan-mt-7b,148,61,1.3778,44.27
hunyuan-mt-7b,222,126,2.861,44.04
hunyuan-mt-7b,97,22,0.5313,41.41
hunyuan-mt-7b,180,81,1.8188,44.54
hunyuan-mt-7b,169,75,1.6955,44.24
hunyuan-mt-7b,101,27,0.6279,43.0
hunyuan-mt-7b,105,29,0.6723,43.13
hunyuan-mt-7b,153,64,1.479,43.27
hunyuan-mt-7b,274,150,3.3782,44.4
hunyuan-mt-7b,150,59,1.3885,42.49
hunyuan-mt-7b,142,55,1.2863,42.76
hunyuan-mt-7b,105,28,0.6888,40.65
hunyuan-mt-7b,195,88,2.012,43.74
hunyuan-mt-7b,131,44,1.063,41.39
hunyuan-mt-7b,187,66,1.5672,42.11
hunyuan-mt-7b,166,70,1.6531,42.35
hunyuan-mt-7b,189,118,2.7031,43.65
hunyuan-mt-7b,164,68,1.6007,42.48
hunyuan-mt-7b,117,37,0.9005,41.09
hunyuan-mt-7b,178,85,1.9821,42.88
hunyuan-mt-7b,200,107,2.4794,43.16
hunyuan-mt-7b,251,144,3.2766,43.95
hunyuan-mt-7b,175,84,1.9211,43.73
hunyuan-mt-7b,168,74,1.6912,43.76
hunyuan-mt-7b,146,57,1.3441,42.41
hunyuan-mt-7b,156,59,1.3786,42.8
hunyuan-mt-7b,128,45,1.0186,44.18
hunyuan-mt-7b,299,182,4.0937,44.46
hunyuan-mt-7b,328,208,4.6758,44.48
hunyuan-mt-7b,311,182,4.0722,44.69
hunyuan-mt-7b,162,76,1.7134,44.36
hunyuan-mt-7b,393,252,5.6445,44.64
hunyuan-mt-7b,208,101,2.2911,44.08
hunyuan-mt-7b,231,123,2.7557,44.63
hunyuan-mt-7b,143,55,1.1848,46.42
hunyuan-mt-7b,228,120,2.651,45.27
hunyuan-mt-7b,221,104,2.2418,46.39
hunyuan-mt-7b,169,108,2.3284,46.38
hunyuan-mt-7b,157,73,1.5514,47.05
hunyuan-mt-7b,171,76,1.6193,46.93
hunyuan-mt-7b,276,136,2.9678,45.82
hunyuan-mt-7b,219,98,2.0738,47.26
hunyuan-mt-7b,199,103,2.177,47.31
hunyuan-mt-7b,225,132,2.8907,45.66
hunyuan-mt-7b,286,162,3.5792,45.26
hunyuan-mt-7b,363,204,4.5731,44.61
hunyuan-mt-7b,245,129,2.8343,45.51
hunyuan-mt-7b,274,142,3.1459,45.14
hunyuan-mt-7b,267,145,3.2137,45.12
hunyuan-mt-7b,162,67,1.4976,44.74
hunyuan-mt-7b,137,48,1.1106,43.22
hunyuan-mt-7b,109,28,0.7181,38.99
hunyuan-mt-7b,120,37,0.9086,40.72
hunyuan-mt-7b,188,83,1.8529,44.79
hunyuan-mt-7b,216,100,2.2835,43.79
hunyuan-mt-7b,310,162,3.7011,43.77
hunyuan-mt-7b,173,78,1.8358,42.49
hunyuan-mt-7b,351,213,4.8292,44.11
hunyuan-mt-7b,189,89,2.0639,43.12
hunyuan-mt-7b,120,41,1.0633,38.56
hunyuan-mt-7b,166,69,1.6719,41.27
hunyuan-mt-7b,272,145,3.2862,44.12
hunyuan-mt-7b,113,36,0.9129,39.43
hunyuan-mt-7b,118,46,1.1698,39.32
hunyuan-mt-7b,177,83,2.0173,41.14
hunyuan-mt-7b,137,53,1.3565,39.07
hunyuan-mt-7b,155,59,1.5004,39.32
hunyuan-mt-7b,97,24,0.6447,37.23
hunyuan-mt-7b,176,78,1.9794,39.41
hunyuan-mt-7b,173,75,1.8217,41.17
hunyuan-mt-7b,162,72,1.742,41.33
hunyuan-mt-7b,480,276,6.2972,43.83
hunyuan-mt-7b,380,213,4.862,43.81
hunyuan-mt-7b,108,31,0.7474,41.48
hunyuan-mt-7b,198,87,2.1343,40.76
hunyuan-mt-7b,119,44,1.0305,42.7
hunyuan-mt-7b,288,172,3.9834,43.18
hunyuan-mt-7b,367,216,4.9198,43.9
hunyuan-mt-7b,267,135,3.2418,41.64
hunyuan-mt-7b,263,137,3.296,41.57
hunyuan-mt-7b,187,91,2.1298,42.73
hunyuan-mt-7b,390,246,5.5722,44.15
hunyuan-mt-7b,128,54,1.2051,44.81
hunyuan-mt-7b,384,241,5.4509,44.21
hunyuan-mt-7b,261,136,3.0649,44.37
hunyuan-mt-7b,269,148,3.3014,44.83
hunyuan-mt-7b,380,214,4.8684,43.96
hunyuan-mt-7b,387,222,4.9807,44.57
hunyuan-mt-7b,213,116,2.4341,47.66
hunyuan-mt-7b,369,234,5.1859,45.12
hunyuan-mt-7b,268,150,3.1876,47.06
hunyuan-mt-7b,316,192,4.1676,46.07
hunyuan-mt-7b,112,41,0.9221,44.46
hunyuan-mt-7b,254,141,2.9852,47.23
hunyuan-mt-7b,348,210,4.5997,45.66
hunyuan-mt-7b,422,265,5.9996,44.17
hunyuan-mt-7b,259,140,3.0157,46.42
hunyuan-mt-7b,411,260,5.6735,45.83
hunyuan-mt-7b,371,231,5.03,45.92
hunyuan-mt-7b,277,154,3.3057,46.59
hunyuan-mt-7b,427,270,5.9268,45.56
hunyuan-mt-7b,297,163,3.5218,46.28
hunyuan-mt-7b,415,247,5.425,45.53
hunyuan-mt-7b,273,151,3.286,45.95
hunyuan-mt-7b,106,53,1.2684,41.78
hunyuan-mt-7b,362,174,3.8046,45.73
hunyuan-mt-7b,349,253,5.5432,45.64
hunyuan-mt-7b,284,156,3.4172,45.65
hunyuan-mt-7b,391,233,5.0757,45.9
hunyuan-mt-7b,332,191,4.1529,45.99
hunyuan-mt-7b,463,261,5.7252,45.59
hunyuan-mt-7b,409,250,5.5118,45.36
hunyuan-mt-7b,115,51,1.1367,44.87
hunyuan-mt-7b,499,346,7.633,45.33
hunyuan-mt-7b,320,195,4.26,45.77
hunyuan-mt-7b,225,124,2.7958,44.35
hunyuan-mt-7b,299,187,4.1275,45.31
hunyuan-mt-7b,331,78,1.7342,44.98
hunyuan-mt-7b,257,130,2.8813,45.12
hunyuan-mt-7b,246,126,2.8026,44.96
hunyuan-mt-7b,201,96,2.0858,46.03
hunyuan-mt-7b,190,84,1.8296,45.91
hunyuan-mt-7b,642,402,8.922,45.06
hunyuan-mt-7b,115,48,1.1012,43.59
hunyuan-mt-7b,245,136,3.0691,44.31
hunyuan-mt-7b,365,213,4.742,44.92
hunyuan-mt-7b,130,52,1.164,44.68
hunyuan-mt-7b,140,55,1.2326,44.62
hunyuan-mt-7b,322,184,4.1301,44.55
hunyuan-mt-7b,239,133,2.9289,45.41
hunyuan-mt-7b,213,105,2.3011,45.63
hunyuan-mt-7b,587,364,8.0141,45.42
hunyuan-mt-7b,362,208,4.6353,44.87
hunyuan-mt-7b,296,169,3.7518,45.04
hunyuan-mt-7b,315,176,3.9314,44.77
hunyuan-mt-7b,275,151,3.3267,45.39
hunyuan-mt-7b,617,383,8.3456,45.89
hunyuan-mt-7b,263,149,3.2953,45.22
hunyuan-mt-7b,138,54,1.2643,42.71
hunyuan-mt-7b,146,58,1.366,42.46
hunyuan-mt-7b,404,251,5.6035,44.79
hunyuan-mt-7b,248,138,3.0839,44.75
hunyuan-mt-7b,376,218,4.8675,44.79
hunyuan-mt-7b,208,96,2.1654,44.33
hunyuan-mt-7b,216,122,2.7929,43.68
hunyuan-mt-7b,381,233,5.2488,44.39
hunyuan-mt-7b,380,222,4.9699,44.67
hunyuan-mt-7b,134,52,1.2338,42.15
hunyuan-mt-7b,134,58,1.4102,41.13
hunyuan-mt-7b,380,207,4.6784,44.25
hunyuan-mt-7b,107,29,0.7835,37.01
hunyuan-mt-7b,167,73,1.7481,41.76
hunyuan-mt-7b,493,303,6.855,44.2
hunyuan-mt-7b,258,134,3.088,43.39
hunyuan-mt-7b,189,85,1.9247,44.16
hunyuan-mt-7b,390,234,5.2283,44.76
hunyuan-mt-7b,133,58,1.2669,45.78
hunyuan-mt-7b,161,73,1.6586,44.01
hunyuan-mt-7b,375,208,4.6994,44.26
hunyuan-mt-7b,348,196,4.4475,44.07
hunyuan-mt-7b,160,70,1.5515,45.12
hunyuan-mt-7b,303,172,3.8434,44.75
hunyuan-mt-7b,406,252,5.6607,44.52
hunyuan-mt-7b,185,81,1.7969,45.08
hunyuan-mt-7b,283,159,3.5996,44.17
hunyuan-mt-7b,326,186,4.1966,44.32
hunyuan-mt-7b,236,122,2.8247,43.19
hunyuan-mt-7b,676,412,9.2465,44.56
hunyuan-mt-7b,311,209,4.761,43.9
hunyuan-mt-7b,351,206,4.6687,44.12
hunyuan-mt-7b,367,209,4.7523,43.98
hunyuan-mt-7b,273,154,3.5446,43.45
hunyuan-mt-7b,140,56,1.3279,42.17
hunyuan-mt-7b,406,244,5.5397,44.05
hunyuan-mt-7b,145,68,1.6137,42.14
hunyuan-mt-7b,354,201,4.5924,43.77
hunyuan-mt-7b,122,43,1.0217,42.09
hunyuan-mt-7b,322,180,4.0764,44.16
hunyuan-mt-7b,406,233,5.2247,44.6
hunyuan-mt-7b,235,125,2.8155,44.4
hunyuan-mt-7b,427,240,5.3583,44.79
hunyuan-mt-7b,108,26,0.5629,46.19
hunyuan-mt-7b,395,230,5.0839,45.24
hunyuan-mt-7b,251,129,2.8507,45.25
hunyuan-mt-7b,358,209,4.5784,45.65
hunyuan-mt-7b,547,353,7.9201,44.57
hunyuan-mt-7b,394,246,5.4857,44.84
hunyuan-mt-7b,160,85,1.8409,46.17
hunyuan-mt-7b,372,209,4.6424,45.02
hunyuan-mt-7b,241,125,2.7017,46.27
hunyuan-mt-7b,290,160,3.5011,45.7
hunyuan-mt-7b,302,169,3.7766,44.75
hunyuan-mt-7b,288,154,3.4116,45.14
hunyuan-mt-7b,424,254,5.6084,45.29
hunyuan-mt-7b,316,179,4.0001,44.75
hunyuan-mt-7b,340,203,4.5669,44.45
hunyuan-mt-7b,180,95,2.1692,43.8
hunyuan-mt-7b,314,186,4.21,44.18
hunyuan-mt-7b,254,137,3.061,44.76
hunyuan-mt-7b,583,326,7.3087,44.6
hunyuan-mt-7b,455,247,5.5402,44.58
hunyuan-mt-7b,120,45,1.0944,41.12
hunyuan-mt-7b,298,169,3.7549,45.01
hunyuan-mt-7b,364,212,4.7219,44.9
hunyuan-mt-7b,355,210,4.6572,45.09
hunyuan-mt-7b,305,177,3.9241,45.11
hunyuan-mt-7b,422,253,5.6264,44.97
hunyuan-mt-7b,184,85,1.9047,44.63
hunyuan-mt-7b,143,52,1.0914,47.65
hunyuan-mt-7b,352,241,5.2508,45.9
hunyuan-mt-7b,107,29,0.6208,46.71
hunyuan-mt-7b,276,147,3.2318,45.49
hunyuan-mt-7b,153,63,1.3339,47.23
hunyuan-mt-7b,430,264,5.7448,45.95
hunyuan-mt-7b,79,36,0.7878,45.69
hunyuan-mt-7b,271,145,3.2076,45.21
hunyuan-mt-7b,151,63,1.3451,46.84
hunyuan-mt-7b,509,334,7.3657,45.35
hunyuan-mt-7b,89,17,0.42,40.48
hunyuan-mt-7b,91,21,0.5019,41.84
hunyuan-mt-7b,166,70,1.5006,46.65
hunyuan-mt-7b,94,23,0.5992,38.38
hunyuan-mt-7b,104,31,0.7629,40.64
hunyuan-mt-7b,365,207,4.6323,44.69
hunyuan-mt-7b,321,190,4.2783,44.41
hunyuan-mt-7b,650,417,9.2094,45.28
hunyuan-mt-7b,254,132,2.9169,45.25
hunyuan-mt-7b,99,20,0.5537,36.12
hunyuan-mt-7b,355,206,4.6473,44.33
hunyuan-mt-7b,101,32,0.8182,39.11
hunyuan-mt-7b,314,192,4.2768,44.89
hunyuan-mt-7b,280,153,3.3706,45.39
hunyuan-mt-7b,296,171,3.8471,44.45
hunyuan-mt-7b,122,40,1.0152,39.4
hunyuan-mt-7b,120,43,1.1395,37.74
hunyuan-mt-7b,112,33,0.8575,38.48
hunyuan-mt-7b,317,179,4.0657,44.03
hunyuan-mt-7b,123,41,1.0294,39.83
hunyuan-mt-7b,133,47,1.1955,39.31
hunyuan-mt-7b,117,40,1.0095,39.62
hunyuan-mt-7b,85,12,0.3191,37.61
hunyuan-mt-7b,262,170,3.8142,44.57
hunyuan-mt-7b,101,27,0.7301,36.98
hunyuan-mt-7b,279,153,3.4831,43.93
hunyuan-mt-7b,388,206,4.6978,43.85
hunyuan-mt-7b,172,72,1.7695,40.69
hunyuan-mt-7b,206,62,1.5015,41.29
hunyuan-mt-7b,139,59,1.4289,41.29
hunyuan-mt-7b,330,191,4.2886,44.54
hunyuan-mt-7b,190,83,2.0152,41.19
hunyuan-mt-7b,125,45,1.0423,43.18
hunyuan-mt-7b,169,85,2.0494,41.47
hunyuan-mt-7b,120,43,0.9719,44.24
hunyuan-mt-7b,147,59,1.3195,44.71
hunyuan-mt-7b,149,60,1.34,44.78
hunyuan-mt-7b,133,52,1.1497,45.23
hunyuan-mt-7b,203,100,2.2966,43.54
hunyuan-mt-7b,151,62,1.3785,44.97
hunyuan-mt-7b,111,35,0.7823,44.74
hunyuan-mt-7b,138,50,1.1004,45.44
hunyuan-mt-7b,495,301,6.7739,44.44
hunyuan-mt-7b,144,55,1.2202,45.07
hunyuan-mt-7b,249,129,2.9929,43.1
hunyuan-mt-7b,200,110,2.5178,43.69
hunyuan-mt-7b,170,79,1.7691,44.65
hunyuan-mt-7b,134,61,1.3637,44.73
hunyuan-mt-7b,395,229,5.1311,44.63
hunyuan-mt-7b,178,89,1.99,44.72
hunyuan-mt-7b,102,23,0.5887,39.07
hunyuan-mt-7b,85,14,0.3893,35.96
hunyuan-mt-7b,526,321,7.2375,44.35
hunyuan-mt-7b,142,63,1.4258,44.19
hunyuan-mt-7b,96,20,0.5049,39.61
hunyuan-mt-7b,97,21,0.5279,39.78
hunyuan-mt-7b,417,255,5.7173,44.6
hunyuan-mt-7b,152,63,1.4372,43.83
hunyuan-mt-7b,103,28,0.6704,41.77
hunyuan-mt-7b,109,32,0.743,43.07
hunyuan-mt-7b,109,32,0.7449,42.96
hunyuan-mt-7b,167,93,2.058,45.19
hunyuan-mt-7b,113,38,0.8887,42.76
hunyuan-mt-7b,195,100,2.2292,44.86
hunyuan-mt-7b,134,62,1.4282,43.41
hunyuan-mt-7b,137,61,1.4184,43.01
hunyuan-mt-7b,95,34,0.8233,41.3
hunyuan-mt-7b,107,35,0.8406,41.64
hunyuan-mt-7b,511,306,6.8959,44.37
hunyuan-mt-7b,81,11,0.3427,32.1
hunyuan-mt-7b,85,14,0.4086,34.27
hunyuan-mt-7b,179,94,2.1496,43.73
hunyuan-mt-7b,522,310,7.008,44.24
hunyuan-mt-7b,121,45,1.1119,40.47
hunyuan-mt-7b,155,67,1.6312,41.07
hunyuan-mt-7b,126,54,1.3506,39.98
hunyuan-mt-7b,236,124,2.8535,43.46
hunyuan-mt-7b,126,41,1.0831,37.85
hunyuan-mt-7b,87,19,0.6163,30.83
hunyuan-mt-7b,115,38,1.0167,37.37
hunyuan-mt-7b,98,24,0.7211,33.28
hunyuan-mt-7b,102,27,0.7873,34.3
hunyuan-mt-7b,139,45,1.1826,38.05
hunyuan-mt-7b,316,188,4.3719,43.0
hunyuan-mt-7b,83,13,0.2997,43.37
hunyuan-mt-7b,124,37,0.9287,39.84
hunyuan-mt-7b,167,76,1.8156,41.86
hunyuan-mt-7b,125,40,0.8864,45.13
hunyuan-mt-7b,204,107,2.5287,42.31
hunyuan-mt-7b,135,51,1.2413,41.08
hunyuan-mt-7b,142,42,0.9277,45.28
hunyuan-mt-7b,136,48,1.0407,46.12
hunyuan-mt-7b,186,79,1.854,42.61
hunyuan-mt-7b,201,88,2.0527,42.87
hunyuan-mt-7b,129,43,0.9413,45.68
hunyuan-mt-7b,154,70,1.4998,46.67
hunyuan-mt-7b,103,32,0.7103,45.05
hunyuan-mt-7b,192,93,2.1748,42.76
hunyuan-mt-7b,255,146,3.3475,43.61
hunyuan-mt-7b,169,70,1.5078,46.42
hunyuan-mt-7b,418,233,5.3157,43.83
hunyuan-mt-7b,110,38,0.8553,44.43
hunyuan-mt-7b,100,26,0.6021,43.18
hunyuan-mt-7b,185,87,1.9877,43.77
hunyuan-mt-7b,192,90,2.0362,44.2
hunyuan-mt-7b,207,108,2.5347,42.61
hunyuan-mt-7b,232,107,2.4642,43.42
hunyuan-mt-7b,104,23,0.5893,39.03
hunyuan-mt-7b,199,105,2.3996,43.76
hunyuan-mt-7b,148,55,1.251,43.96
hunyuan-mt-7b,427,257,5.8996,43.56
hunyuan-mt-7b,381,259,5.9567,43.48
hunyuan-mt-7b,161,74,1.6714,44.27
hunyuan-mt-7b,220,111,2.5503,43.52
hunyuan-mt-7b,171,81,1.8368,44.1
hunyuan-mt-7b,102,28,0.7232,38.72
hunyuan-mt-7b,217,119,2.7614,43.09
hunyuan-mt-7b,143,64,1.4816,43.2
hunyuan-mt-7b,108,31,0.803,38.6
hunyuan-mt-7b,132,48,1.1692,41.05
hunyuan-mt-7b,92,21,0.5487,38.27
hunyuan-mt-7b,111,31,0.8176,37.91
hunyuan-mt-7b,104,28,0.7225,38.76
hunyuan-mt-7b,83,12,0.361,33.25
hunyuan-mt-7b,106,29,0.7493,38.7
hunyuan-mt-7b,111,30,0.7661,39.16
hunyuan-mt-7b,94,19,0.4757,39.94
hunyuan-mt-7b,448,284,6.5064,43.65
hunyuan-mt-7b,152,64,1.5422,41.5
hunyuan-mt-7b,89,17,0.4017,42.32
hunyuan-mt-7b,104,27,0.6872,39.29
hunyuan-mt-7b,102,25,0.6401,39.06
hunyuan-mt-7b,250,144,3.3395,43.12
hunyuan-mt-7b,92,28,0.6933,40.39
hunyuan-mt-7b,105,69,1.6834,40.99
hunyuan-mt-7b,169,75,1.8111,41.41
hunyuan-mt-7b,99,43,1.0661,40.33
hunyuan-mt-7b,118,38,0.9141,41.57
hunyuan-mt-7b,145,55,1.3401,41.04
hunyuan-mt-7b,290,174,4.0618,42.84
hunyuan-mt-7b,130,48,1.1431,41.99
hunyuan-mt-7b,104,28,0.6731,41.6
hunyuan-mt-7b,153,60,1.4443,41.54
hunyuan-mt-7b,90,18,0.4359,41.29
hunyuan-mt-7b,144,54,1.278,42.26
hunyuan-mt-7b,145,52,1.2112,42.93
hunyuan-mt-7b,108,33,0.7884,41.86
hunyuan-mt-7b,114,35,0.8241,42.47
hunyuan-mt-7b,93,19,0.471,40.34
hunyuan-mt-7b,132,54,1.2598,42.86
hunyuan-mt-7b,153,71,1.6751,42.38
hunyuan-mt-7b,113,35,0.8356,41.89
hunyuan-mt-7b,140,55,1.3054,42.13
hunyuan-mt-7b,201,99,2.3696,41.78
hunyuan-mt-7b,169,73,1.7392,41.97
hunyuan-mt-7b,316,190,4.4066,43.12
hunyuan-mt-7b,127,42,1.0126,41.48
hunyuan-mt-7b,133,45,1.0649,42.26
hunyuan-mt-7b,107,34,0.831,40.91
hunyuan-mt-7b,251,96,2.2837,42.04
hunyuan-mt-7b,131,44,1.0477,42.0
hunyuan-mt-7b,153,68,1.6209,41.95
hunyuan-mt-7b,153,71,1.6855,42.12
hunyuan-mt-7b,126,45,1.0879,41.36
hunyuan-mt-7b,117,33,0.8138,40.55
hunyuan-mt-7b,113,32,0.7961,40.2
hunyuan-mt-7b,125,40,0.9759,40.99
hunyuan-mt-7b,255,136,3.2151,42.3
hunyuan-mt-7b,103,36,0.8808,40.87
hunyuan-mt-7b,137,52,1.2595,41.29
hunyuan-mt-7b,163,84,1.9862,42.29
hunyuan-mt-7b,147,53,1.2922,41.01
hunyuan-mt-7b,102,27,0.6696,40.32
hunyuan-mt-7b,103,26,0.6418,40.51
hunyuan-mt-7b,93,24,0.5942,40.39
hunyuan-mt-7b,80,12,0.3195,37.56
hunyuan-mt-7b,96,21,0.5289,39.7
hunyuan-mt-7b,122,43,1.0167,42.3
hunyuan-mt-7b,93,19,0.484,39.26
hunyuan-mt-7b,133,53,1.2692,41.76
hunyuan-mt-7b,170,67,1.5967,41.96
hunyuan-mt-7b,127,45,1.079,41.7
hunyuan-mt-7b,97,24,0.6222,38.57
hunyuan-mt-7b,89,18,0.477,37.74
hunyuan-mt-7b,220,95,2.2437,42.34
hunyuan-mt-7b,85,18,0.4778,37.68
hunyuan-mt-7b,257,159,3.7858,42.0
hunyuan-mt-7b,161,71,1.7041,41.66
hunyuan-mt-7b,125,47,1.169,40.2
hunyuan-mt-7b,282,164,3.8983,42.07
hunyuan-mt-7b,132,48,1.1895,40.35
hunyuan-mt-7b,152,63,1.5217,41.4
hunyuan-mt-7b,165,66,1.5753,41.9
hunyuan-mt-7b,388,254,5.8605,43.34
hunyuan-mt-7b,209,88,2.1229,41.45
hunyuan-mt-7b,95,23,0.6109,37.65
hunyuan-mt-7b,180,77,1.868,41.22
hunyuan-mt-7b,168,74,1.7848,41.46
hunyuan-mt-7b,118,40,1.0164,39.36
hunyuan-mt-7b,91,21,0.5589,37.57
hunyuan-mt-7b,84,12,0.3286,36.52
hunyuan-mt-7b,105,30,0.7816,38.38
hunyuan-mt-7b,121,37,0.9594,38.57
hunyuan-mt-7b,102,26,0.6904,37.66
hunyuan-mt-7b,124,40,1.0324,38.75
hunyuan-mt-7b,106,33,0.8423,39.18
hunyuan-mt-7b,123,45,1.1323,39.74
hunyuan-mt-7b,160,68,1.6616,40.93
hunyuan-mt-7b,88,18,0.4639,38.8
hunyuan-mt-7b,92,22,0.5707,38.55
hunyuan-mt-7b,147,64,1.5767,40.59
hunyuan-mt-7b,117,32,0.8062,39.69
hunyuan-mt-7b,165,65,1.5807,41.12
hunyuan-mt-7b,131,45,1.1035,40.78
hunyuan-mt-7b,275,150,3.5648,42.08
hunyuan-mt-7b,128,45,1.1179,40.26
hunyuan-mt-7b,152,56,1.4131,39.63
hunyuan-mt-7b,98,31,0.7814,39.67
hunyuan-mt-7b,91,23,0.5806,39.61
hunyuan-mt-7b,148,62,1.5344,40.41
hunyuan-mt-7b,116,43,1.0763,39.95
hunyuan-mt-7b,143,57,1.4209,40.11
hunyuan-mt-7b,109,29,0.7222,40.16
hunyuan-mt-7b,122,38,0.9554,39.77
hunyuan-mt-7b,106,31,0.8027,38.62
hunyuan-mt-7b,177,65,1.6521,39.34
hunyuan-mt-7b,125,42,1.092,38.46
hunyuan-mt-7b,156,69,1.7451,39.54
hunyuan-mt-7b,136,52,1.3269,39.19
hunyuan-mt-7b,112,43,1.0886,39.5
hunyuan-mt-7b,125,44,1.1206,39.27
hunyuan-mt-7b,110,32,0.8306,38.53
hunyuan-mt-7b,89,19,0.5361,35.44
hunyuan-mt-7b,106,31,0.8409,36.87
hunyuan-mt-7b,125,51,1.2908,39.51
hunyuan-mt-7b,102,31,0.8277,37.45
hunyuan-mt-7b,96,27,0.733,36.84
hunyuan-mt-7b,116,34,0.9085,37.43
hunyuan-mt-7b,103,26,0.711,36.57
hunyuan-mt-7b,172,74,1.8764,39.44
hunyuan-mt-7b,173,75,1.8819,39.85
hunyuan-mt-7b,97,24,0.6176,38.86
hunyuan-mt-7b,140,57,1.4156,40.26
hunyuan-mt-7b,102,30,0.7359,40.77
hunyuan-mt-7b,94,27,0.646,41.8
hunyuan-mt-7b,120,38,0.9178,41.4
hunyuan-mt-7b,105,39,0.9355,41.69
hunyuan-mt-7b,131,47,1.1909,39.47
hunyuan-mt-7b,125,43,1.0509,40.92
hunyuan-mt-7b,116,42,1.0328,40.67
hunyuan-mt-7b,179,68,1.6758,40.58
hunyuan-mt-7b,155,68,1.6757,40.58
hunyuan-mt-7b,111,42,1.0097,41.6
hunyuan-mt-7b,124,41,0.9925,41.31
hunyuan-mt-7b,130,49,1.1854,41.34
hunyuan-mt-7b,192,99,2.4189,40.93
hunyuan-mt-7b,88,17,0.465,36.56
hunyuan-mt-7b,139,67,1.6568,40.44
hunyuan-mt-7b,95,20,0.5514,36.27
hunyuan-mt-7b,138,56,1.3888,40.32
hunyuan-mt-7b,93,21,0.547,38.39
hunyuan-mt-7b,139,50,1.2191,41.01
hunyuan-mt-7b,184,77,1.9041,40.44
hunyuan-mt-7b,175,79,1.9538,40.43
hunyuan-mt-7b,197,91,2.247,40.5
hunyuan-mt-7b,170,66,1.5856,41.62
hunyuan-mt-7b,161,64,1.5096,42.39
hunyuan-mt-7b,181,93,2.2628,41.1
hunyuan-mt-7b,111,32,0.7981,40.09
hunyuan-mt-7b,98,15,0.3739,40.12
hunyuan-mt-7b,175,91,2.1638,42.06
hunyuan-mt-7b,211,108,2.5717,42.0
hunyuan-mt-7b,140,54,1.2733,42.41
hunyuan-mt-7b,124,38,0.8691,43.73
hunyuan-mt-7b,213,110,2.6231,41.93
hunyuan-mt-7b,130,45,1.0513,42.8
hunyuan-mt-7b,190,85,1.9952,42.6
hunyuan-mt-7b,235,118,2.804,42.08
hunyuan-mt-7b,151,66,1.5682,42.09
hunyuan-mt-7b,126,60,1.3845,43.34
hunyuan-mt-7b,114,51,1.1578,44.05
hunyuan-mt-7b,146,71,1.6615,42.73
hunyuan-mt-7b,123,44,1.0181,43.22
hunyuan-mt-7b,113,35,0.8221,42.57
hunyuan-mt-7b,164,71,1.6721,42.46
hunyuan-mt-7b,147,62,1.4341,43.23
hunyuan-mt-7b,151,62,1.4367,43.15
hunyuan-mt-7b,94,21,0.5357,39.2
hunyuan-mt-7b,223,110,2.5678,42.84
hunyuan-mt-7b,129,45,1.0709,42.02
hunyuan-mt-7b,130,41,0.9788,41.89
hunyuan-mt-7b,178,86,1.9955,43.1
hunyuan-mt-7b,120,39,0.9449,41.28
hunyuan-mt-7b,128,52,1.2029,43.23
hunyuan-mt-7b,76,22,0.5546,39.67
hunyuan-mt-7b,208,92,2.1251,43.29
hunyuan-mt-7b,106,28,0.6852,40.86
hunyuan-mt-7b,131,52,1.2363,42.06
hunyuan-mt-7b,167,86,1.9603,43.87
hunyuan-mt-7b,82,13,0.3539,36.74
hunyuan-mt-7b,250,124,2.888,42.94
hunyuan-mt-7b,127,42,1.0072,41.7
hunyuan-mt-7b,99,24,0.5881,40.81
hunyuan-mt-7b,109,37,0.8547,43.29
hunyuan-mt-7b,157,70,1.6364,42.78
hunyuan-mt-7b,150,58,1.3512,42.93
hunyuan-mt-7b,256,143,3.3327,42.91
hunyuan-mt-7b,100,25,0.6171,40.51
hunyuan-mt-7b,238,124,2.881,43.04
hunyuan-mt-7b,137,48,1.1364,42.24
hunyuan-mt-7b,180,85,1.9888,42.74
hunyuan-mt-7b,125,59,1.3749,42.91
hunyuan-mt-7b,110,31,0.7533,41.15
hunyuan-mt-7b,161,65,1.5266,42.58
hunyuan-mt-7b,116,38,0.9205,41.28
hunyuan-mt-7b,158,67,1.5746,42.55
hunyuan-mt-7b,100,23,0.5773,39.84
hunyuan-mt-7b,145,65,1.5159,42.88
hunyuan-mt-7b,121,37,0.8958,41.31
hunyuan-mt-7b,101,28,0.6971,40.16
hunyuan-mt-7b,284,186,4.2975,43.28
hunyuan-mt-7b,185,89,2.0876,42.63
hunyuan-mt-7b,90,26,0.657,39.57
hunyuan-mt-7b,166,63,1.4892,42.31
hunyuan-mt-7b,177,90,2.1046,42.76
hunyuan-mt-7b,139,49,1.1693,41.9
hunyuan-mt-7b,152,74,1.7312,42.75
hunyuan-mt-7b,237,135,3.1282,43.16
hunyuan-mt-7b,85,18,0.4669,38.55
hunyuan-mt-7b,154,67,1.609,41.64
hunyuan-mt-7b,169,78,1.843,42.32
hunyuan-mt-7b,98,25,0.6433,38.86
hunyuan-mt-7b,85,14,0.3973,35.24
hunyuan-mt-7b,136,52,1.2722,40.87
hunyuan-mt-7b,132,45,1.0828,41.56
hunyuan-mt-7b,102,27,0.6851,39.41
hunyuan-mt-7b,188,103,2.4304,42.38
hunyuan-mt-7b,167,36,0.9084,39.63
hunyuan-mt-7b,111,32,0.8192,39.06
hunyuan-mt-7b,119,37,0.9245,40.02
hunyuan-mt-7b,110,34,0.8529,39.86
hunyuan-mt-7b,148,57,1.395,40.86
hunyuan-mt-7b,152,65,1.5977,40.68
hunyuan-mt-7b,114,35,0.8906,39.3
hunyuan-mt-7b,95,23,0.6049,38.02
hunyuan-mt-7b,78,9,0.2565,35.08
hunyuan-mt-7b,289,194,4.5433,42.7
hunyuan-mt-7b,81,12,0.3245,36.98
hunyuan-mt-7b,91,21,0.5565,37.74
hunyuan-mt-7b,89,18,0.4671,38.54
hunyuan-mt-7b,146,63,1.5582,40.43
hunyuan-mt-7b,141,89,2.1522,41.35
hunyuan-mt-7b,250,154,3.6323,42.4
hunyuan-mt-7b,108,68,1.6723,40.66
hunyuan-mt-7b,170,70,1.7223,40.64
hunyuan-mt-7b,97,25,0.6593,37.92
hunyuan-mt-7b,182,82,2.0004,40.99
hunyuan-mt-7b,98,24,0.6024,39.84
hunyuan-mt-7b,124,38,0.9577,39.68
hunyuan-mt-7b,128,47,1.1689,40.21
hunyuan-mt-7b,144,58,1.4494,40.02
hunyuan-mt-7b,114,38,0.9402,40.42
hunyuan-mt-7b,178,75,1.8135,41.36
hunyuan-mt-7b,95,19,0.4872,39.0
hunyuan-mt-7b,114,47,1.156,40.66
hunyuan-mt-7b,86,17,0.4378,38.83
hunyuan-mt-7b,82,13,0.3381,38.45
hunyuan-mt-7b,108,29,0.7484,38.75
hunyuan-mt-7b,192,92,2.2461,40.96
hunyuan-mt-7b,106,37,0.9295,39.81
hunyuan-mt-7b,116,35,0.8716,40.16
hunyuan-mt-7b,120,40,0.9931,40.28
hunyuan-mt-7b,145,70,1.7146,40.83
hunyuan-mt-7b,143,30,0.7397,40.56
hunyuan-mt-7b,152,66,1.6166,40.83
hunyuan-mt-7b,184,82,2.0111,40.77
hunyuan-mt-7b,425,261,6.1197,42.65
hunyuan-mt-7b,119,38,0.945,40.21
hunyuan-mt-7b,91,25,0.6366,39.27
hunyuan-mt-7b,98,22,0.5698,38.61
hunyuan-mt-7b,126,42,1.0395,40.4
hunyuan-mt-7b,82,27,0.6952,38.84
hunyuan-mt-7b,100,28,0.7401,37.83
hunyuan-mt-7b,91,21,0.5551,37.83
hunyuan-mt-7b,109,37,0.9372,39.48
hunyuan-mt-7b,130,57,1.4192,40.16
hunyuan-mt-7b,199,92,2.2722,40.49
hunyuan-mt-7b,112,31,0.8263,37.52
hunyuan-mt-7b,92,19,0.5309,35.79
hunyuan-mt-7b,4188,7903,170.8531,46.26
hunyuan-mt-7b,100,28,0.749,37.39
hunyuan-mt-7b,132,44,1.1297,38.95
hunyuan-mt-7b,85,23,0.6333,36.32
hunyuan-mt-7b,123,55,1.3708,40.12
hunyuan-mt-7b,166,93,2.3094,40.27
hunyuan-mt-7b,84,40,1.0316,38.78
hunyuan-mt-7b,91,18,0.5058,35.59
hunyuan-mt-7b,99,25,0.678,36.87
hunyuan-mt-7b,90,19,0.5259,36.13
hunyuan-mt-7b,90,19,0.4917,38.64
hunyuan-mt-7b,101,25,0.6472,38.63
hunyuan-mt-7b,110,34,0.8546,39.78
hunyuan-mt-7b,143,52,1.2898,40.32
hunyuan-mt-7b,107,31,0.7932,39.08
hunyuan-mt-7b,141,85,2.0693,41.08
hunyuan-mt-7b,111,32,0.8262,38.73
hunyuan-mt-7b,213,110,2.6552,41.43
hunyuan-mt-7b,105,34,0.8134,41.8
hunyuan-mt-7b,238,122,2.9382,41.52
hunyuan-mt-7b,90,17,0.4079,41.67
hunyuan-mt-7b,121,34,0.8248,41.22
hunyuan-mt-7b,79,10,0.2594,38.55
hunyuan-mt-7b,124,48,1.1673,41.12
hunyuan-mt-7b,85,13,0.3307,39.31
hunyuan-mt-7b,136,48,1.1759,40.82
hunyuan-mt-7b,110,45,1.127,39.93
hunyuan-mt-7b,98,21,0.5331,39.39
hunyuan-mt-7b,119,40,1.0006,39.98
hunyuan-mt-7b,105,30,0.7433,40.36
hunyuan-mt-7b,103,29,0.726,39.95
hunyuan-mt-7b,105,30,0.7512,39.94
hunyuan-mt-7b,94,21,0.5666,37.06
hunyuan-mt-7b,104,25,0.6536,38.25
hunyuan-mt-7b,234,120,2.9068,41.28
hunyuan-mt-7b,99,39,0.9723,40.11
hunyuan-mt-7b,130,52,1.292,40.25
hunyuan-mt-7b,87,14,0.3943,35.5
hunyuan-mt-7b,127,47,1.1295,41.61
hunyuan-mt-7b,140,54,1.3157,41.04
hunyuan-mt-7b,105,34,0.8608,39.5
hunyuan-mt-7b,85,14,0.3735,37.48
hunyuan-mt-7b,89,15,0.3982,37.67
hunyuan-mt-7b,89,22,0.5491,40.06
hunyuan-mt-7b,130,61,1.4613,41.74
hunyuan-mt-7b,115,38,0.9358,40.61
hunyuan-mt-7b,168,72,1.752,41.09
hunyuan-mt-7b,124,41,1.0078,40.68
hunyuan-mt-7b,103,34,0.8607,39.5
hunyuan-mt-7b,156,63,1.4993,42.02
hunyuan-mt-7b,95,23,0.5565,41.33
hunyuan-mt-7b,118,33,0.7373,44.76
hunyuan-mt-7b,134,50,1.1753,42.54
hunyuan-mt-7b,99,27,0.5986,45.1
hunyuan-mt-7b,136,55,1.2846,42.81
hunyuan-mt-7b,194,118,2.7845,42.38
hunyuan-mt-7b,139,54,1.2644,42.71
hunyuan-mt-7b,103,31,0.7032,44.08
hunyuan-mt-7b,99,25,0.5795,43.14
hunyuan-mt-7b,98,26,0.6081,42.76
hunyuan-mt-7b,109,32,0.7477,42.8
hunyuan-mt-7b,148,62,1.4167,43.76
hunyuan-mt-7b,126,41,0.92,44.56
hunyuan-mt-7b,182,95,2.1803,43.57
hunyuan-mt-7b,146,67,1.5707,42.66
hunyuan-mt-7b,108,33,0.7533,43.81
hunyuan-mt-7b,151,50,1.1399,43.87
hunyuan-mt-7b,116,59,1.3355,44.18
hunyuan-mt-7b,194,102,2.3432,43.53
hunyuan-mt-7b,124,48,1.0897,44.05
hunyuan-mt-7b,101,25,0.614,40.71
hunyuan-mt-7b,152,70,1.572,44.53
hunyuan-mt-7b,87,17,0.4184,40.63
hunyuan-mt-7b,82,29,0.6586,44.04
hunyuan-mt-7b,105,23,0.5389,42.68
hunyuan-mt-7b,146,57,1.2559,45.39
hunyuan-mt-7b,199,93,2.1166,43.94
hunyuan-mt-7b,183,80,1.78,44.94
hunyuan-mt-7b,101,25,0.5915,42.26
hunyuan-mt-7b,110,34,0.7739,43.93
hunyuan-mt-7b,82,19,0.4493,42.29
hunyuan-mt-7b,168,80,1.7673,45.27
hunyuan-mt-7b,131,57,1.2847,44.37
hunyuan-mt-7b,97,26,0.593,43.85
hunyuan-mt-7b,218,110,2.4755,44.43
hunyuan-mt-7b,137,43,0.9657,44.53
hunyuan-mt-7b,143,74,1.6084,46.01
hunyuan-mt-7b,158,62,1.4181,43.72
hunyuan-mt-7b,193,79,1.7616,44.85
hunyuan-mt-7b,91,19,0.451,42.13
hunyuan-mt-7b,156,64,1.4591,43.86
hunyuan-mt-7b,83,17,0.4663,36.46
hunyuan-mt-7b,98,25,0.6785,36.84
hunyuan-mt-7b,82,11,0.4461,24.66
hunyuan-mt-7b,116,36,0.9637,37.36
hunyuan-mt-7b,206,105,2.4544,42.78
hunyuan-mt-7b,102,26,0.798,32.58
hunyuan-mt-7b,122,41,1.1193,36.63
hunyuan-mt-7b,99,23,0.7877,29.2
hunyuan-mt-7b,256,133,3.1787,41.84
hunyuan-mt-7b,150,68,1.7427,39.02
hunyuan-mt-7b,140,47,1.3008,36.13
hunyuan-mt-7b,149,70,1.7793,39.34
hunyuan-mt-7b,113,33,0.9947,33.18
hunyuan-mt-7b,213,143,3.4484,41.47
hunyuan-mt-7b,121,32,1.0749,29.77
hunyuan-mt-7b,172,99,2.5302,39.13
hunyuan-mt-7b,81,11,0.3673,29.95
hunyuan-mt-7b,294,160,3.8986,41.04
hunyuan-mt-7b,234,108,2.7252,39.63
hunyuan-mt-7b,119,31,0.7679,40.37
hunyuan-mt-7b,171,80,2.0719,38.61
hunyuan-mt-7b,236,127,3.0655,41.43
hunyuan-mt-7b,236,128,3.1059,41.21
hunyuan-mt-7b,103,26,0.5664,45.9
hunyuan-mt-7b,121,35,0.7527,46.5
hunyuan-mt-7b,196,89,2.24,39.73
hunyuan-mt-7b,239,127,3.0541,41.58
hunyuan-mt-7b,128,44,0.9327,47.18
hunyuan-mt-7b,122,34,0.7475,45.49
hunyuan-mt-7b,99,29,0.6246,46.43
hunyuan-mt-7b,258,151,3.5387,42.67
hunyuan-mt-7b,230,141,3.3312,42.33
hunyuan-mt-7b,142,54,1.1421,47.28
hunyuan-mt-7b,136,53,1.1174,47.43
hunyuan-mt-7b,256,155,3.5949,43.12
hunyuan-mt-7b,95,21,0.4314,48.68
hunyuan-mt-7b,82,17,0.3542,48.0
hunyuan-mt-7b,135,46,0.9033,50.93
hunyuan-mt-7b,204,101,2.006,50.35
hunyuan-mt-7b,194,91,1.7987,50.59
hunyuan-mt-7b,84,13,0.2912,44.65
hunyuan-mt-7b,104,28,0.5822,48.09
hunyuan-mt-7b,285,168,3.378,49.73
hunyuan-mt-7b,254,115,2.297,50.07
hunyuan-mt-7b,348,200,4.2794,46.74
hunyuan-mt-7b,274,150,3.0512,49.16
hunyuan-mt-7b,222,110,2.2251,49.43
hunyuan-mt-7b,371,218,4.7776,45.63
hunyuan-mt-7b,297,164,3.3462,49.01
hunyuan-mt-7b,339,190,3.8859,48.89
hunyuan-mt-7b,279,148,3.0233,48.95
hunyuan-mt-7b,351,200,4.2257,47.33
hunyuan-mt-7b,95,17,0.4158,40.89
hunyuan-mt-7b,90,19,0.4733,40.14
hunyuan-mt-7b,172,63,1.3899,45.33
hunyuan-mt-7b,108,29,0.7006,41.39
hunyuan-mt-7b,287,137,2.8432,48.19
hunyuan-mt-7b,440,253,5.3713,47.1
hunyuan-mt-7b,467,265,5.7246,46.29
hunyuan-mt-7b,428,255,5.3503,47.66
hunyuan-mt-7b,534,268,5.6244,47.65
hunyuan-mt-7b,487,288,6.2383,46.17
hunyuan-mt-7b,194,91,2.0384,44.64
hunyuan-mt-7b,499,297,6.4798,45.83
hunyuan-mt-7b,352,198,4.1246,48.0
hunyuan-mt-7b,109,32,0.7288,43.91
hunyuan-mt-7b,201,98,2.1673,45.22
hunyuan-mt-7b,523,303,6.4889,46.7
hunyuan-mt-7b,519,314,6.8559,45.8
hunyuan-mt-7b,509,317,6.7711,46.82
hunyuan-mt-7b,280,157,3.3468,46.91
hunyuan-mt-7b,226,108,2.2785,47.4
hunyuan-mt-7b,122,53,1.1091,47.78
hunyuan-mt-7b,237,128,2.7004,47.4
hunyuan-mt-7b,294,152,3.2661,46.54
hunyuan-mt-7b,249,126,2.6294,47.92
hunyuan-mt-7b,419,252,5.2268,48.21
hunyuan-mt-7b,270,140,3.0009,46.65
hunyuan-mt-7b,571,366,7.959,45.99
hunyuan-mt-7b,81,12,0.3472,34.57
hunyuan-mt-7b,170,69,1.4718,46.88
hunyuan-mt-7b,171,74,1.5722,47.07
hunyuan-mt-7b,194,82,1.7544,46.74
hunyuan-mt-7b,145,55,1.1896,46.23
hunyuan-mt-7b,153,77,1.6497,46.68
hunyuan-mt-7b,264,140,2.9737,47.08
hunyuan-mt-7b,231,114,2.4565,46.41
hunyuan-mt-7b,82,12,0.2859,41.97
hunyuan-mt-7b,638,407,8.7996,46.25
hunyuan-mt-7b,203,106,2.2691,46.71
hunyuan-mt-7b,147,58,1.309,44.31
hunyuan-mt-7b,99,24,0.5495,43.68
hunyuan-mt-7b,642,396,8.3232,47.58
hunyuan-mt-7b,85,12,0.2863,41.91
hunyuan-mt-7b,355,210,4.4605,47.08
hunyuan-mt-7b,315,176,3.7388,47.07
hunyuan-mt-7b,666,418,8.7803,47.61
hunyuan-mt-7b,132,46,0.968,47.52
hunyuan-mt-7b,183,82,1.7392,47.15
hunyuan-mt-7b,455,251,5.3081,47.29
hunyuan-mt-7b,331,193,4.0585,47.55
hunyuan-mt-7b,185,86,1.8537,46.39
hunyuan-mt-7b,222,110,2.3841,46.14
hunyuan-mt-7b,314,180,3.8198,47.12
hunyuan-mt-7b,408,225,4.761,47.26
hunyuan-mt-7b,211,112,2.44,45.9
hunyuan-mt-7b,221,104,2.2241,46.76
hunyuan-mt-7b,381,226,4.7996,47.09
hunyuan-mt-7b,143,52,1.1562,44.98
hunyuan-mt-7b,254,130,2.8415,45.75
hunyuan-mt-7b,471,282,6.0407,46.68
hunyuan-mt-7b,229,111,2.3972,46.3
hunyuan-mt-7b,253,127,2.722,46.66
hunyuan-mt-7b,135,50,1.1163,44.79
hunyuan-mt-7b,361,205,4.3752,46.86
hunyuan-mt-7b,181,76,1.6745,45.39
hunyuan-mt-7b,154,64,1.418,45.13
hunyuan-mt-7b,787,493,10.4489,47.18
hunyuan-mt-7b,129,43,1.0196,42.17
hunyuan-mt-7b,79,10,0.2749,36.38
hunyuan-mt-7b,368,197,4.2054,46.84
hunyuan-mt-7b,95,23,0.5468,42.06
hunyuan-mt-7b,205,96,2.0871,46.0
hunyuan-mt-7b,142,49,1.1234,43.62
hunyuan-mt-7b,97,26,0.6249,41.61
hunyuan-mt-7b,104,30,0.7045,42.58
hunyuan-mt-7b,279,167,3.6351,45.94
hunyuan-mt-7b,167,62,1.4147,43.83
hunyuan-mt-7b,146,60,1.3574,44.2
hunyuan-mt-7b,180,74,1.7046,43.41
hunyuan-mt-7b,374,202,4.3735,46.19
hunyuan-mt-7b,112,36,0.8032,44.82
hunyuan-mt-7b,108,36,0.8029,44.84
hunyuan-mt-7b,273,147,3.1727,46.33
hunyuan-mt-7b,132,46,1.0468,43.95
hunyuan-mt-7b,305,194,4.1999,46.19
hunyuan-mt-7b,142,51,1.1455,44.52
hunyuan-mt-7b,281,161,3.4911,46.12
hunyuan-mt-7b,196,91,2.0171,45.12
hunyuan-mt-7b,207,100,2.2203,45.04
hunyuan-mt-7b,147,63,1.4006,44.98
hunyuan-mt-7b,156,67,1.4809,45.24
hunyuan-mt-7b,214,88,1.9381,45.41
hunyuan-mt-7b,297,138,3.0203,45.69
hunyuan-mt-7b,138,50,1.1181,44.72
hunyuan-mt-7b,79,10,0.2759,36.25
hunyuan-mt-7b,229,112,2.4989,44.82
hunyuan-mt-7b,169,73,1.6307,44.77
hunyuan-mt-7b,243,125,2.7858,44.87
hunyuan-mt-7b,81,11,0.3054,36.02
hunyuan-mt-7b,319,202,4.3821,46.1
hunyuan-mt-7b,115,34,0.8311,40.91
hunyuan-mt-7b,163,70,1.567,44.67
hunyuan-mt-7b,161,65,1.4489,44.86
hunyuan-mt-7b,178,83,1.8501,44.86
hunyuan-mt-7b,343,190,4.1454,45.83
hunyuan-mt-7b,95,20,0.4877,41.01
hunyuan-mt-7b,140,49,1.1165,43.89
hunyuan-mt-7b,100,25,0.6048,41.34
hunyuan-mt-7b,99,29,0.6951,41.72
hunyuan-mt-7b,107,30,0.7034,42.65
hunyuan-mt-7b,153,64,1.4678,43.6
hunyuan-mt-7b,139,55,1.2547,43.83
hunyuan-mt-7b,160,64,1.4718,43.48
hunyuan-mt-7b,276,153,3.4221,44.71
hunyuan-mt-7b,192,85,1.9012,44.71
hunyuan-mt-7b,187,95,2.1309,44.58
hunyuan-mt-7b,129,42,0.9981,42.08
hunyuan-mt-7b,183,67,1.5547,43.09
hunyuan-mt-7b,166,68,1.5749,43.18
hunyuan-mt-7b,184,79,1.8159,43.51
hunyuan-mt-7b,119,39,0.9196,42.41
hunyuan-mt-7b,246,123,2.7602,44.56
hunyuan-mt-7b,206,101,2.312,43.69
hunyuan-mt-7b,145,54,1.2409,43.52
hunyuan-mt-7b,178,82,1.8532,44.25
hunyuan-mt-7b,125,43,0.9842,43.69
hunyuan-mt-7b,162,65,1.4694,44.24
hunyuan-mt-7b,167,73,1.6448,44.38
hunyuan-mt-7b,322,185,4.0791,45.35
hunyuan-mt-7b,333,208,4.5649,45.57
hunyuan-mt-7b,160,63,1.3812,45.61
hunyuan-mt-7b,173,77,1.7043,45.18
hunyuan-mt-7b,209,103,2.2721,45.33
hunyuan-mt-7b,226,114,2.4781,46.0
hunyuan-mt-7b,213,105,2.3216,45.23
hunyuan-mt-7b,416,251,5.5173,45.49
hunyuan-mt-7b,136,50,1.0741,46.55
hunyuan-mt-7b,347,203,4.389,46.25
hunyuan-mt-7b,219,104,2.2137,46.98
hunyuan-mt-7b,231,112,2.3711,47.23
hunyuan-mt-7b,252,109,2.2946,47.5
hunyuan-mt-7b,163,69,1.4383,47.97
hunyuan-mt-7b,339,183,3.9652,46.15
hunyuan-mt-7b,160,65,1.3517,48.09
hunyuan-mt-7b,284,155,3.3798,45.86
hunyuan-mt-7b,222,104,2.2277,46.68
hunyuan-mt-7b,120,36,0.8089,44.5
hunyuan-mt-7b,208,111,2.372,46.8
hunyuan-mt-7b,140,51,1.1284,45.2
hunyuan-mt-7b,207,72,1.5642,46.03
hunyuan-mt-7b,342,184,4.0229,45.74
hunyuan-mt-7b,114,33,0.786,41.99
hunyuan-mt-7b,169,75,1.6489,45.49
hunyuan-mt-7b,164,71,1.5958,44.49
hunyuan-mt-7b,276,152,3.3368,45.55
hunyuan-mt-7b,213,104,2.3,45.22
hunyuan-mt-7b,176,62,1.4244,43.53
hunyuan-mt-7b,281,162,3.5893,45.13
hunyuan-mt-7b,328,175,3.8737,45.18
hunyuan-mt-7b,271,166,3.6828,45.07
hunyuan-mt-7b,175,79,1.7992,43.91
hunyuan-mt-7b,128,49,1.2331,39.74
hunyuan-mt-7b,287,148,3.2783,45.15
hunyuan-mt-7b,195,93,2.1563,43.13
hunyuan-mt-7b,128,45,1.1342,39.67
hunyuan-mt-7b,113,48,1.2044,39.85
hunyuan-mt-7b,154,58,1.4246,40.71
hunyuan-mt-7b,177,82,1.9609,41.82
hunyuan-mt-7b,97,24,0.6004,39.97
hunyuan-mt-7b,109,42,1.0286,40.83
hunyuan-mt-7b,177,79,1.8442,42.84
hunyuan-mt-7b,104,31,0.6893,44.97
hunyuan-mt-7b,114,39,0.856,45.56
hunyuan-mt-7b,196,92,2.1243,43.31
hunyuan-mt-7b,176,90,2.0774,43.32
hunyuan-mt-7b,374,218,4.7968,45.45
hunyuan-mt-7b,281,166,3.698,44.89
hunyuan-mt-7b,403,238,5.2185,45.61
hunyuan-mt-7b,273,138,3.1631,43.63
hunyuan-mt-7b,253,139,3.1829,43.67
hunyuan-mt-7b,411,224,4.9022,45.69
hunyuan-mt-7b,189,91,2.0585,44.21
hunyuan-mt-7b,514,309,6.8428,45.16
hunyuan-mt-7b,231,108,2.414,44.74
hunyuan-mt-7b,135,57,1.2357,46.13
hunyuan-mt-7b,413,247,5.3742,45.96
hunyuan-mt-7b,271,148,3.1591,46.85
hunyuan-mt-7b,308,173,3.5405,48.86
hunyuan-mt-7b,217,116,2.3343,49.69
hunyuan-mt-7b,113,39,0.7751,50.31
hunyuan-mt-7b,398,248,5.2887,46.89
hunyuan-mt-7b,382,232,4.9528,46.84
hunyuan-mt-7b,248,135,2.75,49.09
hunyuan-mt-7b,393,261,5.6284,46.37
hunyuan-mt-7b,231,134,2.7401,48.9
hunyuan-mt-7b,350,216,4.5327,47.65
hunyuan-mt-7b,352,205,4.2688,48.02
hunyuan-mt-7b,453,279,6.0323,46.25
hunyuan-mt-7b,361,221,4.6211,47.82
hunyuan-mt-7b,392,225,4.7107,47.76
hunyuan-mt-7b,275,168,3.4923,48.11
hunyuan-mt-7b,270,145,2.9847,48.58
hunyuan-mt-7b,404,257,5.4556,47.11
hunyuan-mt-7b,264,144,2.966,48.55
hunyuan-mt-7b,262,154,3.176,48.49
hunyuan-mt-7b,302,158,3.3223,47.56
hunyuan-mt-7b,112,48,1.1527,41.64
hunyuan-mt-7b,311,170,3.5726,47.58
hunyuan-mt-7b,463,278,5.9558,46.68
hunyuan-mt-7b,369,185,3.8743,47.75
hunyuan-mt-7b,380,230,4.822,47.7
hunyuan-mt-7b,294,161,3.3832,47.59
hunyuan-mt-7b,395,261,5.4657,47.75
hunyuan-mt-7b,266,158,3.3621,46.99
hunyuan-mt-7b,124,43,0.9818,43.8
hunyuan-mt-7b,388,310,6.6246,46.8
hunyuan-mt-7b,447,288,6.0575,47.54
hunyuan-mt-7b,223,106,2.3469,45.17
hunyuan-mt-7b,102,49,0.9859,49.7
hunyuan-mt-7b,230,128,2.7277,46.93
hunyuan-mt-7b,197,97,2.0,48.5
hunyuan-mt-7b,243,126,2.6822,46.98
hunyuan-mt-7b,198,95,1.9716,48.18
hunyuan-mt-7b,131,45,0.9478,47.48
hunyuan-mt-7b,133,47,1.0134,46.38
hunyuan-mt-7b,245,138,2.9671,46.51
hunyuan-mt-7b,297,159,3.458,45.98
hunyuan-mt-7b,232,127,2.6887,47.23
hunyuan-mt-7b,636,408,8.7137,46.82
hunyuan-mt-7b,206,98,2.0963,46.75
hunyuan-mt-7b,562,341,7.1883,47.44
hunyuan-mt-7b,344,186,3.991,46.6
hunyuan-mt-7b,129,46,0.9773,47.07
hunyuan-mt-7b,317,173,3.6723,47.11
hunyuan-mt-7b,283,174,3.691,47.14
hunyuan-mt-7b,315,186,3.9393,47.22
hunyuan-mt-7b,145,60,1.2851,46.69
hunyuan-mt-7b,274,165,3.4588,47.7
hunyuan-mt-7b,270,147,3.1244,47.05
hunyuan-mt-7b,369,251,5.3992,46.49
hunyuan-mt-7b,351,206,4.4168,46.64
hunyuan-mt-7b,245,147,3.1177,47.15
hunyuan-mt-7b,354,211,4.5244,46.64
hunyuan-mt-7b,605,392,8.2339,47.61
hunyuan-mt-7b,384,212,4.5099,47.01
hunyuan-mt-7b,230,118,2.6029,45.33
hunyuan-mt-7b,218,105,2.3116,45.42
hunyuan-mt-7b,133,49,1.131,43.32
hunyuan-mt-7b,135,53,1.2244,43.29
hunyuan-mt-7b,110,33,0.7626,43.27
hunyuan-mt-7b,379,268,5.8056,46.16
hunyuan-mt-7b,265,130,2.8779,45.17
hunyuan-mt-7b,383,222,4.7472,46.76
hunyuan-mt-7b,171,77,1.7389,44.28
hunyuan-mt-7b,480,316,6.842,46.19
hunyuan-mt-7b,394,238,5.0838,46.82
hunyuan-mt-7b,197,92,2.0367,45.17
hunyuan-mt-7b,137,54,1.1758,45.93
hunyuan-mt-7b,162,72,1.5759,45.69
hunyuan-mt-7b,339,188,4.096,45.9
hunyuan-mt-7b,250,126,2.7645,45.58
hunyuan-mt-7b,397,245,5.2439,46.72
hunyuan-mt-7b,158,68,1.4891,45.66
hunyuan-mt-7b,376,209,4.5877,45.56
hunyuan-mt-7b,284,152,3.343,45.47
hunyuan-mt-7b,323,182,3.9541,46.03
hunyuan-mt-7b,314,175,3.8227,45.78
hunyuan-mt-7b,229,122,2.7163,44.91
hunyuan-mt-7b,350,196,4.2632,45.97
hunyuan-mt-7b,275,143,3.1481,45.42
hunyuan-mt-7b,681,398,8.6038,46.26
hunyuan-mt-7b,133,49,1.1496,42.62
hunyuan-mt-7b,210,102,2.2581,45.17
hunyuan-mt-7b,331,212,4.6554,45.54
hunyuan-mt-7b,153,76,1.6993,44.73
hunyuan-mt-7b,125,54,1.1603,46.54
hunyuan-mt-7b,401,268,5.7879,46.3
hunyuan-mt-7b,359,208,4.5533,45.68
hunyuan-mt-7b,321,182,3.9755,45.78
hunyuan-mt-7b,226,114,2.495,45.69
hunyuan-mt-7b,387,226,4.9095,46.03
hunyuan-mt-7b,372,211,4.502,46.87
hunyuan-mt-7b,510,327,6.9979,46.73
hunyuan-mt-7b,250,128,2.6853,47.67
hunyuan-mt-7b,109,43,0.9141,47.04
hunyuan-mt-7b,430,257,5.5163,46.59
hunyuan-mt-7b,337,194,4.1532,46.71
hunyuan-mt-7b,382,228,4.8825,46.7
hunyuan-mt-7b,228,112,2.3626,47.41
hunyuan-mt-7b,371,199,4.251,46.81
hunyuan-mt-7b,152,78,1.6605,46.97
hunyuan-mt-7b,151,83,1.7625,47.09
hunyuan-mt-7b,273,160,3.358,47.65
hunyuan-mt-7b,325,192,4.0828,47.03
hunyuan-mt-7b,294,160,3.3897,47.2
hunyuan-mt-7b,339,206,4.4109,46.7
hunyuan-mt-7b,295,187,3.9792,46.99
hunyuan-mt-7b,531,290,6.2335,46.52
hunyuan-mt-7b,420,254,5.4668,46.46
hunyuan-mt-7b,331,194,4.1551,46.69
hunyuan-mt-7b,122,50,1.1447,43.68
hunyuan-mt-7b,268,151,3.2282,46.77
hunyuan-mt-7b,435,244,5.2634,46.36
hunyuan-mt-7b,330,185,3.9406,46.95
hunyuan-mt-7b,370,197,4.2188,46.7
hunyuan-mt-7b,634,319,6.8087,46.85
hunyuan-mt-7b,295,171,3.6325,47.08
hunyuan-mt-7b,299,171,3.6266,47.15
hunyuan-mt-7b,425,258,5.4676,47.19
hunyuan-mt-7b,354,216,4.5127,47.87
hunyuan-mt-7b,137,46,0.9666,47.59
hunyuan-mt-7b,246,116,2.463,47.1
hunyuan-mt-7b,126,54,1.1299,47.79
hunyuan-mt-7b,97,33,0.7034,46.92
hunyuan-mt-7b,82,17,0.3943,43.12
hunyuan-mt-7b,188,89,1.8833,47.26
hunyuan-mt-7b,262,146,3.1287,46.66
hunyuan-mt-7b,96,30,0.6559,45.74
hunyuan-mt-7b,268,141,2.9954,47.07
hunyuan-mt-7b,92,21,0.4743,44.28
hunyuan-mt-7b,89,17,0.4165,40.81
hunyuan-mt-7b,151,64,1.3589,47.1
hunyuan-mt-7b,505,315,6.7397,46.74
hunyuan-mt-7b,419,255,5.3949,47.27
hunyuan-mt-7b,334,180,3.9004,46.15
hunyuan-mt-7b,143,60,1.3185,45.51
hunyuan-mt-7b,361,202,4.3195,46.77
hunyuan-mt-7b,103,24,0.6104,39.32
hunyuan-mt-7b,97,29,0.7138,40.63
hunyuan-mt-7b,127,47,1.0725,43.82
hunyuan-mt-7b,311,178,3.8097,46.72
hunyuan-mt-7b,112,33,0.7548,43.72
hunyuan-mt-7b,114,27,0.6137,43.99
hunyuan-mt-7b,112,51,1.1921,42.78
hunyuan-mt-7b,259,137,2.9995,45.67
hunyuan-mt-7b,297,201,4.3972,45.71
hunyuan-mt-7b,124,42,1.0049,41.79
hunyuan-mt-7b,299,169,3.7027,45.64
hunyuan-mt-7b,272,150,3.2793,45.74
hunyuan-mt-7b,144,56,1.3321,42.04
hunyuan-mt-7b,94,22,0.5817,37.82
hunyuan-mt-7b,86,13,0.3358,38.71
hunyuan-mt-7b,251,158,3.3835,46.7
hunyuan-mt-7b,198,71,1.5832,44.85
hunyuan-mt-7b,137,66,1.4808,44.57
hunyuan-mt-7b,118,37,0.8156,45.37
hunyuan-mt-7b,184,86,1.9409,44.31
hunyuan-mt-7b,149,86,1.9536,44.02
hunyuan-mt-7b,251,183,3.9843,45.93
hunyuan-mt-7b,196,96,2.1407,44.84
hunyuan-mt-7b,328,189,4.0508,46.66
hunyuan-mt-7b,191,88,1.9415,45.33
hunyuan-mt-7b,119,49,1.0423,47.01
hunyuan-mt-7b,144,57,1.2191,46.76
hunyuan-mt-7b,77,150,3.264,45.96
hunyuan-mt-7b,163,69,1.4666,47.05
hunyuan-mt-7b,514,277,5.9731,46.37
hunyuan-mt-7b,395,253,5.4279,46.61
hunyuan-mt-7b,142,70,1.4864,47.09
hunyuan-mt-7b,155,70,1.4931,46.88
hunyuan-mt-7b,136,52,1.1301,46.01
hunyuan-mt-7b,145,50,1.0944,45.69
hunyuan-mt-7b,164,76,1.6195,46.93
hunyuan-mt-7b,206,114,2.4801,45.97
hunyuan-mt-7b,113,40,0.8917,44.86
hunyuan-mt-7b,474,294,6.3275,46.46
hunyuan-mt-7b,242,143,3.1423,45.51
hunyuan-mt-7b,87,16,0.3827,41.81
hunyuan-mt-7b,108,31,0.7041,44.03
hunyuan-mt-7b,380,242,5.1785,46.73
hunyuan-mt-7b,156,68,1.477,46.04
hunyuan-mt-7b,125,41,0.9134,44.89
hunyuan-mt-7b,147,68,1.4664,46.37
hunyuan-mt-7b,92,20,0.4755,42.06
hunyuan-mt-7b,177,77,1.6924,45.5
hunyuan-mt-7b,100,26,0.6183,42.05
hunyuan-mt-7b,152,63,1.3953,45.15
hunyuan-mt-7b,485,271,5.8503,46.32
hunyuan-mt-7b,103,26,0.6045,43.01
hunyuan-mt-7b,162,79,1.7059,46.31
hunyuan-mt-7b,120,40,0.9203,43.46
hunyuan-mt-7b,111,32,0.7362,43.46
hunyuan-mt-7b,85,14,0.3311,42.29
hunyuan-mt-7b,113,40,0.912,43.86
hunyuan-mt-7b,104,29,0.704,41.19
hunyuan-mt-7b,516,295,6.3952,46.13
hunyuan-mt-7b,165,81,1.7963,45.09
hunyuan-mt-7b,97,26,0.6318,41.15
hunyuan-mt-7b,157,71,1.6055,44.22
hunyuan-mt-7b,106,32,0.7809,40.98
hunyuan-mt-7b,81,16,0.4381,36.52
hunyuan-mt-7b,146,71,1.6298,43.56
hunyuan-mt-7b,120,41,1.0062,40.75
hunyuan-mt-7b,88,17,0.4705,36.13
hunyuan-mt-7b,154,67,1.6056,41.73
hunyuan-mt-7b,110,35,0.8996,38.91
hunyuan-mt-7b,228,118,2.6661,44.26
hunyuan-mt-7b,95,27,0.7316,36.91
hunyuan-mt-7b,139,46,1.1467,40.11
hunyuan-mt-7b,133,48,1.1849,40.51
hunyuan-mt-7b,392,275,6.0089,45.77
hunyuan-mt-7b,102,34,0.8781,38.72
hunyuan-mt-7b,83,12,0.2801,42.85
hunyuan-mt-7b,155,64,1.5126,42.31
hunyuan-mt-7b,201,101,2.2955,44.0
hunyuan-mt-7b,284,210,4.5977,45.67
hunyuan-mt-7b,113,30,0.6351,47.24
hunyuan-mt-7b,132,52,1.1873,43.8
hunyuan-mt-7b,129,52,1.1867,43.82
hunyuan-mt-7b,126,41,0.8718,47.03
hunyuan-mt-7b,192,78,1.7638,44.22
hunyuan-mt-7b,366,208,4.5591,45.62
hunyuan-mt-7b,99,19,0.434,43.78
hunyuan-mt-7b,150,59,1.2418,47.51
hunyuan-mt-7b,138,52,1.0967,47.42
hunyuan-mt-7b,126,42,0.9109,46.11
hunyuan-mt-7b,175,71,1.5006,47.31
hunyuan-mt-7b,109,35,0.7852,44.57
hunyuan-mt-7b,410,229,5.012,45.69
hunyuan-mt-7b,187,91,2.0111,45.25
hunyuan-mt-7b,195,95,2.1224,44.76
hunyuan-mt-7b,101,37,0.8348,44.32
hunyuan-mt-7b,407,237,5.2066,45.52
hunyuan-mt-7b,138,52,1.1229,46.31
hunyuan-mt-7b,176,91,1.9914,45.7
hunyuan-mt-7b,203,94,2.0602,45.63
hunyuan-mt-7b,100,23,0.562,40.93
hunyuan-mt-7b,186,97,2.1522,45.07
hunyuan-mt-7b,254,153,3.4087,44.89
hunyuan-mt-7b,105,28,0.681,41.11
hunyuan-mt-7b,195,109,2.4546,44.41
hunyuan-mt-7b,201,109,2.4508,44.47
hunyuan-mt-7b,170,80,1.7371,46.05
hunyuan-mt-7b,139,52,1.1933,43.58
hunyuan-mt-7b,212,112,2.5079,44.66
hunyuan-mt-7b,99,26,0.6331,41.07
hunyuan-mt-7b,173,97,2.1107,45.96
hunyuan-mt-7b,101,24,0.6027,39.82
hunyuan-mt-7b,220,114,2.5232,45.18
hunyuan-mt-7b,86,15,0.3755,39.95
hunyuan-mt-7b,94,19,0.4759,39.93
hunyuan-mt-7b,102,26,0.6375,40.79
hunyuan-mt-7b,108,28,0.6858,40.83
hunyuan-mt-7b,107,39,0.9151,42.62
hunyuan-mt-7b,84,30,0.7458,40.22
hunyuan-mt-7b,104,24,0.603,39.8
hunyuan-mt-7b,135,70,1.5981,43.8
hunyuan-mt-7b,147,71,1.6168,43.91
hunyuan-mt-7b,152,64,1.4669,43.63
hunyuan-mt-7b,103,28,0.6785,41.27
hunyuan-mt-7b,87,15,0.386,38.86
hunyuan-mt-7b,92,19,0.4811,39.49
hunyuan-mt-7b,103,29,0.6883,42.13
hunyuan-mt-7b,435,288,6.3203,45.57
hunyuan-mt-7b,95,31,0.7251,42.75
hunyuan-mt-7b,104,28,0.6348,44.11
hunyuan-mt-7b,142,56,1.2785,43.8
hunyuan-mt-7b,140,56,1.2853,43.57
hunyuan-mt-7b,101,29,0.6646,43.63
hunyuan-mt-7b,118,38,0.8703,43.66
hunyuan-mt-7b,102,23,0.5393,42.65
hunyuan-mt-7b,138,49,1.1388,43.03
hunyuan-mt-7b,84,22,0.5205,42.26
hunyuan-mt-7b,193,99,2.2432,44.13
hunyuan-mt-7b,139,61,1.4055,43.4
hunyuan-mt-7b,276,174,3.9155,44.44
hunyuan-mt-7b,114,51,1.1932,42.74
hunyuan-mt-7b,142,52,1.2121,42.9
hunyuan-mt-7b,98,24,0.5971,40.19
hunyuan-mt-7b,159,76,1.7357,43.79
hunyuan-mt-7b,117,39,0.8962,43.52
hunyuan-mt-7b,165,72,1.6375,43.97
hunyuan-mt-7b,280,182,4.0618,44.81
hunyuan-mt-7b,146,59,1.3499,43.71
hunyuan-mt-7b,128,64,1.4753,43.38
hunyuan-mt-7b,197,96,2.2212,43.22
hunyuan-mt-7b,147,62,1.4259,43.48
hunyuan-mt-7b,124,40,0.9506,42.08
hunyuan-mt-7b,202,96,2.198,43.68
hunyuan-mt-7b,135,47,1.0928,43.01
hunyuan-mt-7b,115,41,0.9774,41.95
hunyuan-mt-7b,244,125,2.8413,43.99
hunyuan-mt-7b,108,32,0.7443,42.99
hunyuan-mt-7b,139,47,1.1043,42.56
hunyuan-mt-7b,154,86,1.9573,43.94
hunyuan-mt-7b,121,37,0.8533,43.36
hunyuan-mt-7b,140,53,1.2314,43.04
hunyuan-mt-7b,241,126,2.8663,43.96
hunyuan-mt-7b,359,207,4.5972,45.03
hunyuan-mt-7b,128,44,1.0428,42.19
hunyuan-mt-7b,139,54,1.2624,42.78
hunyuan-mt-7b,103,35,0.8287,42.23
hunyuan-mt-7b,120,60,1.3972,42.94
hunyuan-mt-7b,105,30,0.708,42.37
hunyuan-mt-7b,95,22,0.5501,39.99
hunyuan-mt-7b,108,30,0.7115,42.16
hunyuan-mt-7b,80,12,0.3305,36.3
hunyuan-mt-7b,95,20,0.4926,40.6
hunyuan-mt-7b,129,48,1.1206,42.83
hunyuan-mt-7b,121,39,0.9501,41.05
hunyuan-mt-7b,92,19,0.5018,37.87
hunyuan-mt-7b,87,18,0.4754,37.87
hunyuan-mt-7b,152,61,1.4302,42.65
hunyuan-mt-7b,124,42,1.0035,41.85
hunyuan-mt-7b,166,65,1.5226,42.69
hunyuan-mt-7b,86,15,0.4001,37.49
hunyuan-mt-7b,97,24,0.6255,38.37
hunyuan-mt-7b,132,45,1.0894,41.31
hunyuan-mt-7b,118,43,1.0358,41.52
hunyuan-mt-7b,146,55,1.2975,42.39
hunyuan-mt-7b,158,60,1.4131,42.46
hunyuan-mt-7b,272,152,3.4815,43.66
hunyuan-mt-7b,85,15,0.3918,38.28
hunyuan-mt-7b,96,22,0.5602,39.27
hunyuan-mt-7b,119,37,0.9075,40.77
hunyuan-mt-7b,104,29,0.7343,39.49
hunyuan-mt-7b,86,14,0.3436,40.75
hunyuan-mt-7b,114,36,0.8891,40.49
hunyuan-mt-7b,229,116,2.6742,43.38
hunyuan-mt-7b,165,71,1.6871,42.08
hunyuan-mt-7b,100,24,0.5952,40.32
hunyuan-mt-7b,193,89,2.0742,42.91
hunyuan-mt-7b,180,77,1.8199,42.31
hunyuan-mt-7b,122,40,0.9903,40.39
hunyuan-mt-7b,144,50,1.2206,40.96
hunyuan-mt-7b,148,56,1.349,41.51
hunyuan-mt-7b,262,137,3.1474,43.53
hunyuan-mt-7b,113,34,0.828,41.06
hunyuan-mt-7b,121,46,1.1189,41.11
hunyuan-mt-7b,92,22,0.5449,40.38
hunyuan-mt-7b,85,18,0.4557,39.5
hunyuan-mt-7b,124,39,0.9348,41.72
hunyuan-mt-7b,135,47,1.1115,42.29
hunyuan-mt-7b,119,34,0.8136,41.79
hunyuan-mt-7b,119,35,0.8422,41.56
hunyuan-mt-7b,89,20,0.4813,41.56
hunyuan-mt-7b,160,67,1.5817,42.36
hunyuan-mt-7b,139,60,1.4178,42.32
hunyuan-mt-7b,100,32,0.7794,41.06
hunyuan-mt-7b,116,43,1.0375,41.45
hunyuan-mt-7b,110,30,0.7363,40.74
hunyuan-mt-7b,122,39,0.9453,41.26
hunyuan-mt-7b,161,64,1.5344,41.71
hunyuan-mt-7b,153,63,1.5081,41.77
hunyuan-mt-7b,132,57,1.3635,41.81
hunyuan-mt-7b,99,26,0.6637,39.18
hunyuan-mt-7b,117,38,0.926,41.04
hunyuan-mt-7b,100,23,0.5919,38.86
hunyuan-mt-7b,114,29,0.7168,40.46
hunyuan-mt-7b,122,39,0.9473,41.17
hunyuan-mt-7b,107,38,0.9399,40.43
hunyuan-mt-7b,90,20,0.5403,37.01
hunyuan-mt-7b,111,37,0.9143,40.47
hunyuan-mt-7b,145,57,1.3916,40.96
hunyuan-mt-7b,166,70,1.6736,41.83
hunyuan-mt-7b,105,41,1.003,40.88
hunyuan-mt-7b,100,24,0.6297,38.11
hunyuan-mt-7b,170,73,1.7473,41.78
hunyuan-mt-7b,188,84,2.0216,41.55
hunyuan-mt-7b,126,52,1.2671,41.04
hunyuan-mt-7b,161,62,1.532,40.47
hunyuan-mt-7b,93,21,0.5736,36.61
hunyuan-mt-7b,140,52,1.3046,39.86
hunyuan-mt-7b,90,16,0.4421,36.19
hunyuan-mt-7b,102,24,0.6443,37.25
hunyuan-mt-7b,106,30,0.7894,38.01
hunyuan-mt-7b,119,38,0.9387,40.48
hunyuan-mt-7b,145,58,1.4048,41.29
hunyuan-mt-7b,121,37,0.8911,41.52
hunyuan-mt-7b,94,19,0.4256,44.64
hunyuan-mt-7b,122,41,0.9863,41.57
hunyuan-mt-7b,147,57,1.3863,41.12
hunyuan-mt-7b,112,49,1.191,41.14
hunyuan-mt-7b,87,16,0.3707,43.16
hunyuan-mt-7b,167,74,1.7661,41.9
hunyuan-mt-7b,101,46,1.1118,41.38
hunyuan-mt-7b,128,41,0.9813,41.78
hunyuan-mt-7b,95,23,0.529,43.48
hunyuan-mt-7b,115,49,1.1665,42.01
hunyuan-mt-7b,162,66,1.601,41.23
hunyuan-mt-7b,127,57,1.354,42.1
hunyuan-mt-7b,145,56,1.2958,43.22
hunyuan-mt-7b,106,29,0.6459,44.9
hunyuan-mt-7b,110,24,0.5219,45.99
hunyuan-mt-7b,153,64,1.4185,45.12
hunyuan-mt-7b,191,88,2.0118,43.74
hunyuan-mt-7b,193,107,2.4576,43.54
hunyuan-mt-7b,168,81,1.8466,43.86
hunyuan-mt-7b,170,98,2.2486,43.58
hunyuan-mt-7b,141,55,1.2065,45.59
hunyuan-mt-7b,129,38,0.8207,46.3
hunyuan-mt-7b,192,102,2.3049,44.25
hunyuan-mt-7b,177,81,1.7888,45.28
hunyuan-mt-7b,171,88,1.9526,45.07
hunyuan-mt-7b,144,58,1.2719,45.6
hunyuan-mt-7b,96,21,0.4971,42.24
hunyuan-mt-7b,136,52,1.1417,45.54
hunyuan-mt-7b,122,46,1.0107,45.51
hunyuan-mt-7b,130,45,1.0189,44.16
hunyuan-mt-7b,157,63,1.4341,43.93
hunyuan-mt-7b,237,113,2.5852,43.71
hunyuan-mt-7b,229,119,2.7367,43.48
hunyuan-mt-7b,118,39,0.9207,42.36
hunyuan-mt-7b,147,80,1.793,44.62
hunyuan-mt-7b,122,38,0.8966,42.38
hunyuan-mt-7b,80,12,0.2936,40.87
hunyuan-mt-7b,115,37,0.8542,43.32
hunyuan-mt-7b,121,54,1.2116,44.57
hunyuan-mt-7b,221,112,2.5063,44.69
hunyuan-mt-7b,97,37,0.8677,42.64
hunyuan-mt-7b,124,43,0.9853,43.64
hunyuan-mt-7b,129,46,1.0391,44.27
hunyuan-mt-7b,102,39,0.8416,46.34
hunyuan-mt-7b,173,84,1.8389,45.68
hunyuan-mt-7b,168,95,2.0742,45.8
hunyuan-mt-7b,217,103,2.2625,45.53
hunyuan-mt-7b,142,55,1.2463,44.13
hunyuan-mt-7b,119,65,1.4678,44.28
hunyuan-mt-7b,131,46,1.025,44.88
hunyuan-mt-7b,108,30,0.6954,43.14
hunyuan-mt-7b,141,65,1.4676,44.29
hunyuan-mt-7b,97,22,0.5354,41.09
hunyuan-mt-7b,83,21,0.5191,40.46
hunyuan-mt-7b,205,115,2.512,45.78
hunyuan-mt-7b,150,70,1.5848,44.17
hunyuan-mt-7b,242,151,3.316,45.54
hunyuan-mt-7b,158,71,1.5933,44.56
hunyuan-mt-7b,102,25,0.5955,41.98
hunyuan-mt-7b,267,162,3.5984,45.02
hunyuan-mt-7b,147,49,1.103,44.42
hunyuan-mt-7b,266,154,3.3859,45.48
hunyuan-mt-7b,176,80,1.8239,43.86
hunyuan-mt-7b,135,57,1.2996,43.86
hunyuan-mt-7b,99,25,0.604,41.39
hunyuan-mt-7b,105,33,0.79,41.77
hunyuan-mt-7b,192,84,1.9057,44.08
hunyuan-mt-7b,126,64,1.4564,43.94
hunyuan-mt-7b,117,39,0.9268,42.08
hunyuan-mt-7b,169,79,1.7696,44.64
hunyuan-mt-7b,123,39,0.9153,42.61
hunyuan-mt-7b,162,70,1.5959,43.86
hunyuan-mt-7b,223,112,2.5388,44.11
hunyuan-mt-7b,103,26,0.6431,40.43
hunyuan-mt-7b,90,23,0.5819,39.52
hunyuan-mt-7b,137,50,1.1547,43.3
hunyuan-mt-7b,85,13,0.3199,40.64
hunyuan-mt-7b,192,88,1.9722,44.62
hunyuan-mt-7b,85,13,0.3081,42.2
hunyuan-mt-7b,153,59,1.3595,43.4
hunyuan-mt-7b,163,66,1.5342,43.02
hunyuan-mt-7b,98,25,0.6123,40.83
hunyuan-mt-7b,153,83,1.885,44.03
hunyuan-mt-7b,99,24,0.5898,40.69
hunyuan-mt-7b,127,40,0.9563,41.83
hunyuan-mt-7b,114,32,0.7893,40.54
hunyuan-mt-7b,285,171,3.8114,44.87
hunyuan-mt-7b,109,30,0.7292,41.14
hunyuan-mt-7b,121,50,1.2024,41.58
hunyuan-mt-7b,110,29,0.7037,41.21
hunyuan-mt-7b,143,63,1.4664,42.96
hunyuan-mt-7b,111,34,0.8136,41.79
hunyuan-mt-7b,145,54,1.2762,42.31
hunyuan-mt-7b,122,44,1.0452,42.1
hunyuan-mt-7b,136,72,1.6886,42.64
hunyuan-mt-7b,83,12,0.3383,35.47
hunyuan-mt-7b,116,55,1.3251,41.51
hunyuan-mt-7b,249,133,3.0466,43.66
hunyuan-mt-7b,176,88,2.0593,42.73
hunyuan-mt-7b,92,26,0.6873,37.83
hunyuan-mt-7b,78,9,0.2759,32.62
hunyuan-mt-7b,88,17,0.4406,38.58
hunyuan-mt-7b,81,14,0.3854,36.33
hunyuan-mt-7b,113,34,0.8357,40.68
hunyuan-mt-7b,174,74,1.7401,42.53
hunyuan-mt-7b,99,25,0.603,41.46
hunyuan-mt-7b,97,23,0.5657,40.66
hunyuan-mt-7b,120,39,0.9375,41.6
hunyuan-mt-7b,113,32,0.7578,42.23
hunyuan-mt-7b,117,19,0.4696,40.46
hunyuan-mt-7b,132,77,1.803,42.71
hunyuan-mt-7b,125,39,0.9272,42.06
hunyuan-mt-7b,84,21,0.5155,40.73
hunyuan-mt-7b,157,64,1.5023,42.6
hunyuan-mt-7b,131,45,1.0798,41.67
hunyuan-mt-7b,106,29,0.6943,41.77
hunyuan-mt-7b,111,32,0.757,42.27
hunyuan-mt-7b,103,25,0.5846,42.76
hunyuan-mt-7b,82,13,0.3664,35.48
hunyuan-mt-7b,199,87,2.0377,42.7
hunyuan-mt-7b,190,94,2.2134,42.47
hunyuan-mt-7b,185,82,1.9283,42.52
hunyuan-mt-7b,114,34,0.8156,41.69
hunyuan-mt-7b,146,59,1.4285,41.3
hunyuan-mt-7b,90,19,0.4953,38.36
hunyuan-mt-7b,131,44,1.0544,41.73
hunyuan-mt-7b,91,19,0.4867,39.04
hunyuan-mt-7b,133,26,0.6507,39.95
hunyuan-mt-7b,167,72,1.7226,41.8
hunyuan-mt-7b,90,17,0.4222,40.26
hunyuan-mt-7b,88,21,0.5329,39.41
hunyuan-mt-7b,197,90,2.099,42.88
hunyuan-mt-7b,82,32,0.7804,41.0
hunyuan-mt-7b,129,50,1.1624,43.01
hunyuan-mt-7b,101,25,0.6119,40.86
hunyuan-mt-7b,103,37,0.9063,40.83
hunyuan-mt-7b,146,62,1.4749,42.04
hunyuan-mt-7b,85,24,0.5961,40.26
hunyuan-mt-7b,84,32,0.7982,40.09
hunyuan-mt-7b,100,26,0.6383,40.74
hunyuan-mt-7b,92,18,0.4526,39.77
hunyuan-mt-7b,116,38,0.9225,41.19
hunyuan-mt-7b,186,93,2.2143,42.0
hunyuan-mt-7b,119,54,1.2968,41.64
hunyuan-mt-7b,127,59,1.3959,42.27
hunyuan-mt-7b,109,33,0.81,40.74
hunyuan-mt-7b,149,57,1.3742,41.48
hunyuan-mt-7b,90,19,0.4996,38.03
hunyuan-mt-7b,94,23,0.592,38.85
hunyuan-mt-7b,112,34,0.8285,41.04
hunyuan-mt-7b,103,36,0.8741,41.19
hunyuan-mt-7b,102,24,0.6206,38.67
hunyuan-mt-7b,128,45,1.0857,41.45
hunyuan-mt-7b,135,47,1.1414,41.18
hunyuan-mt-7b,145,54,1.3055,41.36
hunyuan-mt-7b,98,31,0.7858,39.45
hunyuan-mt-7b,214,100,2.3531,42.5
hunyuan-mt-7b,418,302,6.8112,44.34
hunyuan-mt-7b,94,56,1.3765,40.68
hunyuan-mt-7b,114,38,0.9527,39.89
hunyuan-mt-7b,78,8,0.2769,28.89
hunyuan-mt-7b,86,13,0.3841,33.84
hunyuan-mt-7b,107,39,1.0109,38.58
hunyuan-mt-7b,93,24,0.6479,37.04
hunyuan-mt-7b,92,18,0.5092,35.35
hunyuan-mt-7b,93,27,0.6988,38.64
hunyuan-mt-7b,99,22,0.6007,36.62
hunyuan-mt-7b,96,20,0.566,35.34
hunyuan-mt-7b,105,30,0.7873,38.1
hunyuan-mt-7b,202,119,2.8398,41.9
hunyuan-mt-7b,228,126,3.0291,41.6
hunyuan-mt-7b,133,48,1.2289,39.06
hunyuan-mt-7b,127,44,1.1359,38.74
hunyuan-mt-7b,95,22,0.6243,35.24
hunyuan-mt-7b,107,27,0.7527,35.87
hunyuan-mt-7b,87,14,0.3999,35.01
hunyuan-mt-7b,121,55,1.3919,39.51
hunyuan-mt-7b,131,54,1.3666,39.51
hunyuan-mt-7b,87,15,0.4097,36.61
hunyuan-mt-7b,84,15,0.4076,36.8
hunyuan-mt-7b,104,48,1.2269,39.12
hunyuan-mt-7b,106,34,0.8939,38.04
hunyuan-mt-7b,128,54,1.3714,39.38
hunyuan-mt-7b,99,31,0.7836,39.56
hunyuan-mt-7b,154,61,1.5158,40.24
hunyuan-mt-7b,96,29,0.7123,40.71
hunyuan-mt-7b,96,24,0.5801,41.37
hunyuan-mt-7b,174,86,2.0929,41.09
hunyuan-mt-7b,132,48,1.1969,40.1
hunyuan-mt-7b,133,47,1.172,40.1
hunyuan-mt-7b,135,50,1.2364,40.44
hunyuan-mt-7b,95,20,0.4728,42.3
hunyuan-mt-7b,112,36,0.8587,41.92
hunyuan-mt-7b,95,21,0.5001,41.99
hunyuan-mt-7b,137,49,1.1811,41.49
hunyuan-mt-7b,102,30,0.7044,42.59
hunyuan-mt-7b,122,40,0.9299,43.02
hunyuan-mt-7b,92,32,0.7544,42.42
hunyuan-mt-7b,104,31,0.7258,42.71
hunyuan-mt-7b,158,65,1.5048,43.19
hunyuan-mt-7b,140,48,1.0959,43.8
hunyuan-mt-7b,108,29,0.6657,43.56
hunyuan-mt-7b,206,100,2.3588,42.39
hunyuan-mt-7b,127,47,1.0768,43.65
hunyuan-mt-7b,181,102,2.4288,42.0
hunyuan-mt-7b,191,79,1.853,42.63
hunyuan-mt-7b,146,75,1.761,42.59
hunyuan-mt-7b,160,72,1.663,43.29
hunyuan-mt-7b,102,29,0.6901,42.02
hunyuan-mt-7b,126,51,1.1846,43.05
hunyuan-mt-7b,133,49,1.1443,42.82
hunyuan-mt-7b,90,17,0.4544,37.42
hunyuan-mt-7b,122,50,1.1556,43.27
hunyuan-mt-7b,187,157,3.6809,42.65
hunyuan-mt-7b,174,83,1.902,43.64
hunyuan-mt-7b,99,27,0.6692,40.35
hunyuan-mt-7b,82,35,0.8202,42.67
hunyuan-mt-7b,82,13,0.3428,37.92
hunyuan-mt-7b,105,26,0.6495,40.03
hunyuan-mt-7b,103,27,0.6899,39.13
hunyuan-mt-7b,138,65,1.4903,43.61
hunyuan-mt-7b,207,109,2.5053,43.51
hunyuan-mt-7b,186,114,2.6486,43.04
hunyuan-mt-7b,200,93,2.1103,44.07
hunyuan-mt-7b,97,30,0.7037,42.63
hunyuan-mt-7b,162,78,1.7974,43.4
hunyuan-mt-7b,153,95,2.1742,43.69
hunyuan-mt-7b,169,68,1.579,43.07
hunyuan-mt-7b,136,46,1.1094,41.47
hunyuan-mt-7b,89,20,0.5055,39.57
hunyuan-mt-7b,90,23,0.5824,39.49
hunyuan-mt-7b,84,13,0.4728,27.5
hunyuan-mt-7b,97,23,0.6715,34.25
hunyuan-mt-7b,170,79,1.9449,40.62
hunyuan-mt-7b,117,37,0.9869,37.49
hunyuan-mt-7b,89,27,0.7649,35.3
hunyuan-mt-7b,122,39,1.0708,36.42
hunyuan-mt-7b,254,121,2.9983,40.36
hunyuan-mt-7b,93,23,0.8065,28.52
hunyuan-mt-7b,161,85,2.1845,38.91
hunyuan-mt-7b,105,27,0.8767,30.8
hunyuan-mt-7b,148,63,1.7327,36.36
hunyuan-mt-7b,141,45,1.31,34.35
hunyuan-mt-7b,81,11,0.3184,34.54
hunyuan-mt-7b,150,69,1.9086,36.15
hunyuan-mt-7b,117,34,1.1237,30.26
hunyuan-mt-7b,205,109,2.7883,39.09
hunyuan-mt-7b,128,32,0.7859,40.72
hunyuan-mt-7b,304,178,4.3329,41.08
hunyuan-mt-7b,173,78,2.0385,38.26
hunyuan-mt-7b,169,83,2.1528,38.56
hunyuan-mt-7b,237,122,3.0278,40.29
hunyuan-mt-7b,125,38,0.8167,46.53
hunyuan-mt-7b,217,137,3.3349,41.08
hunyuan-mt-7b,104,28,0.6349,44.1
hunyuan-mt-7b,122,26,0.5875,44.26
hunyuan-mt-7b,243,129,3.1449,41.02
hunyuan-mt-7b,130,55,1.1837,46.47
hunyuan-mt-7b,257,132,3.1999,41.25
hunyuan-mt-7b,103,29,0.672,43.15
hunyuan-mt-7b,244,135,3.2699,41.29
hunyuan-mt-7b,252,142,3.4128,41.61
hunyuan-mt-7b,146,58,1.2683,45.73
hunyuan-mt-7b,137,54,1.1937,45.24
hunyuan-mt-7b,4079,8192,180.1114,45.48
hunyuan-mt-7b,88,24,0.4863,49.35
hunyuan-mt-7b,130,41,0.8052,50.92
hunyuan-mt-7b,87,16,0.3184,50.26
hunyuan-mt-7b,185,81,1.6302,49.69
hunyuan-mt-7b,200,91,1.8439,49.35
hunyuan-mt-7b,285,153,3.1215,49.01
hunyuan-mt-7b,104,27,0.5417,49.84
hunyuan-mt-7b,85,13,0.2883,45.09
hunyuan-mt-7b,323,174,3.5923,48.44
hunyuan-mt-7b,325,201,4.29,46.85
hunyuan-mt-7b,256,122,2.4364,50.07
hunyuan-mt-7b,270,152,3.0584,49.7
hunyuan-mt-7b,364,211,4.6087,45.78
hunyuan-mt-7b,218,109,2.1416,50.9
hunyuan-mt-7b,323,192,3.9392,48.74
hunyuan-mt-7b,415,214,4.5536,47.0
hunyuan-mt-7b,165,59,1.1672,50.55
hunyuan-mt-7b,301,170,3.4408,49.41
hunyuan-mt-7b,92,20,0.4551,43.95
hunyuan-mt-7b,107,28,0.6108,45.84
hunyuan-mt-7b,292,162,3.2419,49.97
hunyuan-mt-7b,95,37,0.7886,46.92
hunyuan-mt-7b,250,139,2.7221,51.06
hunyuan-mt-7b,415,253,5.1665,48.97
hunyuan-mt-7b,462,275,5.8272,47.19
hunyuan-mt-7b,476,280,5.9496,47.06
hunyuan-mt-7b,200,96,1.8795,51.08
hunyuan-mt-7b,503,271,5.5958,48.43
hunyuan-mt-7b,202,99,1.9405,51.02
hunyuan-mt-7b,110,32,0.6403,49.98
hunyuan-mt-7b,498,294,6.2317,47.18
hunyuan-mt-7b,362,203,3.9907,50.87
hunyuan-mt-7b,498,316,6.6284,47.67
hunyuan-mt-7b,531,308,6.3297,48.66
hunyuan-mt-7b,219,105,2.0081,52.29
hunyuan-mt-7b,530,327,6.665,49.06
hunyuan-mt-7b,298,155,2.9846,51.93
hunyuan-mt-7b,138,54,1.0364,52.1
hunyuan-mt-7b,290,166,3.1896,52.04
hunyuan-mt-7b,556,345,7.1897,47.99
hunyuan-mt-7b,402,236,4.5411,51.97
hunyuan-mt-7b,81,12,0.2784,43.11
hunyuan-mt-7b,248,127,2.4478,51.88
hunyuan-mt-7b,223,140,2.6994,51.86
hunyuan-mt-7b,190,78,1.5065,51.77
hunyuan-mt-7b,147,59,1.1323,52.11
hunyuan-mt-7b,174,80,1.4981,53.4
hunyuan-mt-7b,641,363,7.2157,50.31
hunyuan-mt-7b,147,80,1.5088,53.02
hunyuan-mt-7b,196,98,1.88,52.13
hunyuan-mt-7b,226,111,2.1299,52.11
hunyuan-mt-7b,608,383,7.8884,48.55
hunyuan-mt-7b,259,143,2.7189,52.59
hunyuan-mt-7b,205,97,1.8603,52.14
hunyuan-mt-7b,268,179,3.4554,51.8
hunyuan-mt-7b,144,56,1.133,49.43
hunyuan-mt-7b,88,17,0.3963,42.9
hunyuan-mt-7b,97,22,0.4677,47.03
hunyuan-mt-7b,88,15,0.3143,47.72
hunyuan-mt-7b,309,171,3.2655,52.37
hunyuan-mt-7b,646,406,7.9787,50.89
hunyuan-mt-7b,130,43,0.8298,51.82
hunyuan-mt-7b,338,216,4.1114,52.54
hunyuan-mt-7b,432,203,3.8505,52.72
hunyuan-mt-7b,211,100,1.9302,51.81
hunyuan-mt-7b,208,91,1.7369,52.39
hunyuan-mt-7b,181,82,1.5673,52.32
hunyuan-mt-7b,138,50,0.9435,52.99
hunyuan-mt-7b,439,253,4.8187,52.5
hunyuan-mt-7b,300,176,3.3437,52.64
hunyuan-mt-7b,322,205,3.8731,52.93
hunyuan-mt-7b,359,223,4.229,52.73
hunyuan-mt-7b,182,83,1.6229,51.14
hunyuan-mt-7b,232,120,2.3178,51.77
hunyuan-mt-7b,247,131,2.5255,51.87
hunyuan-mt-7b,150,60,1.1469,52.32
hunyuan-mt-7b,179,69,1.3167,52.4
hunyuan-mt-7b,362,196,3.7162,52.74
hunyuan-mt-7b,134,49,0.9661,50.72
hunyuan-mt-7b,461,294,5.6072,52.43
hunyuan-mt-7b,765,477,9.5169,50.12
hunyuan-mt-7b,263,131,2.4961,52.48
hunyuan-mt-7b,79,10,0.228,43.86
hunyuan-mt-7b,220,112,2.1622,51.8
hunyuan-mt-7b,135,49,0.9604,51.02
hunyuan-mt-7b,208,101,1.923,52.52
hunyuan-mt-7b,101,24,0.4793,50.08
hunyuan-mt-7b,300,158,3.0258,52.22
hunyuan-mt-7b,169,72,1.4026,51.33
hunyuan-mt-7b,166,61,1.1931,51.13
hunyuan-mt-7b,346,191,3.6375,52.51
hunyuan-mt-7b,97,29,0.5863,49.47
hunyuan-mt-7b,104,30,0.5974,50.22
hunyuan-mt-7b,135,49,0.9535,51.39
hunyuan-mt-7b,361,185,3.5418,52.23
hunyuan-mt-7b,152,63,1.2261,51.38
hunyuan-mt-7b,103,29,0.5785,50.13
hunyuan-mt-7b,107,32,0.6329,50.56
hunyuan-mt-7b,218,100,1.9294,51.83
hunyuan-mt-7b,272,150,2.8491,52.65
hunyuan-mt-7b,134,43,0.8445,50.92
hunyuan-mt-7b,134,48,0.9354,51.31
hunyuan-mt-7b,201,94,1.8046,52.09
hunyuan-mt-7b,298,191,3.618,52.79
hunyuan-mt-7b,146,57,1.1041,51.63
hunyuan-mt-7b,146,62,1.1901,52.09
hunyuan-mt-7b,280,166,3.139,52.88
hunyuan-mt-7b,201,96,1.8456,52.02
hunyuan-mt-7b,79,10,0.223,44.83
hunyuan-mt-7b,199,95,1.8094,52.5
hunyuan-mt-7b,255,149,2.8188,52.86
hunyuan-mt-7b,80,9,0.2266,39.72
hunyuan-mt-7b,230,106,2.0488,51.74
hunyuan-mt-7b,142,53,1.031,51.41
hunyuan-mt-7b,168,65,1.2677,51.27
hunyuan-mt-7b,164,72,1.4003,51.42
hunyuan-mt-7b,114,39,0.8031,48.56
hunyuan-mt-7b,318,186,3.5815,51.93
hunyuan-mt-7b,158,63,1.2495,50.42
hunyuan-mt-7b,164,68,1.3326,51.03
hunyuan-mt-7b,95,20,0.4354,45.94
hunyuan-mt-7b,344,191,3.6299,52.62
hunyuan-mt-7b,151,61,1.2055,50.6
hunyuan-mt-7b,103,28,0.5915,47.34
hunyuan-mt-7b,101,27,0.5646,47.82
hunyuan-mt-7b,105,28,0.5811,48.19
hunyuan-mt-7b,191,84,1.6518,50.85
hunyuan-mt-7b,139,52,1.055,49.29
hunyuan-mt-7b,147,63,1.2447,50.61
hunyuan-mt-7b,174,88,1.7085,51.51
hunyuan-mt-7b,130,43,0.897,47.94
hunyuan-mt-7b,246,148,2.8737,51.5
hunyuan-mt-7b,172,67,1.3508,49.6
hunyuan-mt-7b,166,70,1.4216,49.24
hunyuan-mt-7b,113,33,0.7071,46.67
hunyuan-mt-7b,164,69,1.4144,48.78
hunyuan-mt-7b,202,96,1.9165,50.09
hunyuan-mt-7b,175,77,1.5727,48.96
hunyuan-mt-7b,241,131,2.5641,51.09
hunyuan-mt-7b,161,69,1.3642,50.58
hunyuan-mt-7b,171,76,1.5097,50.34
hunyuan-mt-7b,297,159,3.0945,51.38
hunyuan-mt-7b,147,57,1.1519,49.48
hunyuan-mt-7b,158,61,1.2292,49.63
hunyuan-mt-7b,126,47,0.9794,47.99
hunyuan-mt-7b,340,195,3.7545,51.94
hunyuan-mt-7b,160,62,1.2056,51.42
hunyuan-mt-7b,212,100,1.9349,51.68
hunyuan-mt-7b,221,109,2.115,51.54
hunyuan-mt-7b,167,81,1.5736,51.48
hunyuan-mt-7b,408,244,4.6719,52.23
hunyuan-mt-7b,139,52,0.9767,53.24
hunyuan-mt-7b,220,112,2.143,52.26
hunyuan-mt-7b,258,128,2.4538,52.16
hunyuan-mt-7b,205,82,1.5248,53.78
hunyuan-mt-7b,326,193,3.6888,52.32
hunyuan-mt-7b,219,104,2.0025,51.93
hunyuan-mt-7b,159,74,1.3863,53.38
hunyuan-mt-7b,165,70,1.3069,53.56
hunyuan-mt-7b,166,71,1.3116,54.13
hunyuan-mt-7b,116,32,0.6268,51.06
hunyuan-mt-7b,109,32,0.628,50.96
hunyuan-mt-7b,242,122,2.3179,52.63
hunyuan-mt-7b,229,111,2.086,53.21
hunyuan-mt-7b,191,85,1.6034,53.01
hunyuan-mt-7b,141,53,1.0255,51.68
hunyuan-mt-7b,237,133,2.5328,52.51
hunyuan-mt-7b,360,204,3.902,52.28
hunyuan-mt-7b,265,139,2.6306,52.84
hunyuan-mt-7b,159,72,1.3438,53.58
hunyuan-mt-7b,219,109,2.007,54.31
hunyuan-mt-7b,338,194,3.6527,53.11
hunyuan-mt-7b,185,83,1.5135,54.84
hunyuan-mt-7b,185,76,1.3926,54.57
hunyuan-mt-7b,323,170,3.171,53.61
hunyuan-mt-7b,123,44,0.7911,55.62
hunyuan-mt-7b,270,167,3.0969,53.92
hunyuan-mt-7b,314,178,3.28,54.27
hunyuan-mt-7b,178,94,1.6747,56.13
hunyuan-mt-7b,132,50,0.8602,58.13
hunyuan-mt-7b,151,60,0.9951,60.3
hunyuan-mt-7b,172,90,1.5405,58.42
hunyuan-mt-7b,284,178,3.0773,57.84
hunyuan-mt-7b,176,78,1.1889,65.61
hunyuan-mt-7b,253,130,2.0578,63.17
hunyuan-mt-7b,403,222,3.7536,59.14
hunyuan-mt-7b,472,275,4.8173,57.09
hunyuan-mt-7b,276,171,2.7738,61.65
hunyuan-mt-7b,380,231,3.8347,60.24
hunyuan-mt-7b,265,148,2.2331,66.28
hunyuan-mt-7b,379,244,3.9104,62.4
hunyuan-mt-7b,378,254,3.8902,65.29
hunyuan-mt-7b,384,190,2.6812,70.86
hunyuan-mt-7b,387,203,2.7875,72.83
hunyuan-mt-7b,433,265,3.702,71.58
